-- phpMyAdmin SQL Dump
-- version 4.4.13.1deb1
-- http://www.phpmyadmin.net
--
-- Host: localhost
-- Generation Time: Apr 13, 2016 at 08:27 PM
-- Server version: 5.6.28-0ubuntu0.15.10.1
-- PHP Version: 5.6.11-1ubuntu3.1

SET SQL_MODE = "NO_AUTO_VALUE_ON_ZERO";
SET time_zone = "+00:00";


/*!40101 SET @OLD_CHARACTER_SET_CLIENT=@@CHARACTER_SET_CLIENT */;
/*!40101 SET @OLD_CHARACTER_SET_RESULTS=@@CHARACTER_SET_RESULTS */;
/*!40101 SET @OLD_COLLATION_CONNECTION=@@COLLATION_CONNECTION */;
/*!40101 SET NAMES utf8mb4 */;

--
-- Database: `Attendance`
--

DELIMITER $$
--
-- Procedures
--
CREATE DEFINER=`root`@`localhost` PROCEDURE `GetClassReport`(IN `startDate` DATE, IN `endDate` DATE, IN `classId` INT(10))
    NO SQL
(select 
 `Attendance`.`Student`.`RollNo` AS `RollNo`,
 `Attendance`.`Record`.`SubjectId` AS `SubjectId`,
 
COUNT(CASE WHEN Record.PA = 0x01 then 1 ELSE NULL END) as "Pres",
COUNT(CASE WHEN Record.PA = 0x00 then 1 ELSE NULL END) as "Abs"
 
 from (`Attendance`.`Student` 
       join `Attendance`.`Record` 
       on(((
           `Attendance`.`Student`.`StudentId` = `Attendance`.`Record`.`StudentId`
       ) 
           AND Student.ClassId = classId 
           AND Record.Date BETWEEN startDate AND endDate))) 
 group by `Attendance`.`Record`.`SubjectId`,`Attendance`.`Record`.`StudentId`)
 ORDER BY RollNo, SubjectId ASC$$

CREATE DEFINER=`root`@`localhost` PROCEDURE `GetStudentReport`(IN `class` INT, IN `rollno` INT)
    NO SQL
(select 
 `Attendance`.`Record`.`SubjectId` AS `SubjectId`,
 
COUNT(CASE WHEN Record.PA = 0x01 then 1 ELSE NULL END) as "Pres",
COUNT(CASE WHEN Record.PA = 0x00 then 1 ELSE NULL END) as "Abs"
 
 from (`Attendance`.`Student` 
       join `Attendance`.`Record` 
       on(((
           `Attendance`.`Student`.`StudentId` = `Attendance`.`Record`.`StudentId`
       ) 
           AND Student.ClassId = classId 
           AND Student.RollNo = rollno
          ))) 
 group by `Attendance`.`Record`.`SubjectId`)
 ORDER BY SubjectId ASC$$

CREATE DEFINER=`root`@`localhost` PROCEDURE `GetSubjectReport`(IN `startDate` DATE, IN `endDate` DATE, IN `classId` INT, IN `subjectId` INT)
    NO SQL
(select 
 `Attendance`.`Student`.`RollNo` AS `RollNo`,
 
COUNT(CASE WHEN Record.PA = 0x01 then 1 ELSE NULL END) as "Pres",
COUNT(CASE WHEN Record.PA = 0x00 then 1 ELSE NULL END) as "Abs"
 
 from (`Attendance`.`Student` 
       join `Attendance`.`Record` 
       on(((
           `Attendance`.`Student`.`StudentId` = `Attendance`.`Record`.`StudentId`
       ) 
           AND Student.ClassId = classId 
           AND Record.SubjectId = subjectId
           AND Record.Date BETWEEN startDate AND endDate))) 
 group by `Attendance`.`Record`.`SubjectId`,`Attendance`.`Record`.`StudentId`)
 ORDER BY RollNo ASC$$

CREATE DEFINER=`root`@`localhost` PROCEDURE `GetSubjects`(IN `startDate` DATE, IN `endDate` DATE, IN `classId` INT)
    NO SQL
SELECT s.Name, s.SubjectId 
FROM Subjects as s
Where 
EXISTS 
(SELECT * FROM Record WHERE Record.Date BETWEEN startDate AND endDate
AND Record.SubjectId = s.SubjectId)
ORDER BY SubjectId$$

DELIMITER ;

-- --------------------------------------------------------

--
-- Table structure for table `Class`
--

CREATE TABLE IF NOT EXISTS `Class` (
  `ClassId` int(10) NOT NULL,
  `Name` varchar(10) NOT NULL,
  `DeptId` int(10) NOT NULL
) ENGINE=InnoDB AUTO_INCREMENT=7 DEFAULT CHARSET=latin1;

--
-- Dumping data for table `Class`
--

INSERT INTO `Class` (`ClassId`, `Name`, `DeptId`) VALUES
(1, 'D10', 1),
(2, 'D15', 1),
(3, 'D7A', 2),
(4, 'D7B', 2),
(5, 'D20', 1),
(6, 'D9A', 3);

-- --------------------------------------------------------

--
-- Table structure for table `Department`
--

CREATE TABLE IF NOT EXISTS `Department` (
  `DeptId` int(10) NOT NULL,
  `Name` varchar(20) NOT NULL
) ENGINE=InnoDB AUTO_INCREMENT=4 DEFAULT CHARSET=latin1;

--
-- Dumping data for table `Department`
--

INSERT INTO `Department` (`DeptId`, `Name`) VALUES
(1, 'IT'),
(2, 'COMPS'),
(3, 'EXTC');

-- --------------------------------------------------------

--
-- Stand-in structure for view `NOL`
--
CREATE TABLE IF NOT EXISTS `NOL` (
`Name` varchar(20)
,`ClassId` int(10)
,`SubjectId` int(10)
,`nooflect` bigint(21)
);

-- --------------------------------------------------------

--
-- Table structure for table `Record`
--

CREATE TABLE IF NOT EXISTS `Record` (
  `Date` date NOT NULL,
  `StudentId` int(10) NOT NULL,
  `SubjectId` int(10) NOT NULL,
  `PA` bit(1) NOT NULL
) ENGINE=InnoDB DEFAULT CHARSET=latin1;

--
-- Dumping data for table `Record`
--

INSERT INTO `Record` (`Date`, `StudentId`, `SubjectId`, `PA`) VALUES
('2016-03-03', 79, 1, b'1'),
('2016-03-03', 79, 2, b'1'),
('2016-03-03', 80, 1, b'1'),
('2016-03-03', 80, 2, b'0'),
('2016-03-03', 81, 1, b'1'),
('2016-03-03', 81, 2, b'1'),
('2016-03-03', 82, 1, b'1'),
('2016-03-03', 82, 2, b'1'),
('2016-03-03', 83, 1, b'1'),
('2016-03-03', 83, 2, b'1'),
('2016-03-03', 84, 1, b'1'),
('2016-03-03', 84, 2, b'1'),
('2016-03-03', 85, 1, b'1'),
('2016-03-03', 85, 2, b'1'),
('2016-03-03', 86, 1, b'1'),
('2016-03-03', 86, 2, b'0'),
('2016-03-03', 87, 1, b'1'),
('2016-03-03', 87, 2, b'1'),
('2016-03-03', 88, 1, b'1'),
('2016-03-03', 88, 2, b'0'),
('2016-03-03', 89, 1, b'1'),
('2016-03-03', 89, 2, b'1'),
('2016-03-03', 90, 1, b'1'),
('2016-03-03', 90, 2, b'1'),
('2016-03-03', 91, 1, b'1'),
('2016-03-03', 91, 2, b'1'),
('2016-03-03', 92, 1, b'1'),
('2016-03-03', 92, 2, b'1'),
('2016-03-03', 93, 1, b'1'),
('2016-03-03', 93, 2, b'1'),
('2016-03-03', 94, 1, b'1'),
('2016-03-03', 94, 2, b'1'),
('2016-03-03', 95, 1, b'1'),
('2016-03-03', 95, 2, b'1'),
('2016-03-03', 96, 1, b'1'),
('2016-03-03', 96, 2, b'1'),
('2016-03-03', 97, 1, b'1'),
('2016-03-03', 97, 2, b'1'),
('2016-03-03', 98, 1, b'1'),
('2016-03-03', 98, 2, b'1'),
('2016-03-03', 99, 1, b'1'),
('2016-03-03', 99, 2, b'1'),
('2016-03-03', 100, 1, b'1'),
('2016-03-03', 100, 2, b'1'),
('2016-03-03', 101, 1, b'1'),
('2016-03-03', 101, 2, b'1'),
('2016-03-03', 102, 1, b'1'),
('2016-03-03', 102, 2, b'1'),
('2016-03-03', 103, 1, b'1'),
('2016-03-03', 103, 2, b'1'),
('2016-03-03', 104, 1, b'1'),
('2016-03-03', 104, 2, b'1'),
('2016-03-03', 105, 1, b'1'),
('2016-03-03', 105, 2, b'1'),
('2016-03-03', 106, 1, b'1'),
('2016-03-03', 106, 2, b'1'),
('2016-03-03', 107, 1, b'1'),
('2016-03-03', 107, 2, b'1'),
('2016-03-03', 108, 1, b'1'),
('2016-03-03', 108, 2, b'1'),
('2016-03-03', 109, 1, b'1'),
('2016-03-03', 109, 2, b'1'),
('2016-03-03', 110, 1, b'1'),
('2016-03-03', 110, 2, b'1'),
('2016-03-03', 111, 1, b'1'),
('2016-03-03', 111, 2, b'1'),
('2016-03-03', 112, 1, b'1'),
('2016-03-03', 112, 2, b'1'),
('2016-03-03', 113, 1, b'1'),
('2016-03-03', 113, 2, b'0'),
('2016-03-03', 114, 1, b'1'),
('2016-03-03', 114, 2, b'1'),
('2016-03-03', 115, 1, b'1'),
('2016-03-03', 115, 2, b'1'),
('2016-03-03', 116, 1, b'1'),
('2016-03-03', 116, 2, b'0'),
('2016-03-03', 117, 1, b'1'),
('2016-03-03', 117, 2, b'1'),
('2016-03-03', 118, 1, b'1'),
('2016-03-03', 118, 2, b'0'),
('2016-03-03', 119, 1, b'1'),
('2016-03-03', 119, 2, b'1'),
('2016-03-03', 120, 1, b'1'),
('2016-03-03', 120, 2, b'1'),
('2016-03-03', 121, 1, b'1'),
('2016-03-03', 121, 2, b'1'),
('2016-03-03', 122, 1, b'1'),
('2016-03-03', 122, 2, b'1'),
('2016-03-03', 123, 1, b'1'),
('2016-03-03', 123, 2, b'1'),
('2016-03-03', 124, 1, b'1'),
('2016-03-03', 124, 2, b'1'),
('2016-03-03', 125, 1, b'1'),
('2016-03-03', 125, 2, b'1'),
('2016-03-03', 126, 1, b'1'),
('2016-03-03', 126, 2, b'1'),
('2016-03-03', 127, 1, b'1'),
('2016-03-03', 127, 2, b'1'),
('2016-03-03', 128, 1, b'1'),
('2016-03-03', 128, 2, b'1'),
('2016-03-03', 129, 1, b'1'),
('2016-03-03', 129, 2, b'1'),
('2016-03-03', 130, 1, b'1'),
('2016-03-03', 130, 2, b'1'),
('2016-03-03', 131, 1, b'1'),
('2016-03-03', 131, 2, b'1'),
('2016-03-03', 132, 1, b'1'),
('2016-03-03', 132, 2, b'1'),
('2016-03-03', 133, 1, b'1'),
('2016-03-03', 133, 2, b'1'),
('2016-03-03', 134, 1, b'1'),
('2016-03-03', 134, 2, b'1'),
('2016-03-03', 135, 1, b'1'),
('2016-03-03', 135, 2, b'1'),
('2016-03-03', 136, 1, b'1'),
('2016-03-03', 136, 2, b'1'),
('2016-03-03', 137, 1, b'1'),
('2016-03-03', 137, 2, b'1'),
('2016-03-03', 138, 1, b'1'),
('2016-03-03', 138, 2, b'1'),
('2016-03-03', 139, 1, b'1'),
('2016-03-03', 139, 2, b'1'),
('2016-03-03', 140, 1, b'1'),
('2016-03-03', 140, 2, b'0'),
('2016-03-03', 141, 1, b'1'),
('2016-03-03', 141, 2, b'1'),
('2016-03-03', 142, 1, b'1'),
('2016-03-03', 142, 2, b'1'),
('2016-03-03', 143, 1, b'1'),
('2016-03-03', 143, 2, b'0'),
('2016-03-03', 144, 1, b'1'),
('2016-03-03', 144, 2, b'1'),
('2016-03-03', 145, 1, b'1'),
('2016-03-03', 145, 2, b'1'),
('2016-03-03', 146, 1, b'1'),
('2016-03-03', 146, 2, b'1'),
('2016-03-03', 147, 1, b'1'),
('2016-03-03', 147, 2, b'1'),
('2016-03-03', 148, 1, b'1'),
('2016-03-03', 148, 2, b'0'),
('2016-03-03', 149, 1, b'1'),
('2016-03-03', 149, 2, b'1'),
('2016-03-03', 150, 1, b'1'),
('2016-03-03', 150, 2, b'0'),
('2016-03-03', 151, 1, b'1'),
('2016-03-03', 151, 2, b'1'),
('2016-03-03', 152, 1, b'1'),
('2016-03-03', 152, 2, b'1'),
('2016-03-03', 153, 1, b'1'),
('2016-03-03', 153, 2, b'1'),
('2016-03-03', 154, 1, b'1'),
('2016-03-03', 154, 2, b'0'),
('2016-03-03', 155, 1, b'1'),
('2016-03-03', 155, 2, b'1'),
('2016-03-03', 156, 1, b'1'),
('2016-03-03', 156, 2, b'1'),
('2016-03-04', 79, 1, b'0'),
('2016-03-04', 80, 1, b'1'),
('2016-03-04', 81, 1, b'1'),
('2016-03-04', 82, 1, b'1'),
('2016-03-04', 83, 1, b'0'),
('2016-03-04', 84, 1, b'1'),
('2016-03-04', 85, 1, b'0'),
('2016-03-04', 86, 1, b'1'),
('2016-03-04', 87, 1, b'0'),
('2016-03-04', 88, 1, b'1'),
('2016-03-04', 89, 1, b'1'),
('2016-03-04', 90, 1, b'1'),
('2016-03-04', 91, 1, b'1'),
('2016-03-04', 92, 1, b'1'),
('2016-03-04', 93, 1, b'1'),
('2016-03-04', 94, 1, b'1'),
('2016-03-04', 95, 1, b'1'),
('2016-03-04', 96, 1, b'1'),
('2016-03-04', 97, 1, b'1'),
('2016-03-04', 98, 1, b'1'),
('2016-03-04', 99, 1, b'1'),
('2016-03-04', 100, 1, b'1'),
('2016-03-04', 101, 1, b'1'),
('2016-03-04', 102, 1, b'1'),
('2016-03-04', 103, 1, b'1'),
('2016-03-04', 104, 1, b'1'),
('2016-03-04', 105, 1, b'1'),
('2016-03-04', 106, 1, b'1'),
('2016-03-04', 107, 1, b'1'),
('2016-03-04', 108, 1, b'1'),
('2016-03-04', 109, 1, b'0'),
('2016-03-04', 110, 1, b'1'),
('2016-03-04', 111, 1, b'0'),
('2016-03-04', 112, 1, b'1'),
('2016-03-04', 113, 1, b'1'),
('2016-03-04', 114, 1, b'0'),
('2016-03-04', 115, 1, b'1'),
('2016-03-04', 116, 1, b'1'),
('2016-03-04', 117, 1, b'0'),
('2016-03-04', 118, 1, b'1'),
('2016-03-04', 119, 1, b'1'),
('2016-03-04', 120, 1, b'1'),
('2016-03-04', 121, 1, b'1'),
('2016-03-04', 122, 1, b'1'),
('2016-03-04', 123, 1, b'1'),
('2016-03-04', 124, 1, b'1'),
('2016-03-04', 125, 1, b'1'),
('2016-03-04', 126, 1, b'1'),
('2016-03-04', 127, 1, b'1'),
('2016-03-04', 128, 1, b'1'),
('2016-03-04', 129, 1, b'1'),
('2016-03-04', 130, 1, b'0'),
('2016-03-04', 131, 1, b'1'),
('2016-03-04', 132, 1, b'1'),
('2016-03-04', 133, 1, b'0'),
('2016-03-04', 134, 1, b'1'),
('2016-03-04', 135, 1, b'1'),
('2016-03-04', 136, 1, b'1'),
('2016-03-04', 137, 1, b'0'),
('2016-03-04', 138, 1, b'1'),
('2016-03-04', 139, 1, b'1'),
('2016-03-04', 140, 1, b'1'),
('2016-03-04', 141, 1, b'1'),
('2016-03-04', 142, 1, b'1'),
('2016-03-04', 143, 1, b'1'),
('2016-03-04', 144, 1, b'1'),
('2016-03-04', 145, 1, b'1'),
('2016-03-04', 146, 1, b'1'),
('2016-03-04', 147, 1, b'1'),
('2016-03-04', 148, 1, b'1'),
('2016-03-04', 149, 1, b'1'),
('2016-03-04', 150, 1, b'1'),
('2016-03-04', 151, 1, b'0'),
('2016-03-04', 152, 1, b'1'),
('2016-03-04', 153, 1, b'1'),
('2016-03-04', 154, 1, b'0'),
('2016-03-04', 155, 1, b'1'),
('2016-03-04', 156, 1, b'1'),
('2016-03-08', 79, 1, b'0'),
('2016-03-08', 79, 2, b'1'),
('2016-03-08', 80, 1, b'1'),
('2016-03-08', 80, 2, b'0'),
('2016-03-08', 81, 1, b'0'),
('2016-03-08', 81, 2, b'1'),
('2016-03-08', 82, 1, b'1'),
('2016-03-08', 82, 2, b'1'),
('2016-03-08', 83, 1, b'1'),
('2016-03-08', 83, 2, b'1'),
('2016-03-08', 84, 1, b'1'),
('2016-03-08', 84, 2, b'1'),
('2016-03-08', 85, 1, b'1'),
('2016-03-08', 85, 2, b'1'),
('2016-03-08', 86, 1, b'0'),
('2016-03-08', 86, 2, b'0'),
('2016-03-08', 87, 1, b'1'),
('2016-03-08', 87, 2, b'1'),
('2016-03-08', 88, 1, b'1'),
('2016-03-08', 88, 2, b'1'),
('2016-03-08', 89, 1, b'1'),
('2016-03-08', 89, 2, b'1'),
('2016-03-08', 90, 1, b'0'),
('2016-03-08', 90, 2, b'1'),
('2016-03-08', 91, 1, b'1'),
('2016-03-08', 91, 2, b'1'),
('2016-03-08', 92, 1, b'1'),
('2016-03-08', 92, 2, b'1'),
('2016-03-08', 93, 1, b'1'),
('2016-03-08', 93, 2, b'1'),
('2016-03-08', 94, 1, b'0'),
('2016-03-08', 94, 2, b'1'),
('2016-03-08', 95, 1, b'1'),
('2016-03-08', 95, 2, b'1'),
('2016-03-08', 96, 1, b'1'),
('2016-03-08', 96, 2, b'1'),
('2016-03-08', 97, 1, b'0'),
('2016-03-08', 97, 2, b'1'),
('2016-03-08', 98, 1, b'1'),
('2016-03-08', 98, 2, b'1'),
('2016-03-08', 99, 1, b'1'),
('2016-03-08', 99, 2, b'1'),
('2016-03-08', 100, 1, b'0'),
('2016-03-08', 100, 2, b'1'),
('2016-03-08', 101, 1, b'1'),
('2016-03-08', 101, 2, b'1'),
('2016-03-08', 102, 1, b'1'),
('2016-03-08', 102, 2, b'1'),
('2016-03-08', 103, 1, b'0'),
('2016-03-08', 103, 2, b'1'),
('2016-03-08', 104, 1, b'1'),
('2016-03-08', 104, 2, b'1'),
('2016-03-08', 105, 1, b'0'),
('2016-03-08', 105, 2, b'1'),
('2016-03-08', 106, 1, b'1'),
('2016-03-08', 106, 2, b'1'),
('2016-03-08', 107, 1, b'0'),
('2016-03-08', 107, 2, b'1'),
('2016-03-08', 108, 1, b'1'),
('2016-03-08', 108, 2, b'1'),
('2016-03-08', 109, 1, b'1'),
('2016-03-08', 109, 2, b'1'),
('2016-03-08', 110, 1, b'0'),
('2016-03-08', 110, 2, b'0'),
('2016-03-08', 111, 1, b'1'),
('2016-03-08', 111, 2, b'1'),
('2016-03-08', 112, 1, b'1'),
('2016-03-08', 112, 2, b'1'),
('2016-03-08', 113, 1, b'0'),
('2016-03-08', 113, 2, b'1'),
('2016-03-08', 114, 1, b'1'),
('2016-03-08', 114, 2, b'1'),
('2016-03-08', 115, 1, b'0'),
('2016-03-08', 115, 2, b'1'),
('2016-03-08', 116, 1, b'1'),
('2016-03-08', 116, 2, b'0'),
('2016-03-08', 117, 1, b'0'),
('2016-03-08', 117, 2, b'1'),
('2016-03-08', 118, 1, b'0'),
('2016-03-08', 118, 2, b'1'),
('2016-03-08', 119, 1, b'1'),
('2016-03-08', 119, 2, b'1'),
('2016-03-08', 120, 1, b'1'),
('2016-03-08', 120, 2, b'1'),
('2016-03-08', 121, 1, b'1'),
('2016-03-08', 121, 2, b'1'),
('2016-03-08', 122, 1, b'1'),
('2016-03-08', 122, 2, b'1'),
('2016-03-08', 123, 1, b'1'),
('2016-03-08', 123, 2, b'1'),
('2016-03-08', 124, 1, b'1'),
('2016-03-08', 124, 2, b'1'),
('2016-03-08', 125, 1, b'1'),
('2016-03-08', 125, 2, b'1'),
('2016-03-08', 126, 1, b'1'),
('2016-03-08', 126, 2, b'1'),
('2016-03-08', 127, 1, b'1'),
('2016-03-08', 127, 2, b'1'),
('2016-03-08', 128, 1, b'1'),
('2016-03-08', 128, 2, b'1'),
('2016-03-08', 129, 1, b'0'),
('2016-03-08', 129, 2, b'1'),
('2016-03-08', 130, 1, b'0'),
('2016-03-08', 130, 2, b'1'),
('2016-03-08', 131, 1, b'0'),
('2016-03-08', 131, 2, b'1'),
('2016-03-08', 132, 1, b'0'),
('2016-03-08', 132, 2, b'1'),
('2016-03-08', 133, 1, b'1'),
('2016-03-08', 133, 2, b'1'),
('2016-03-08', 134, 1, b'1'),
('2016-03-08', 134, 2, b'1'),
('2016-03-08', 135, 1, b'0'),
('2016-03-08', 135, 2, b'1'),
('2016-03-08', 136, 1, b'1'),
('2016-03-08', 136, 2, b'1'),
('2016-03-08', 137, 1, b'0'),
('2016-03-08', 137, 2, b'1'),
('2016-03-08', 138, 1, b'1'),
('2016-03-08', 138, 2, b'1'),
('2016-03-08', 139, 1, b'1'),
('2016-03-08', 139, 2, b'0'),
('2016-03-08', 140, 1, b'0'),
('2016-03-08', 140, 2, b'1'),
('2016-03-08', 141, 1, b'1'),
('2016-03-08', 141, 2, b'0'),
('2016-03-08', 142, 1, b'1'),
('2016-03-08', 142, 2, b'1'),
('2016-03-08', 143, 1, b'1'),
('2016-03-08', 143, 2, b'1'),
('2016-03-08', 144, 1, b'0'),
('2016-03-08', 144, 2, b'1'),
('2016-03-08', 145, 1, b'1'),
('2016-03-08', 145, 2, b'1'),
('2016-03-08', 146, 1, b'0'),
('2016-03-08', 146, 2, b'1'),
('2016-03-08', 147, 1, b'1'),
('2016-03-08', 147, 2, b'0'),
('2016-03-08', 148, 1, b'0'),
('2016-03-08', 148, 2, b'1'),
('2016-03-08', 149, 1, b'1'),
('2016-03-08', 149, 2, b'1'),
('2016-03-08', 150, 1, b'0'),
('2016-03-08', 150, 2, b'1'),
('2016-03-08', 151, 1, b'1'),
('2016-03-08', 151, 2, b'1'),
('2016-03-08', 152, 1, b'0'),
('2016-03-08', 152, 2, b'1'),
('2016-03-08', 153, 1, b'0'),
('2016-03-08', 153, 2, b'1'),
('2016-03-08', 154, 1, b'0'),
('2016-03-08', 154, 2, b'1'),
('2016-03-08', 155, 1, b'1'),
('2016-03-08', 155, 2, b'1'),
('2016-03-08', 156, 1, b'0'),
('2016-03-08', 156, 2, b'1'),
('2016-03-09', 79, 1, b'1'),
('2016-03-09', 80, 1, b'1'),
('2016-03-09', 81, 1, b'0'),
('2016-03-09', 82, 1, b'1'),
('2016-03-09', 83, 1, b'0'),
('2016-03-09', 84, 1, b'1'),
('2016-03-09', 85, 1, b'1'),
('2016-03-09', 86, 1, b'0'),
('2016-03-09', 87, 1, b'1'),
('2016-03-09', 88, 1, b'0'),
('2016-03-09', 89, 1, b'1'),
('2016-03-09', 90, 1, b'1'),
('2016-03-09', 91, 1, b'0'),
('2016-03-09', 92, 1, b'1'),
('2016-03-09', 93, 1, b'1'),
('2016-03-09', 94, 1, b'0'),
('2016-03-09', 95, 1, b'1'),
('2016-03-09', 96, 1, b'0'),
('2016-03-09', 97, 1, b'1'),
('2016-03-09', 98, 1, b'0'),
('2016-03-09', 99, 1, b'0'),
('2016-03-09', 100, 1, b'1'),
('2016-03-09', 101, 1, b'0'),
('2016-03-09', 102, 1, b'1'),
('2016-03-09', 103, 1, b'1'),
('2016-03-09', 104, 1, b'1'),
('2016-03-09', 105, 1, b'0'),
('2016-03-09', 106, 1, b'1'),
('2016-03-09', 107, 1, b'0'),
('2016-03-09', 108, 1, b'1'),
('2016-03-09', 109, 1, b'0'),
('2016-03-09', 110, 1, b'1'),
('2016-03-09', 111, 1, b'1'),
('2016-03-09', 112, 1, b'0'),
('2016-03-09', 113, 1, b'1'),
('2016-03-09', 114, 1, b'1'),
('2016-03-09', 115, 1, b'0'),
('2016-03-09', 116, 1, b'1'),
('2016-03-09', 117, 1, b'1'),
('2016-03-09', 118, 1, b'0'),
('2016-03-09', 119, 1, b'1'),
('2016-03-09', 120, 1, b'1'),
('2016-03-09', 121, 1, b'1'),
('2016-03-09', 122, 1, b'0'),
('2016-03-09', 123, 1, b'1'),
('2016-03-09', 124, 1, b'1'),
('2016-03-09', 125, 1, b'1'),
('2016-03-09', 126, 1, b'0'),
('2016-03-09', 127, 1, b'1'),
('2016-03-09', 128, 1, b'0'),
('2016-03-09', 129, 1, b'0'),
('2016-03-09', 130, 1, b'1'),
('2016-03-09', 131, 1, b'1'),
('2016-03-09', 132, 1, b'1'),
('2016-03-09', 133, 1, b'0'),
('2016-03-09', 134, 1, b'1'),
('2016-03-09', 135, 1, b'1'),
('2016-03-09', 136, 1, b'0'),
('2016-03-09', 137, 1, b'1'),
('2016-03-09', 138, 1, b'0'),
('2016-03-09', 139, 1, b'1'),
('2016-03-09', 140, 1, b'0'),
('2016-03-09', 141, 1, b'1'),
('2016-03-09', 142, 1, b'0'),
('2016-03-09', 143, 1, b'1'),
('2016-03-09', 144, 1, b'1'),
('2016-03-09', 145, 1, b'0'),
('2016-03-09', 146, 1, b'1'),
('2016-03-09', 147, 1, b'1'),
('2016-03-09', 148, 1, b'0'),
('2016-03-09', 149, 1, b'1'),
('2016-03-09', 150, 1, b'0'),
('2016-03-09', 151, 1, b'1'),
('2016-03-09', 152, 1, b'1'),
('2016-03-09', 153, 1, b'1'),
('2016-03-09', 154, 1, b'0'),
('2016-03-09', 155, 1, b'1'),
('2016-03-09', 156, 1, b'0'),
('2016-03-10', 79, 1, b'0'),
('2016-03-10', 80, 1, b'1'),
('2016-03-10', 81, 1, b'1'),
('2016-03-10', 82, 1, b'0'),
('2016-03-10', 83, 1, b'1'),
('2016-03-10', 84, 1, b'1'),
('2016-03-10', 85, 1, b'0'),
('2016-03-10', 86, 1, b'1'),
('2016-03-10', 87, 1, b'0'),
('2016-03-10', 88, 1, b'1'),
('2016-03-10', 89, 1, b'1'),
('2016-03-10', 90, 1, b'0'),
('2016-03-10', 91, 1, b'1'),
('2016-03-10', 92, 1, b'1'),
('2016-03-10', 93, 1, b'1'),
('2016-03-10', 94, 1, b'0'),
('2016-03-10', 95, 1, b'1'),
('2016-03-10', 96, 1, b'0'),
('2016-03-10', 97, 1, b'1'),
('2016-03-10', 98, 1, b'0'),
('2016-03-10', 99, 1, b'1'),
('2016-03-10', 100, 1, b'0'),
('2016-03-10', 101, 1, b'1'),
('2016-03-10', 102, 1, b'1'),
('2016-03-10', 103, 1, b'0'),
('2016-03-10', 104, 1, b'1'),
('2016-03-10', 105, 1, b'0'),
('2016-03-10', 106, 1, b'0'),
('2016-03-10', 107, 1, b'1'),
('2016-03-10', 108, 1, b'0'),
('2016-03-10', 109, 1, b'0'),
('2016-03-10', 110, 1, b'1'),
('2016-03-10', 111, 1, b'0'),
('2016-03-10', 112, 1, b'1'),
('2016-03-10', 113, 1, b'0'),
('2016-03-10', 114, 1, b'1'),
('2016-03-10', 115, 1, b'0'),
('2016-03-10', 116, 1, b'1'),
('2016-03-10', 117, 1, b'0'),
('2016-03-10', 118, 1, b'1'),
('2016-03-10', 119, 1, b'1'),
('2016-03-10', 120, 1, b'1'),
('2016-03-10', 121, 1, b'0'),
('2016-03-10', 122, 1, b'1'),
('2016-03-10', 123, 1, b'1'),
('2016-03-10', 124, 1, b'1'),
('2016-03-10', 125, 1, b'1'),
('2016-03-10', 126, 1, b'0'),
('2016-03-10', 127, 1, b'1'),
('2016-03-10', 128, 1, b'1'),
('2016-03-10', 129, 1, b'1'),
('2016-03-10', 130, 1, b'0'),
('2016-03-10', 131, 1, b'1'),
('2016-03-10', 132, 1, b'1'),
('2016-03-10', 133, 1, b'1'),
('2016-03-10', 134, 1, b'1'),
('2016-03-10', 135, 1, b'0'),
('2016-03-10', 136, 1, b'1'),
('2016-03-10', 137, 1, b'1'),
('2016-03-10', 138, 1, b'0'),
('2016-03-10', 139, 1, b'0'),
('2016-03-10', 140, 1, b'1'),
('2016-03-10', 141, 1, b'1'),
('2016-03-10', 142, 1, b'1'),
('2016-03-10', 143, 1, b'0'),
('2016-03-10', 144, 1, b'1'),
('2016-03-10', 145, 1, b'1'),
('2016-03-10', 146, 1, b'0'),
('2016-03-10', 147, 1, b'1'),
('2016-03-10', 148, 1, b'1'),
('2016-03-10', 149, 1, b'0'),
('2016-03-10', 150, 1, b'1'),
('2016-03-10', 151, 1, b'1'),
('2016-03-10', 152, 1, b'1'),
('2016-03-10', 153, 1, b'0'),
('2016-03-10', 154, 1, b'1'),
('2016-03-10', 155, 1, b'1'),
('2016-03-10', 156, 1, b'0'),
('2016-03-16', 79, 1, b'1'),
('2016-03-16', 80, 1, b'1'),
('2016-03-16', 81, 1, b'1'),
('2016-03-16', 82, 1, b'1'),
('2016-03-16', 83, 1, b'1'),
('2016-03-16', 84, 1, b'1'),
('2016-03-16', 85, 1, b'1'),
('2016-03-16', 86, 1, b'1'),
('2016-03-16', 87, 1, b'1'),
('2016-03-16', 88, 1, b'1'),
('2016-03-16', 89, 1, b'1'),
('2016-03-16', 90, 1, b'1'),
('2016-03-16', 91, 1, b'1'),
('2016-03-16', 92, 1, b'1'),
('2016-03-16', 93, 1, b'1'),
('2016-03-16', 94, 1, b'1'),
('2016-03-16', 95, 1, b'1'),
('2016-03-16', 96, 1, b'1'),
('2016-03-16', 97, 1, b'1'),
('2016-03-16', 98, 1, b'1'),
('2016-03-16', 99, 1, b'1'),
('2016-03-16', 100, 1, b'1'),
('2016-03-16', 101, 1, b'1'),
('2016-03-16', 102, 1, b'1'),
('2016-03-16', 103, 1, b'1'),
('2016-03-16', 104, 1, b'1'),
('2016-03-16', 105, 1, b'1'),
('2016-03-16', 106, 1, b'1'),
('2016-03-16', 107, 1, b'1'),
('2016-03-16', 108, 1, b'1'),
('2016-03-16', 109, 1, b'1'),
('2016-03-16', 110, 1, b'1'),
('2016-03-16', 111, 1, b'1'),
('2016-03-16', 112, 1, b'1'),
('2016-03-16', 113, 1, b'1'),
('2016-03-16', 114, 1, b'1'),
('2016-03-16', 115, 1, b'1'),
('2016-03-16', 116, 1, b'1'),
('2016-03-16', 117, 1, b'1'),
('2016-03-16', 118, 1, b'1'),
('2016-03-16', 119, 1, b'1'),
('2016-03-16', 120, 1, b'1'),
('2016-03-16', 121, 1, b'1'),
('2016-03-16', 122, 1, b'1'),
('2016-03-16', 123, 1, b'1'),
('2016-03-16', 124, 1, b'1'),
('2016-03-16', 125, 1, b'1'),
('2016-03-16', 126, 1, b'1'),
('2016-03-16', 127, 1, b'1'),
('2016-03-16', 128, 1, b'1'),
('2016-03-16', 129, 1, b'1'),
('2016-03-16', 130, 1, b'1'),
('2016-03-16', 131, 1, b'1'),
('2016-03-16', 132, 1, b'1'),
('2016-03-16', 133, 1, b'1'),
('2016-03-16', 134, 1, b'1'),
('2016-03-16', 135, 1, b'1'),
('2016-03-16', 136, 1, b'1'),
('2016-03-16', 137, 1, b'1'),
('2016-03-16', 138, 1, b'1'),
('2016-03-16', 139, 1, b'1'),
('2016-03-16', 140, 1, b'1'),
('2016-03-16', 141, 1, b'1'),
('2016-03-16', 142, 1, b'1'),
('2016-03-16', 143, 1, b'1'),
('2016-03-16', 144, 1, b'1'),
('2016-03-16', 145, 1, b'1'),
('2016-03-16', 146, 1, b'1'),
('2016-03-16', 147, 1, b'1'),
('2016-03-16', 148, 1, b'1'),
('2016-03-16', 149, 1, b'1'),
('2016-03-16', 150, 1, b'1'),
('2016-03-16', 151, 1, b'1'),
('2016-03-16', 152, 1, b'1'),
('2016-03-16', 153, 1, b'1'),
('2016-03-16', 154, 1, b'1'),
('2016-03-16', 155, 1, b'1'),
('2016-03-16', 156, 1, b'1'),
('2016-03-17', 79, 1, b'1'),
('2016-03-17', 80, 1, b'1'),
('2016-03-17', 81, 1, b'1'),
('2016-03-17', 82, 1, b'1'),
('2016-03-17', 83, 1, b'1'),
('2016-03-17', 84, 1, b'1'),
('2016-03-17', 85, 1, b'1'),
('2016-03-17', 86, 1, b'1'),
('2016-03-17', 87, 1, b'1'),
('2016-03-17', 88, 1, b'1'),
('2016-03-17', 89, 1, b'1'),
('2016-03-17', 90, 1, b'1'),
('2016-03-17', 91, 1, b'1'),
('2016-03-17', 92, 1, b'1'),
('2016-03-17', 93, 1, b'1'),
('2016-03-17', 94, 1, b'1'),
('2016-03-17', 95, 1, b'1'),
('2016-03-17', 96, 1, b'1'),
('2016-03-17', 97, 1, b'1'),
('2016-03-17', 98, 1, b'1'),
('2016-03-17', 99, 1, b'1'),
('2016-03-17', 100, 1, b'1'),
('2016-03-17', 101, 1, b'1'),
('2016-03-17', 102, 1, b'1'),
('2016-03-17', 103, 1, b'1'),
('2016-03-17', 104, 1, b'1'),
('2016-03-17', 105, 1, b'1'),
('2016-03-17', 106, 1, b'1'),
('2016-03-17', 107, 1, b'1'),
('2016-03-17', 108, 1, b'1'),
('2016-03-17', 109, 1, b'1'),
('2016-03-17', 110, 1, b'1'),
('2016-03-17', 111, 1, b'1'),
('2016-03-17', 112, 1, b'1'),
('2016-03-17', 113, 1, b'1'),
('2016-03-17', 114, 1, b'1'),
('2016-03-17', 115, 1, b'1'),
('2016-03-17', 116, 1, b'1'),
('2016-03-17', 117, 1, b'1'),
('2016-03-17', 118, 1, b'1'),
('2016-03-17', 119, 1, b'1'),
('2016-03-17', 120, 1, b'1'),
('2016-03-17', 121, 1, b'1'),
('2016-03-17', 122, 1, b'1'),
('2016-03-17', 123, 1, b'1'),
('2016-03-17', 124, 1, b'1'),
('2016-03-17', 125, 1, b'1'),
('2016-03-17', 126, 1, b'1'),
('2016-03-17', 127, 1, b'1'),
('2016-03-17', 128, 1, b'1'),
('2016-03-17', 129, 1, b'1'),
('2016-03-17', 130, 1, b'1'),
('2016-03-17', 131, 1, b'1'),
('2016-03-17', 132, 1, b'1'),
('2016-03-17', 133, 1, b'1'),
('2016-03-17', 134, 1, b'1'),
('2016-03-17', 135, 1, b'1'),
('2016-03-17', 136, 1, b'1'),
('2016-03-17', 137, 1, b'1'),
('2016-03-17', 138, 1, b'1'),
('2016-03-17', 139, 1, b'1'),
('2016-03-17', 140, 1, b'1'),
('2016-03-17', 141, 1, b'1'),
('2016-03-17', 142, 1, b'1'),
('2016-03-17', 143, 1, b'1'),
('2016-03-17', 144, 1, b'1'),
('2016-03-17', 145, 1, b'1'),
('2016-03-17', 146, 1, b'1'),
('2016-03-17', 147, 1, b'1'),
('2016-03-17', 148, 1, b'1'),
('2016-03-17', 149, 1, b'1'),
('2016-03-17', 150, 1, b'1'),
('2016-03-17', 151, 1, b'1'),
('2016-03-17', 152, 1, b'1'),
('2016-03-17', 153, 1, b'1'),
('2016-03-17', 154, 1, b'1'),
('2016-03-17', 155, 1, b'1'),
('2016-03-17', 156, 1, b'1'),
('2016-03-18', 79, 1, b'1'),
('2016-03-18', 80, 1, b'0'),
('2016-03-18', 81, 1, b'1'),
('2016-03-18', 82, 1, b'1'),
('2016-03-18', 83, 1, b'0'),
('2016-03-18', 84, 1, b'1'),
('2016-03-18', 85, 1, b'0'),
('2016-03-18', 86, 1, b'1'),
('2016-03-18', 87, 1, b'0'),
('2016-03-18', 88, 1, b'1'),
('2016-03-18', 89, 1, b'1'),
('2016-03-18', 90, 1, b'0'),
('2016-03-18', 91, 1, b'1'),
('2016-03-18', 92, 1, b'1'),
('2016-03-18', 93, 1, b'1'),
('2016-03-18', 94, 1, b'0'),
('2016-03-18', 95, 1, b'1'),
('2016-03-18', 96, 1, b'0'),
('2016-03-18', 97, 1, b'1'),
('2016-03-18', 98, 1, b'1'),
('2016-03-18', 99, 1, b'1'),
('2016-03-18', 100, 1, b'0'),
('2016-03-18', 101, 1, b'1'),
('2016-03-18', 102, 1, b'1'),
('2016-03-18', 103, 1, b'0'),
('2016-03-18', 104, 1, b'1'),
('2016-03-18', 105, 1, b'1'),
('2016-03-18', 106, 1, b'1'),
('2016-03-18', 107, 1, b'1'),
('2016-03-18', 108, 1, b'1'),
('2016-03-18', 109, 1, b'1'),
('2016-03-18', 110, 1, b'1'),
('2016-03-18', 111, 1, b'1'),
('2016-03-18', 112, 1, b'1'),
('2016-03-18', 113, 1, b'1'),
('2016-03-18', 114, 1, b'1'),
('2016-03-18', 115, 1, b'1'),
('2016-03-18', 116, 1, b'1'),
('2016-03-18', 117, 1, b'1'),
('2016-03-18', 118, 1, b'1'),
('2016-03-18', 119, 1, b'1'),
('2016-03-18', 120, 1, b'1'),
('2016-03-18', 121, 1, b'1'),
('2016-03-18', 122, 1, b'1'),
('2016-03-18', 123, 1, b'1'),
('2016-03-18', 124, 1, b'1'),
('2016-03-18', 125, 1, b'1'),
('2016-03-18', 126, 1, b'1'),
('2016-03-18', 127, 1, b'1'),
('2016-03-18', 128, 1, b'1'),
('2016-03-18', 129, 1, b'1'),
('2016-03-18', 130, 1, b'1'),
('2016-03-18', 131, 1, b'1'),
('2016-03-18', 132, 1, b'1'),
('2016-03-18', 133, 1, b'1'),
('2016-03-18', 134, 1, b'1'),
('2016-03-18', 135, 1, b'1'),
('2016-03-18', 136, 1, b'1'),
('2016-03-18', 137, 1, b'1'),
('2016-03-18', 138, 1, b'1'),
('2016-03-18', 139, 1, b'1'),
('2016-03-18', 140, 1, b'1'),
('2016-03-18', 141, 1, b'1'),
('2016-03-18', 142, 1, b'1'),
('2016-03-18', 143, 1, b'1'),
('2016-03-18', 144, 1, b'1'),
('2016-03-18', 145, 1, b'1'),
('2016-03-18', 146, 1, b'1'),
('2016-03-18', 147, 1, b'1'),
('2016-03-18', 148, 1, b'1'),
('2016-03-18', 149, 1, b'1'),
('2016-03-18', 150, 1, b'1'),
('2016-03-18', 151, 1, b'1'),
('2016-03-18', 152, 1, b'1'),
('2016-03-18', 153, 1, b'1'),
('2016-03-18', 154, 1, b'1'),
('2016-03-18', 155, 1, b'1'),
('2016-03-18', 156, 1, b'1'),
('2016-03-21', 79, 1, b'1'),
('2016-03-21', 80, 1, b'0'),
('2016-03-21', 81, 1, b'1'),
('2016-03-21', 82, 1, b'1'),
('2016-03-21', 83, 1, b'0'),
('2016-03-21', 84, 1, b'1'),
('2016-03-21', 85, 1, b'1'),
('2016-03-21', 86, 1, b'0'),
('2016-03-21', 87, 1, b'1'),
('2016-03-21', 88, 1, b'1'),
('2016-03-21', 89, 1, b'1'),
('2016-03-21', 90, 1, b'1'),
('2016-03-21', 91, 1, b'1'),
('2016-03-21', 92, 1, b'1'),
('2016-03-21', 93, 1, b'1'),
('2016-03-21', 94, 1, b'1'),
('2016-03-21', 95, 1, b'1'),
('2016-03-21', 96, 1, b'1'),
('2016-03-21', 97, 1, b'1'),
('2016-03-21', 98, 1, b'1'),
('2016-03-21', 99, 1, b'1'),
('2016-03-21', 100, 1, b'1'),
('2016-03-21', 101, 1, b'1'),
('2016-03-21', 102, 1, b'1'),
('2016-03-21', 103, 1, b'1'),
('2016-03-21', 104, 1, b'1'),
('2016-03-21', 105, 1, b'1'),
('2016-03-21', 106, 1, b'1'),
('2016-03-21', 107, 1, b'1'),
('2016-03-21', 108, 1, b'1'),
('2016-03-21', 109, 1, b'1'),
('2016-03-21', 110, 1, b'1'),
('2016-03-21', 111, 1, b'1'),
('2016-03-21', 112, 1, b'1'),
('2016-03-21', 113, 1, b'1'),
('2016-03-21', 114, 1, b'1'),
('2016-03-21', 115, 1, b'1'),
('2016-03-21', 116, 1, b'1'),
('2016-03-21', 117, 1, b'1'),
('2016-03-21', 118, 1, b'1'),
('2016-03-21', 119, 1, b'1'),
('2016-03-21', 120, 1, b'1'),
('2016-03-21', 121, 1, b'1'),
('2016-03-21', 122, 1, b'1'),
('2016-03-21', 123, 1, b'1'),
('2016-03-21', 124, 1, b'1'),
('2016-03-21', 125, 1, b'1'),
('2016-03-21', 126, 1, b'1'),
('2016-03-21', 127, 1, b'1'),
('2016-03-21', 128, 1, b'1'),
('2016-03-21', 129, 1, b'1'),
('2016-03-21', 130, 1, b'1'),
('2016-03-21', 131, 1, b'1'),
('2016-03-21', 132, 1, b'1'),
('2016-03-21', 133, 1, b'1'),
('2016-03-21', 134, 1, b'1'),
('2016-03-21', 135, 1, b'1'),
('2016-03-21', 136, 1, b'1'),
('2016-03-21', 137, 1, b'1'),
('2016-03-21', 138, 1, b'1'),
('2016-03-21', 139, 1, b'1'),
('2016-03-21', 140, 1, b'1'),
('2016-03-21', 141, 1, b'1'),
('2016-03-21', 142, 1, b'1'),
('2016-03-21', 143, 1, b'1'),
('2016-03-21', 144, 1, b'1'),
('2016-03-21', 145, 1, b'1'),
('2016-03-21', 146, 1, b'1'),
('2016-03-21', 147, 1, b'1'),
('2016-03-21', 148, 1, b'1'),
('2016-03-21', 149, 1, b'1'),
('2016-03-21', 150, 1, b'1'),
('2016-03-21', 151, 1, b'1'),
('2016-03-21', 152, 1, b'1'),
('2016-03-21', 153, 1, b'1'),
('2016-03-21', 154, 1, b'1'),
('2016-03-21', 155, 1, b'1'),
('2016-03-21', 156, 1, b'1'),
('2016-03-22', 79, 1, b'1'),
('2016-03-22', 80, 1, b'1'),
('2016-03-22', 81, 1, b'1'),
('2016-03-22', 82, 1, b'1'),
('2016-03-22', 83, 1, b'1'),
('2016-03-22', 84, 1, b'1'),
('2016-03-22', 85, 1, b'1'),
('2016-03-22', 86, 1, b'1'),
('2016-03-22', 87, 1, b'1'),
('2016-03-22', 88, 1, b'1'),
('2016-03-22', 89, 1, b'1'),
('2016-03-22', 90, 1, b'1'),
('2016-03-22', 91, 1, b'1'),
('2016-03-22', 92, 1, b'1'),
('2016-03-22', 93, 1, b'1'),
('2016-03-22', 94, 1, b'1'),
('2016-03-22', 95, 1, b'1'),
('2016-03-22', 96, 1, b'1'),
('2016-03-22', 97, 1, b'1'),
('2016-03-22', 98, 1, b'1'),
('2016-03-22', 99, 1, b'1'),
('2016-03-22', 100, 1, b'1'),
('2016-03-22', 101, 1, b'1'),
('2016-03-22', 102, 1, b'1'),
('2016-03-22', 103, 1, b'1'),
('2016-03-22', 104, 1, b'1'),
('2016-03-22', 105, 1, b'1'),
('2016-03-22', 106, 1, b'1'),
('2016-03-22', 107, 1, b'1'),
('2016-03-22', 108, 1, b'1'),
('2016-03-22', 109, 1, b'1'),
('2016-03-22', 110, 1, b'1'),
('2016-03-22', 111, 1, b'0'),
('2016-03-22', 112, 1, b'1'),
('2016-03-22', 113, 1, b'0'),
('2016-03-22', 114, 1, b'1'),
('2016-03-22', 115, 1, b'1'),
('2016-03-22', 116, 1, b'1'),
('2016-03-22', 117, 1, b'0'),
('2016-03-22', 118, 1, b'1'),
('2016-03-22', 119, 1, b'1'),
('2016-03-22', 120, 1, b'1'),
('2016-03-22', 121, 1, b'1'),
('2016-03-22', 122, 1, b'1'),
('2016-03-22', 123, 1, b'1'),
('2016-03-22', 124, 1, b'1'),
('2016-03-22', 125, 1, b'1'),
('2016-03-22', 126, 1, b'1'),
('2016-03-22', 127, 1, b'1'),
('2016-03-22', 128, 1, b'1'),
('2016-03-22', 129, 1, b'1'),
('2016-03-22', 130, 1, b'1'),
('2016-03-22', 131, 1, b'1'),
('2016-03-22', 132, 1, b'1'),
('2016-03-22', 133, 1, b'1'),
('2016-03-22', 134, 1, b'1'),
('2016-03-22', 135, 1, b'1'),
('2016-03-22', 136, 1, b'1'),
('2016-03-22', 137, 1, b'1'),
('2016-03-22', 138, 1, b'1'),
('2016-03-22', 139, 1, b'1'),
('2016-03-22', 140, 1, b'1'),
('2016-03-22', 141, 1, b'1'),
('2016-03-22', 142, 1, b'1'),
('2016-03-22', 143, 1, b'1'),
('2016-03-22', 144, 1, b'1'),
('2016-03-22', 145, 1, b'1'),
('2016-03-22', 146, 1, b'1'),
('2016-03-22', 147, 1, b'1'),
('2016-03-22', 148, 1, b'1'),
('2016-03-22', 149, 1, b'1'),
('2016-03-22', 150, 1, b'1'),
('2016-03-22', 151, 1, b'1'),
('2016-03-22', 152, 1, b'1'),
('2016-03-22', 153, 1, b'1'),
('2016-03-22', 154, 1, b'1'),
('2016-03-22', 155, 1, b'1'),
('2016-03-22', 156, 1, b'1'),
('2016-03-24', 79, 1, b'1'),
('2016-03-24', 80, 1, b'0'),
('2016-03-24', 81, 1, b'1'),
('2016-03-24', 82, 1, b'1'),
('2016-03-24', 83, 1, b'1'),
('2016-03-24', 84, 1, b'0'),
('2016-03-24', 85, 1, b'1'),
('2016-03-24', 86, 1, b'1'),
('2016-03-24', 87, 1, b'0'),
('2016-03-24', 88, 1, b'1'),
('2016-03-24', 89, 1, b'1'),
('2016-03-24', 90, 1, b'0'),
('2016-03-24', 91, 1, b'1'),
('2016-03-24', 92, 1, b'1'),
('2016-03-24', 93, 1, b'1'),
('2016-03-24', 94, 1, b'1'),
('2016-03-24', 95, 1, b'0'),
('2016-03-24', 96, 1, b'1'),
('2016-03-24', 97, 1, b'1'),
('2016-03-24', 98, 1, b'0'),
('2016-03-24', 99, 1, b'0'),
('2016-03-24', 100, 1, b'1'),
('2016-03-24', 101, 1, b'1'),
('2016-03-24', 102, 1, b'0'),
('2016-03-24', 103, 1, b'0'),
('2016-03-24', 104, 1, b'0'),
('2016-03-24', 105, 1, b'1'),
('2016-03-24', 106, 1, b'0'),
('2016-03-24', 107, 1, b'1'),
('2016-03-24', 108, 1, b'0'),
('2016-03-24', 109, 1, b'1'),
('2016-03-24', 110, 1, b'0'),
('2016-03-24', 111, 1, b'1'),
('2016-03-24', 112, 1, b'0'),
('2016-03-24', 113, 1, b'1'),
('2016-03-24', 114, 1, b'0'),
('2016-03-24', 115, 1, b'1'),
('2016-03-24', 116, 1, b'0'),
('2016-03-24', 117, 1, b'1'),
('2016-03-24', 118, 1, b'0'),
('2016-03-24', 119, 1, b'0'),
('2016-03-24', 120, 1, b'1'),
('2016-03-24', 121, 1, b'1'),
('2016-03-24', 122, 1, b'1'),
('2016-03-24', 123, 1, b'0'),
('2016-03-24', 124, 1, b'1'),
('2016-03-24', 125, 1, b'1'),
('2016-03-24', 126, 1, b'0'),
('2016-03-24', 127, 1, b'1'),
('2016-03-24', 128, 1, b'0'),
('2016-03-24', 129, 1, b'1'),
('2016-03-24', 130, 1, b'0'),
('2016-03-24', 131, 1, b'1'),
('2016-03-24', 132, 1, b'1'),
('2016-03-24', 133, 1, b'0'),
('2016-03-24', 134, 1, b'1'),
('2016-03-24', 135, 1, b'0'),
('2016-03-24', 136, 1, b'1'),
('2016-03-24', 137, 1, b'0'),
('2016-03-24', 138, 1, b'0'),
('2016-03-24', 139, 1, b'0'),
('2016-03-24', 140, 1, b'1'),
('2016-03-24', 141, 1, b'1'),
('2016-03-24', 142, 1, b'0'),
('2016-03-24', 143, 1, b'0'),
('2016-03-24', 144, 1, b'1'),
('2016-03-24', 145, 1, b'1'),
('2016-03-24', 146, 1, b'0'),
('2016-03-24', 147, 1, b'1'),
('2016-03-24', 148, 1, b'0'),
('2016-03-24', 149, 1, b'0'),
('2016-03-24', 150, 1, b'1'),
('2016-03-24', 151, 1, b'1'),
('2016-03-24', 152, 1, b'0'),
('2016-03-24', 153, 1, b'1'),
('2016-03-24', 154, 1, b'1'),
('2016-03-24', 155, 1, b'0'),
('2016-03-24', 156, 1, b'0'),
('2016-03-25', 79, 1, b'1'),
('2016-03-25', 80, 1, b'1'),
('2016-03-25', 81, 1, b'0'),
('2016-03-25', 82, 1, b'1'),
('2016-03-25', 83, 1, b'1'),
('2016-03-25', 84, 1, b'1'),
('2016-03-25', 85, 1, b'0'),
('2016-03-25', 86, 1, b'0'),
('2016-03-25', 87, 1, b'1'),
('2016-03-25', 88, 1, b'1'),
('2016-03-25', 89, 1, b'0'),
('2016-03-25', 90, 1, b'0'),
('2016-03-25', 91, 1, b'1'),
('2016-03-25', 92, 1, b'1'),
('2016-03-25', 93, 1, b'1'),
('2016-03-25', 94, 1, b'0'),
('2016-03-25', 95, 1, b'1'),
('2016-03-25', 96, 1, b'1'),
('2016-03-25', 97, 1, b'1'),
('2016-03-25', 98, 1, b'0'),
('2016-03-25', 99, 1, b'1'),
('2016-03-25', 100, 1, b'0'),
('2016-03-25', 101, 1, b'1'),
('2016-03-25', 102, 1, b'1'),
('2016-03-25', 103, 1, b'1'),
('2016-03-25', 104, 1, b'0'),
('2016-03-25', 105, 1, b'1'),
('2016-03-25', 106, 1, b'1'),
('2016-03-25', 107, 1, b'1'),
('2016-03-25', 108, 1, b'0'),
('2016-03-25', 109, 1, b'1'),
('2016-03-25', 110, 1, b'1'),
('2016-03-25', 111, 1, b'0'),
('2016-03-25', 112, 1, b'1'),
('2016-03-25', 113, 1, b'1'),
('2016-03-25', 114, 1, b'1'),
('2016-03-25', 115, 1, b'0'),
('2016-03-25', 116, 1, b'1'),
('2016-03-25', 117, 1, b'1'),
('2016-03-25', 118, 1, b'0'),
('2016-03-25', 119, 1, b'1'),
('2016-03-25', 120, 1, b'0'),
('2016-03-25', 121, 1, b'1'),
('2016-03-25', 122, 1, b'1'),
('2016-03-25', 123, 1, b'1'),
('2016-03-25', 124, 1, b'0'),
('2016-03-25', 125, 1, b'1'),
('2016-03-25', 126, 1, b'1'),
('2016-03-25', 127, 1, b'0'),
('2016-03-25', 128, 1, b'1'),
('2016-03-25', 129, 1, b'1'),
('2016-03-25', 130, 1, b'0'),
('2016-03-25', 131, 1, b'1'),
('2016-03-25', 132, 1, b'1'),
('2016-03-25', 133, 1, b'1'),
('2016-03-25', 134, 1, b'0'),
('2016-03-25', 135, 1, b'1'),
('2016-03-25', 136, 1, b'1'),
('2016-03-25', 137, 1, b'0'),
('2016-03-25', 138, 1, b'1'),
('2016-03-25', 139, 1, b'0'),
('2016-03-25', 140, 1, b'1'),
('2016-03-25', 141, 1, b'1'),
('2016-03-25', 142, 1, b'1'),
('2016-03-25', 143, 1, b'1'),
('2016-03-25', 144, 1, b'0'),
('2016-03-25', 145, 1, b'1'),
('2016-03-25', 146, 1, b'1'),
('2016-03-25', 147, 1, b'1'),
('2016-03-25', 148, 1, b'0'),
('2016-03-25', 149, 1, b'0'),
('2016-03-25', 150, 1, b'1'),
('2016-03-25', 151, 1, b'1'),
('2016-03-25', 152, 1, b'0'),
('2016-03-25', 153, 1, b'0'),
('2016-03-25', 154, 1, b'0'),
('2016-03-25', 155, 1, b'1'),
('2016-03-25', 156, 1, b'0'),
('2016-03-29', 79, 1, b'1'),
('2016-03-29', 80, 1, b'1'),
('2016-03-29', 81, 1, b'1'),
('2016-03-29', 82, 1, b'1'),
('2016-03-29', 83, 1, b'1'),
('2016-03-29', 84, 1, b'1'),
('2016-03-29', 85, 1, b'1'),
('2016-03-29', 86, 1, b'1'),
('2016-03-29', 87, 1, b'1'),
('2016-03-29', 88, 1, b'1'),
('2016-03-29', 89, 1, b'1'),
('2016-03-29', 90, 1, b'1'),
('2016-03-29', 91, 1, b'1'),
('2016-03-29', 92, 1, b'1'),
('2016-03-29', 93, 1, b'1'),
('2016-03-29', 94, 1, b'1'),
('2016-03-29', 95, 1, b'1'),
('2016-03-29', 96, 1, b'1'),
('2016-03-29', 97, 1, b'1'),
('2016-03-29', 98, 1, b'1'),
('2016-03-29', 99, 1, b'1'),
('2016-03-29', 100, 1, b'1'),
('2016-03-29', 101, 1, b'1'),
('2016-03-29', 102, 1, b'1'),
('2016-03-29', 103, 1, b'1'),
('2016-03-29', 104, 1, b'1'),
('2016-03-29', 105, 1, b'1'),
('2016-03-29', 106, 1, b'1'),
('2016-03-29', 107, 1, b'1'),
('2016-03-29', 108, 1, b'1'),
('2016-03-29', 109, 1, b'1'),
('2016-03-29', 110, 1, b'1'),
('2016-03-29', 111, 1, b'1'),
('2016-03-29', 112, 1, b'1'),
('2016-03-29', 113, 1, b'1'),
('2016-03-29', 114, 1, b'1'),
('2016-03-29', 115, 1, b'1'),
('2016-03-29', 116, 1, b'1'),
('2016-03-29', 117, 1, b'1'),
('2016-03-29', 118, 1, b'1'),
('2016-03-29', 119, 1, b'1'),
('2016-03-29', 120, 1, b'1'),
('2016-03-29', 121, 1, b'1'),
('2016-03-29', 122, 1, b'1'),
('2016-03-29', 123, 1, b'1'),
('2016-03-29', 124, 1, b'1'),
('2016-03-29', 125, 1, b'1'),
('2016-03-29', 126, 1, b'1'),
('2016-03-29', 127, 1, b'1'),
('2016-03-29', 128, 1, b'1'),
('2016-03-29', 129, 1, b'1'),
('2016-03-29', 130, 1, b'1'),
('2016-03-29', 131, 1, b'1'),
('2016-03-29', 132, 1, b'1'),
('2016-03-29', 133, 1, b'1'),
('2016-03-29', 134, 1, b'1'),
('2016-03-29', 135, 1, b'1'),
('2016-03-29', 136, 1, b'1'),
('2016-03-29', 137, 1, b'1'),
('2016-03-29', 138, 1, b'1'),
('2016-03-29', 139, 1, b'1'),
('2016-03-29', 140, 1, b'1'),
('2016-03-29', 141, 1, b'1'),
('2016-03-29', 142, 1, b'1'),
('2016-03-29', 143, 1, b'1'),
('2016-03-29', 144, 1, b'1'),
('2016-03-29', 145, 1, b'1'),
('2016-03-29', 146, 1, b'1'),
('2016-03-29', 147, 1, b'1'),
('2016-03-29', 148, 1, b'1'),
('2016-03-29', 149, 1, b'1'),
('2016-03-29', 150, 1, b'1'),
('2016-03-29', 151, 1, b'1'),
('2016-03-29', 152, 1, b'1'),
('2016-03-29', 153, 1, b'1'),
('2016-03-29', 154, 1, b'1'),
('2016-03-29', 155, 1, b'1'),
('2016-03-29', 156, 1, b'1'),
('2016-03-30', 79, 1, b'1'),
('2016-03-30', 80, 1, b'1'),
('2016-03-30', 81, 1, b'1'),
('2016-03-30', 82, 1, b'1'),
('2016-03-30', 83, 1, b'1'),
('2016-03-30', 84, 1, b'1'),
('2016-03-30', 85, 1, b'1'),
('2016-03-30', 86, 1, b'1'),
('2016-03-30', 87, 1, b'1'),
('2016-03-30', 88, 1, b'1'),
('2016-03-30', 89, 1, b'1'),
('2016-03-30', 90, 1, b'1'),
('2016-03-30', 91, 1, b'1'),
('2016-03-30', 92, 1, b'1'),
('2016-03-30', 93, 1, b'1'),
('2016-03-30', 94, 1, b'1'),
('2016-03-30', 95, 1, b'1'),
('2016-03-30', 96, 1, b'1'),
('2016-03-30', 97, 1, b'1'),
('2016-03-30', 98, 1, b'1'),
('2016-03-30', 99, 1, b'1'),
('2016-03-30', 100, 1, b'1'),
('2016-03-30', 101, 1, b'1'),
('2016-03-30', 102, 1, b'1'),
('2016-03-30', 103, 1, b'1'),
('2016-03-30', 104, 1, b'1'),
('2016-03-30', 105, 1, b'1'),
('2016-03-30', 106, 1, b'1'),
('2016-03-30', 107, 1, b'1'),
('2016-03-30', 108, 1, b'1'),
('2016-03-30', 109, 1, b'1'),
('2016-03-30', 110, 1, b'1'),
('2016-03-30', 111, 1, b'1'),
('2016-03-30', 112, 1, b'1'),
('2016-03-30', 113, 1, b'1'),
('2016-03-30', 114, 1, b'1'),
('2016-03-30', 115, 1, b'1'),
('2016-03-30', 116, 1, b'1'),
('2016-03-30', 117, 1, b'1'),
('2016-03-30', 118, 1, b'1'),
('2016-03-30', 119, 1, b'1'),
('2016-03-30', 120, 1, b'1'),
('2016-03-30', 121, 1, b'1'),
('2016-03-30', 122, 1, b'1'),
('2016-03-30', 123, 1, b'1'),
('2016-03-30', 124, 1, b'1'),
('2016-03-30', 125, 1, b'1'),
('2016-03-30', 126, 1, b'1'),
('2016-03-30', 127, 1, b'1'),
('2016-03-30', 128, 1, b'1'),
('2016-03-30', 129, 1, b'1'),
('2016-03-30', 130, 1, b'1'),
('2016-03-30', 131, 1, b'1'),
('2016-03-30', 132, 1, b'1'),
('2016-03-30', 133, 1, b'1'),
('2016-03-30', 134, 1, b'1'),
('2016-03-30', 135, 1, b'1'),
('2016-03-30', 136, 1, b'1'),
('2016-03-30', 137, 1, b'1'),
('2016-03-30', 138, 1, b'1'),
('2016-03-30', 139, 1, b'1'),
('2016-03-30', 140, 1, b'1'),
('2016-03-30', 141, 1, b'1'),
('2016-03-30', 142, 1, b'1'),
('2016-03-30', 143, 1, b'1'),
('2016-03-30', 144, 1, b'1'),
('2016-03-30', 145, 1, b'1'),
('2016-03-30', 146, 1, b'1'),
('2016-03-30', 147, 1, b'1'),
('2016-03-30', 148, 1, b'1'),
('2016-03-30', 149, 1, b'1'),
('2016-03-30', 150, 1, b'1'),
('2016-03-30', 151, 1, b'1'),
('2016-03-30', 152, 1, b'1'),
('2016-03-30', 153, 1, b'1'),
('2016-03-30', 154, 1, b'1'),
('2016-03-30', 155, 1, b'1'),
('2016-03-30', 156, 1, b'1'),
('2016-03-31', 79, 1, b'0'),
('2016-03-31', 80, 1, b'1'),
('2016-03-31', 81, 1, b'1'),
('2016-03-31', 82, 1, b'0'),
('2016-03-31', 83, 1, b'1'),
('2016-03-31', 84, 1, b'0'),
('2016-03-31', 85, 1, b'1'),
('2016-03-31', 86, 1, b'0'),
('2016-03-31', 87, 1, b'1'),
('2016-03-31', 88, 1, b'0'),
('2016-03-31', 89, 1, b'1'),
('2016-03-31', 90, 1, b'1'),
('2016-03-31', 91, 1, b'1'),
('2016-03-31', 92, 1, b'1'),
('2016-03-31', 93, 1, b'1'),
('2016-03-31', 94, 1, b'1'),
('2016-03-31', 95, 1, b'1'),
('2016-03-31', 96, 1, b'1'),
('2016-03-31', 97, 1, b'1'),
('2016-03-31', 98, 1, b'1'),
('2016-03-31', 99, 1, b'1'),
('2016-03-31', 100, 1, b'1'),
('2016-03-31', 101, 1, b'1'),
('2016-03-31', 102, 1, b'1'),
('2016-03-31', 103, 1, b'1'),
('2016-03-31', 104, 1, b'1'),
('2016-03-31', 105, 1, b'1'),
('2016-03-31', 106, 1, b'1'),
('2016-03-31', 107, 1, b'1'),
('2016-03-31', 108, 1, b'1'),
('2016-03-31', 109, 1, b'1'),
('2016-03-31', 110, 1, b'1'),
('2016-03-31', 111, 1, b'1'),
('2016-03-31', 112, 1, b'1'),
('2016-03-31', 113, 1, b'1'),
('2016-03-31', 114, 1, b'1'),
('2016-03-31', 115, 1, b'1'),
('2016-03-31', 116, 1, b'1'),
('2016-03-31', 117, 1, b'1'),
('2016-03-31', 118, 1, b'1'),
('2016-03-31', 119, 1, b'1'),
('2016-03-31', 120, 1, b'1'),
('2016-03-31', 121, 1, b'1'),
('2016-03-31', 122, 1, b'1'),
('2016-03-31', 123, 1, b'1'),
('2016-03-31', 124, 1, b'1'),
('2016-03-31', 125, 1, b'1'),
('2016-03-31', 126, 1, b'1'),
('2016-03-31', 127, 1, b'1'),
('2016-03-31', 128, 1, b'1'),
('2016-03-31', 129, 1, b'1'),
('2016-03-31', 130, 1, b'1'),
('2016-03-31', 131, 1, b'1'),
('2016-03-31', 132, 1, b'1'),
('2016-03-31', 133, 1, b'1'),
('2016-03-31', 134, 1, b'1'),
('2016-03-31', 135, 1, b'1'),
('2016-03-31', 136, 1, b'1'),
('2016-03-31', 137, 1, b'1'),
('2016-03-31', 138, 1, b'1'),
('2016-03-31', 139, 1, b'1'),
('2016-03-31', 140, 1, b'1'),
('2016-03-31', 141, 1, b'1'),
('2016-03-31', 142, 1, b'1'),
('2016-03-31', 143, 1, b'1'),
('2016-03-31', 144, 1, b'1'),
('2016-03-31', 145, 1, b'1'),
('2016-03-31', 146, 1, b'1'),
('2016-03-31', 147, 1, b'1'),
('2016-03-31', 148, 1, b'1'),
('2016-03-31', 149, 1, b'1'),
('2016-03-31', 150, 1, b'1'),
('2016-03-31', 151, 1, b'1'),
('2016-03-31', 152, 1, b'1'),
('2016-03-31', 153, 1, b'1'),
('2016-03-31', 154, 1, b'1'),
('2016-03-31', 155, 1, b'1'),
('2016-03-31', 156, 1, b'1'),
('2016-04-01', 79, 3, b'0'),
('2016-04-01', 80, 3, b'1'),
('2016-04-01', 81, 3, b'1'),
('2016-04-01', 82, 3, b'1'),
('2016-04-01', 83, 3, b'1'),
('2016-04-01', 84, 3, b'1'),
('2016-04-01', 85, 3, b'1'),
('2016-04-01', 86, 3, b'1'),
('2016-04-01', 87, 3, b'0'),
('2016-04-01', 88, 3, b'1'),
('2016-04-01', 89, 3, b'1'),
('2016-04-01', 90, 3, b'1'),
('2016-04-01', 91, 3, b'1'),
('2016-04-01', 92, 3, b'1'),
('2016-04-01', 93, 3, b'1'),
('2016-04-01', 94, 3, b'1'),
('2016-04-01', 95, 3, b'0'),
('2016-04-01', 96, 3, b'1'),
('2016-04-01', 97, 3, b'1'),
('2016-04-01', 98, 3, b'1'),
('2016-04-01', 99, 3, b'1'),
('2016-04-01', 100, 3, b'1'),
('2016-04-01', 101, 3, b'1'),
('2016-04-01', 102, 3, b'0'),
('2016-04-01', 103, 3, b'1'),
('2016-04-01', 104, 3, b'1'),
('2016-04-01', 105, 3, b'1'),
('2016-04-01', 106, 3, b'1'),
('2016-04-01', 107, 3, b'1'),
('2016-04-01', 108, 3, b'1'),
('2016-04-01', 109, 3, b'1'),
('2016-04-01', 110, 3, b'1'),
('2016-04-01', 111, 3, b'1'),
('2016-04-01', 112, 3, b'1'),
('2016-04-01', 113, 3, b'1'),
('2016-04-01', 114, 3, b'1'),
('2016-04-01', 115, 3, b'1'),
('2016-04-01', 116, 3, b'1'),
('2016-04-01', 117, 3, b'1'),
('2016-04-01', 118, 3, b'1'),
('2016-04-01', 119, 3, b'1'),
('2016-04-01', 120, 3, b'1'),
('2016-04-01', 121, 3, b'1'),
('2016-04-01', 122, 3, b'1'),
('2016-04-01', 123, 3, b'1'),
('2016-04-01', 124, 3, b'1'),
('2016-04-01', 125, 3, b'1'),
('2016-04-01', 126, 3, b'1'),
('2016-04-01', 127, 3, b'1'),
('2016-04-01', 128, 3, b'1'),
('2016-04-01', 129, 3, b'1'),
('2016-04-01', 130, 3, b'1'),
('2016-04-01', 131, 3, b'1'),
('2016-04-01', 132, 3, b'1'),
('2016-04-01', 133, 3, b'1'),
('2016-04-01', 134, 3, b'1'),
('2016-04-01', 135, 3, b'1'),
('2016-04-01', 136, 3, b'1'),
('2016-04-01', 137, 3, b'1'),
('2016-04-01', 138, 3, b'1'),
('2016-04-01', 139, 3, b'1'),
('2016-04-01', 140, 3, b'1'),
('2016-04-01', 141, 3, b'1'),
('2016-04-01', 142, 3, b'1'),
('2016-04-01', 143, 3, b'1'),
('2016-04-01', 144, 3, b'1'),
('2016-04-01', 145, 3, b'1'),
('2016-04-01', 146, 3, b'1'),
('2016-04-01', 147, 3, b'1'),
('2016-04-01', 148, 3, b'1'),
('2016-04-01', 149, 3, b'1'),
('2016-04-01', 150, 3, b'1'),
('2016-04-01', 151, 3, b'1'),
('2016-04-01', 152, 3, b'1'),
('2016-04-01', 153, 3, b'1'),
('2016-04-01', 154, 3, b'1'),
('2016-04-01', 155, 3, b'1'),
('2016-04-01', 156, 3, b'1'),
('2016-04-08', 79, 1, b'0'),
('2016-04-08', 80, 1, b'0'),
('2016-04-08', 81, 1, b'1'),
('2016-04-08', 82, 1, b'1'),
('2016-04-08', 83, 1, b'1'),
('2016-04-08', 84, 1, b'1'),
('2016-04-08', 85, 1, b'1'),
('2016-04-08', 86, 1, b'1'),
('2016-04-08', 87, 1, b'1'),
('2016-04-08', 88, 1, b'1'),
('2016-04-08', 89, 1, b'1'),
('2016-04-08', 90, 1, b'1'),
('2016-04-08', 91, 1, b'0'),
('2016-04-08', 92, 1, b'1'),
('2016-04-08', 93, 1, b'1'),
('2016-04-08', 94, 1, b'1'),
('2016-04-08', 95, 1, b'1'),
('2016-04-08', 96, 1, b'0'),
('2016-04-08', 97, 1, b'1'),
('2016-04-08', 98, 1, b'1'),
('2016-04-08', 99, 1, b'1'),
('2016-04-08', 100, 1, b'1'),
('2016-04-08', 101, 1, b'1'),
('2016-04-08', 102, 1, b'1'),
('2016-04-08', 103, 1, b'0'),
('2016-04-08', 104, 1, b'1'),
('2016-04-08', 105, 1, b'1'),
('2016-04-08', 106, 1, b'1'),
('2016-04-08', 107, 1, b'1'),
('2016-04-08', 108, 1, b'0'),
('2016-04-08', 109, 1, b'1'),
('2016-04-08', 110, 1, b'1'),
('2016-04-08', 111, 1, b'1'),
('2016-04-08', 112, 1, b'1'),
('2016-04-08', 113, 1, b'1'),
('2016-04-08', 114, 1, b'1'),
('2016-04-08', 115, 1, b'1'),
('2016-04-08', 116, 1, b'1'),
('2016-04-08', 117, 1, b'0'),
('2016-04-08', 118, 1, b'1'),
('2016-04-08', 119, 1, b'1'),
('2016-04-08', 120, 1, b'1'),
('2016-04-08', 121, 1, b'1'),
('2016-04-08', 122, 1, b'1'),
('2016-04-08', 123, 1, b'1'),
('2016-04-08', 124, 1, b'0'),
('2016-04-08', 125, 1, b'1'),
('2016-04-08', 126, 1, b'1'),
('2016-04-08', 127, 1, b'1'),
('2016-04-08', 128, 1, b'1'),
('2016-04-08', 129, 1, b'1'),
('2016-04-08', 130, 1, b'1'),
('2016-04-08', 131, 1, b'1'),
('2016-04-08', 132, 1, b'0'),
('2016-04-08', 133, 1, b'1'),
('2016-04-08', 134, 1, b'1'),
('2016-04-08', 135, 1, b'1'),
('2016-04-08', 136, 1, b'1'),
('2016-04-08', 137, 1, b'1'),
('2016-04-08', 138, 1, b'1'),
('2016-04-08', 139, 1, b'1'),
('2016-04-08', 140, 1, b'0'),
('2016-04-08', 141, 1, b'1'),
('2016-04-08', 142, 1, b'1'),
('2016-04-08', 143, 1, b'1'),
('2016-04-08', 144, 1, b'1'),
('2016-04-08', 145, 1, b'1'),
('2016-04-08', 146, 1, b'1'),
('2016-04-08', 147, 1, b'1'),
('2016-04-08', 148, 1, b'0'),
('2016-04-08', 149, 1, b'1'),
('2016-04-08', 150, 1, b'1'),
('2016-04-08', 151, 1, b'1'),
('2016-04-08', 152, 1, b'1'),
('2016-04-08', 153, 1, b'0'),
('2016-04-08', 154, 1, b'1'),
('2016-04-08', 155, 1, b'1'),
('2016-04-08', 156, 1, b'1'),
('2016-04-10', 79, 1, b'1'),
('2016-04-10', 80, 1, b'0'),
('2016-04-10', 81, 1, b'1'),
('2016-04-10', 82, 1, b'1'),
('2016-04-10', 83, 1, b'1'),
('2016-04-10', 84, 1, b'1'),
('2016-04-10', 85, 1, b'0'),
('2016-04-10', 86, 1, b'1'),
('2016-04-10', 87, 1, b'0'),
('2016-04-10', 88, 1, b'1'),
('2016-04-10', 89, 1, b'1'),
('2016-04-10', 90, 1, b'1'),
('2016-04-10', 91, 1, b'0'),
('2016-04-10', 92, 1, b'1'),
('2016-04-10', 93, 1, b'1'),
('2016-04-10', 94, 1, b'0'),
('2016-04-10', 95, 1, b'1'),
('2016-04-10', 96, 1, b'1'),
('2016-04-10', 97, 1, b'1'),
('2016-04-10', 98, 1, b'0'),
('2016-04-10', 99, 1, b'1'),
('2016-04-10', 100, 1, b'1'),
('2016-04-10', 101, 1, b'0'),
('2016-04-10', 102, 1, b'1'),
('2016-04-10', 103, 1, b'0'),
('2016-04-10', 104, 1, b'0'),
('2016-04-10', 105, 1, b'1'),
('2016-04-10', 106, 1, b'1'),
('2016-04-10', 107, 1, b'1'),
('2016-04-10', 108, 1, b'1'),
('2016-04-10', 109, 1, b'0'),
('2016-04-10', 110, 1, b'1'),
('2016-04-10', 111, 1, b'1'),
('2016-04-10', 112, 1, b'0'),
('2016-04-10', 113, 1, b'1'),
('2016-04-10', 114, 1, b'1'),
('2016-04-10', 115, 1, b'0'),
('2016-04-10', 116, 1, b'1'),
('2016-04-10', 117, 1, b'1'),
('2016-04-10', 118, 1, b'0'),
('2016-04-10', 119, 1, b'1'),
('2016-04-10', 120, 1, b'1'),
('2016-04-10', 121, 1, b'1'),
('2016-04-10', 122, 1, b'1'),
('2016-04-10', 123, 1, b'1'),
('2016-04-10', 124, 1, b'0'),
('2016-04-10', 125, 1, b'1'),
('2016-04-10', 126, 1, b'1'),
('2016-04-10', 127, 1, b'1'),
('2016-04-10', 128, 1, b'0'),
('2016-04-10', 129, 1, b'1'),
('2016-04-10', 130, 1, b'0'),
('2016-04-10', 131, 1, b'1'),
('2016-04-10', 132, 1, b'1'),
('2016-04-10', 133, 1, b'1'),
('2016-04-10', 134, 1, b'1'),
('2016-04-10', 135, 1, b'1'),
('2016-04-10', 136, 1, b'0'),
('2016-04-10', 137, 1, b'1'),
('2016-04-10', 138, 1, b'1'),
('2016-04-10', 139, 1, b'1'),
('2016-04-10', 140, 1, b'1'),
('2016-04-10', 141, 1, b'1'),
('2016-04-10', 142, 1, b'1'),
('2016-04-10', 143, 1, b'1'),
('2016-04-10', 144, 1, b'1'),
('2016-04-10', 145, 1, b'1'),
('2016-04-10', 146, 1, b'0'),
('2016-04-10', 147, 1, b'1'),
('2016-04-10', 148, 1, b'1'),
('2016-04-10', 149, 1, b'1'),
('2016-04-10', 150, 1, b'1'),
('2016-04-10', 151, 1, b'1'),
('2016-04-10', 152, 1, b'1'),
('2016-04-10', 153, 1, b'0'),
('2016-04-10', 154, 1, b'1'),
('2016-04-10', 155, 1, b'1'),
('2016-04-10', 156, 1, b'1'),
('2016-04-11', 79, 1, b'1'),
('2016-04-11', 80, 1, b'1'),
('2016-04-11', 81, 1, b'1'),
('2016-04-11', 82, 1, b'1'),
('2016-04-11', 83, 1, b'1'),
('2016-04-11', 84, 1, b'1'),
('2016-04-11', 85, 1, b'1'),
('2016-04-11', 86, 1, b'1'),
('2016-04-11', 87, 1, b'1'),
('2016-04-11', 88, 1, b'1'),
('2016-04-11', 89, 1, b'1'),
('2016-04-11', 90, 1, b'1'),
('2016-04-11', 91, 1, b'1'),
('2016-04-11', 92, 1, b'1'),
('2016-04-11', 93, 1, b'1'),
('2016-04-11', 94, 1, b'1'),
('2016-04-11', 95, 1, b'1'),
('2016-04-11', 96, 1, b'1'),
('2016-04-11', 97, 1, b'1'),
('2016-04-11', 98, 1, b'1'),
('2016-04-11', 99, 1, b'1'),
('2016-04-11', 100, 1, b'1'),
('2016-04-11', 101, 1, b'1'),
('2016-04-11', 102, 1, b'1'),
('2016-04-11', 103, 1, b'1'),
('2016-04-11', 104, 1, b'1'),
('2016-04-11', 105, 1, b'1'),
('2016-04-11', 106, 1, b'1'),
('2016-04-11', 107, 1, b'1'),
('2016-04-11', 108, 1, b'1'),
('2016-04-11', 109, 1, b'1'),
('2016-04-11', 110, 1, b'1'),
('2016-04-11', 111, 1, b'1'),
('2016-04-11', 112, 1, b'1'),
('2016-04-11', 113, 1, b'1'),
('2016-04-11', 114, 1, b'1'),
('2016-04-11', 115, 1, b'1'),
('2016-04-11', 116, 1, b'1'),
('2016-04-11', 117, 1, b'1'),
('2016-04-11', 118, 1, b'1'),
('2016-04-11', 119, 1, b'1'),
('2016-04-11', 120, 1, b'1'),
('2016-04-11', 121, 1, b'1'),
('2016-04-11', 122, 1, b'1'),
('2016-04-11', 123, 1, b'1'),
('2016-04-11', 124, 1, b'1'),
('2016-04-11', 125, 1, b'1'),
('2016-04-11', 126, 1, b'1'),
('2016-04-11', 127, 1, b'1'),
('2016-04-11', 128, 1, b'1'),
('2016-04-11', 129, 1, b'1'),
('2016-04-11', 130, 1, b'1'),
('2016-04-11', 131, 1, b'1'),
('2016-04-11', 132, 1, b'1'),
('2016-04-11', 133, 1, b'1'),
('2016-04-11', 134, 1, b'1'),
('2016-04-11', 135, 1, b'1'),
('2016-04-11', 136, 1, b'1'),
('2016-04-11', 137, 1, b'1'),
('2016-04-11', 138, 1, b'1'),
('2016-04-11', 139, 1, b'1'),
('2016-04-11', 140, 1, b'1'),
('2016-04-11', 141, 1, b'1'),
('2016-04-11', 142, 1, b'1'),
('2016-04-11', 143, 1, b'1'),
('2016-04-11', 144, 1, b'1'),
('2016-04-11', 145, 1, b'1'),
('2016-04-11', 146, 1, b'1'),
('2016-04-11', 147, 1, b'1'),
('2016-04-11', 148, 1, b'1'),
('2016-04-11', 149, 1, b'1'),
('2016-04-11', 150, 1, b'1'),
('2016-04-11', 151, 1, b'1'),
('2016-04-11', 152, 1, b'1'),
('2016-04-11', 153, 1, b'1'),
('2016-04-11', 154, 1, b'1'),
('2016-04-11', 155, 1, b'1'),
('2016-04-11', 156, 1, b'1'),
('2016-04-14', 79, 1, b'1'),
('2016-04-14', 80, 1, b'0'),
('2016-04-14', 81, 1, b'1'),
('2016-04-14', 82, 1, b'1'),
('2016-04-14', 83, 1, b'1'),
('2016-04-14', 84, 1, b'0'),
('2016-04-14', 85, 1, b'1'),
('2016-04-14', 86, 1, b'1'),
('2016-04-14', 87, 1, b'1'),
('2016-04-14', 88, 1, b'1'),
('2016-04-14', 89, 1, b'1'),
('2016-04-14', 90, 1, b'1'),
('2016-04-14', 91, 1, b'1'),
('2016-04-14', 92, 1, b'1'),
('2016-04-14', 93, 1, b'1'),
('2016-04-14', 94, 1, b'1'),
('2016-04-14', 95, 1, b'1'),
('2016-04-14', 96, 1, b'1'),
('2016-04-14', 97, 1, b'1'),
('2016-04-14', 98, 1, b'1'),
('2016-04-14', 99, 1, b'1'),
('2016-04-14', 100, 1, b'1'),
('2016-04-14', 101, 1, b'1'),
('2016-04-14', 102, 1, b'1'),
('2016-04-14', 103, 1, b'1'),
('2016-04-14', 104, 1, b'1'),
('2016-04-14', 105, 1, b'1'),
('2016-04-14', 106, 1, b'1'),
('2016-04-14', 107, 1, b'1'),
('2016-04-14', 108, 1, b'1'),
('2016-04-14', 109, 1, b'1'),
('2016-04-14', 110, 1, b'1'),
('2016-04-14', 111, 1, b'1'),
('2016-04-14', 112, 1, b'1'),
('2016-04-14', 113, 1, b'1'),
('2016-04-14', 114, 1, b'1'),
('2016-04-14', 115, 1, b'1'),
('2016-04-14', 116, 1, b'1'),
('2016-04-14', 117, 1, b'1'),
('2016-04-14', 118, 1, b'1'),
('2016-04-14', 119, 1, b'1'),
('2016-04-14', 120, 1, b'1'),
('2016-04-14', 121, 1, b'1'),
('2016-04-14', 122, 1, b'1'),
('2016-04-14', 123, 1, b'1'),
('2016-04-14', 124, 1, b'1'),
('2016-04-14', 125, 1, b'1'),
('2016-04-14', 126, 1, b'1'),
('2016-04-14', 127, 1, b'1'),
('2016-04-14', 128, 1, b'1'),
('2016-04-14', 129, 1, b'1'),
('2016-04-14', 130, 1, b'1'),
('2016-04-14', 131, 1, b'1'),
('2016-04-14', 132, 1, b'1'),
('2016-04-14', 133, 1, b'1'),
('2016-04-14', 134, 1, b'1'),
('2016-04-14', 135, 1, b'1'),
('2016-04-14', 136, 1, b'1'),
('2016-04-14', 137, 1, b'1'),
('2016-04-14', 138, 1, b'1'),
('2016-04-14', 139, 1, b'1'),
('2016-04-14', 140, 1, b'1'),
('2016-04-14', 141, 1, b'1'),
('2016-04-14', 142, 1, b'1'),
('2016-04-14', 143, 1, b'1'),
('2016-04-14', 144, 1, b'1'),
('2016-04-14', 145, 1, b'1'),
('2016-04-14', 146, 1, b'1'),
('2016-04-14', 147, 1, b'1'),
('2016-04-14', 148, 1, b'1'),
('2016-04-14', 149, 1, b'1'),
('2016-04-14', 150, 1, b'1'),
('2016-04-14', 151, 1, b'1'),
('2016-04-14', 152, 1, b'1'),
('2016-04-14', 153, 1, b'1'),
('2016-04-14', 154, 1, b'1'),
('2016-04-14', 155, 1, b'1'),
('2016-04-14', 156, 1, b'1'),
('2016-04-15', 79, 1, b'1'),
('2016-04-15', 80, 1, b'1'),
('2016-04-15', 81, 1, b'1'),
('2016-04-15', 82, 1, b'1'),
('2016-04-15', 83, 1, b'1'),
('2016-04-15', 84, 1, b'1'),
('2016-04-15', 85, 1, b'1'),
('2016-04-15', 86, 1, b'1'),
('2016-04-15', 87, 1, b'1'),
('2016-04-15', 88, 1, b'1'),
('2016-04-15', 89, 1, b'1'),
('2016-04-15', 90, 1, b'1'),
('2016-04-15', 91, 1, b'1'),
('2016-04-15', 92, 1, b'1'),
('2016-04-15', 93, 1, b'1'),
('2016-04-15', 94, 1, b'1'),
('2016-04-15', 95, 1, b'1'),
('2016-04-15', 96, 1, b'1'),
('2016-04-15', 97, 1, b'1'),
('2016-04-15', 98, 1, b'1'),
('2016-04-15', 99, 1, b'1'),
('2016-04-15', 100, 1, b'1'),
('2016-04-15', 101, 1, b'1'),
('2016-04-15', 102, 1, b'1'),
('2016-04-15', 103, 1, b'1'),
('2016-04-15', 104, 1, b'1'),
('2016-04-15', 105, 1, b'1'),
('2016-04-15', 106, 1, b'1'),
('2016-04-15', 107, 1, b'1'),
('2016-04-15', 108, 1, b'1'),
('2016-04-15', 109, 1, b'1'),
('2016-04-15', 110, 1, b'1'),
('2016-04-15', 111, 1, b'1'),
('2016-04-15', 112, 1, b'1'),
('2016-04-15', 113, 1, b'1'),
('2016-04-15', 114, 1, b'1'),
('2016-04-15', 115, 1, b'1'),
('2016-04-15', 116, 1, b'1'),
('2016-04-15', 117, 1, b'1'),
('2016-04-15', 118, 1, b'1'),
('2016-04-15', 119, 1, b'1'),
('2016-04-15', 120, 1, b'1'),
('2016-04-15', 121, 1, b'1'),
('2016-04-15', 122, 1, b'1'),
('2016-04-15', 123, 1, b'1'),
('2016-04-15', 124, 1, b'1'),
('2016-04-15', 125, 1, b'1'),
('2016-04-15', 126, 1, b'1'),
('2016-04-15', 127, 1, b'1'),
('2016-04-15', 128, 1, b'1'),
('2016-04-15', 129, 1, b'1'),
('2016-04-15', 130, 1, b'1'),
('2016-04-15', 131, 1, b'1'),
('2016-04-15', 132, 1, b'1'),
('2016-04-15', 133, 1, b'1'),
('2016-04-15', 134, 1, b'1'),
('2016-04-15', 135, 1, b'1'),
('2016-04-15', 136, 1, b'1'),
('2016-04-15', 137, 1, b'1'),
('2016-04-15', 138, 1, b'1'),
('2016-04-15', 139, 1, b'1'),
('2016-04-15', 140, 1, b'1'),
('2016-04-15', 141, 1, b'1'),
('2016-04-15', 142, 1, b'1'),
('2016-04-15', 143, 1, b'1'),
('2016-04-15', 144, 1, b'1'),
('2016-04-15', 145, 1, b'1'),
('2016-04-15', 146, 1, b'1'),
('2016-04-15', 147, 1, b'1'),
('2016-04-15', 148, 1, b'1'),
('2016-04-15', 149, 1, b'1'),
('2016-04-15', 150, 1, b'1'),
('2016-04-15', 151, 1, b'1'),
('2016-04-15', 152, 1, b'1'),
('2016-04-15', 153, 1, b'1'),
('2016-04-15', 154, 1, b'1'),
('2016-04-15', 155, 1, b'1'),
('2016-04-15', 156, 1, b'1'),
('2016-04-26', 79, 2, b'1'),
('2016-04-26', 80, 2, b'1'),
('2016-04-26', 81, 2, b'1'),
('2016-04-26', 82, 2, b'1'),
('2016-04-26', 83, 2, b'1'),
('2016-04-26', 84, 2, b'1');
INSERT INTO `Record` (`Date`, `StudentId`, `SubjectId`, `PA`) VALUES
('2016-04-26', 85, 2, b'1'),
('2016-04-26', 86, 2, b'1'),
('2016-04-26', 87, 2, b'1'),
('2016-04-26', 88, 2, b'1'),
('2016-04-26', 89, 2, b'1'),
('2016-04-26', 90, 2, b'1'),
('2016-04-26', 91, 2, b'1'),
('2016-04-26', 92, 2, b'1'),
('2016-04-26', 93, 2, b'1'),
('2016-04-26', 94, 2, b'1'),
('2016-04-26', 95, 2, b'0'),
('2016-04-26', 96, 2, b'1'),
('2016-04-26', 97, 2, b'1'),
('2016-04-26', 98, 2, b'1'),
('2016-04-26', 99, 2, b'1'),
('2016-04-26', 100, 2, b'1'),
('2016-04-26', 101, 2, b'1'),
('2016-04-26', 102, 2, b'1'),
('2016-04-26', 103, 2, b'1'),
('2016-04-26', 104, 2, b'1'),
('2016-04-26', 105, 2, b'1'),
('2016-04-26', 106, 2, b'1'),
('2016-04-26', 107, 2, b'1'),
('2016-04-26', 108, 2, b'1'),
('2016-04-26', 109, 2, b'1'),
('2016-04-26', 110, 2, b'1'),
('2016-04-26', 111, 2, b'1'),
('2016-04-26', 112, 2, b'1'),
('2016-04-26', 113, 2, b'1'),
('2016-04-26', 114, 2, b'1'),
('2016-04-26', 115, 2, b'1'),
('2016-04-26', 116, 2, b'1'),
('2016-04-26', 117, 2, b'1'),
('2016-04-26', 118, 2, b'1'),
('2016-04-26', 119, 2, b'1'),
('2016-04-26', 120, 2, b'1'),
('2016-04-26', 121, 2, b'1'),
('2016-04-26', 122, 2, b'1'),
('2016-04-26', 123, 2, b'1'),
('2016-04-26', 124, 2, b'1'),
('2016-04-26', 125, 2, b'1'),
('2016-04-26', 126, 2, b'1'),
('2016-04-26', 127, 2, b'1'),
('2016-04-26', 128, 2, b'1'),
('2016-04-26', 129, 2, b'1'),
('2016-04-26', 130, 2, b'1'),
('2016-04-26', 131, 2, b'1'),
('2016-04-26', 132, 2, b'1'),
('2016-04-26', 133, 2, b'1'),
('2016-04-26', 134, 2, b'1'),
('2016-04-26', 135, 2, b'1'),
('2016-04-26', 136, 2, b'1'),
('2016-04-26', 137, 2, b'1'),
('2016-04-26', 138, 2, b'1'),
('2016-04-26', 139, 2, b'1'),
('2016-04-26', 140, 2, b'1'),
('2016-04-26', 141, 2, b'1'),
('2016-04-26', 142, 2, b'1'),
('2016-04-26', 143, 2, b'1'),
('2016-04-26', 144, 2, b'1'),
('2016-04-26', 145, 2, b'1'),
('2016-04-26', 146, 2, b'1'),
('2016-04-26', 147, 2, b'1'),
('2016-04-26', 148, 2, b'1'),
('2016-04-26', 149, 2, b'1'),
('2016-04-26', 150, 2, b'1'),
('2016-04-26', 151, 2, b'1'),
('2016-04-26', 152, 2, b'1'),
('2016-04-26', 153, 2, b'1'),
('2016-04-26', 154, 2, b'1'),
('2016-04-26', 155, 2, b'1'),
('2016-04-26', 156, 2, b'1'),
('2016-04-28', 79, 1, b'1'),
('2016-04-28', 79, 2, b'1'),
('2016-04-28', 80, 1, b'1'),
('2016-04-28', 80, 2, b'1'),
('2016-04-28', 81, 1, b'0'),
('2016-04-28', 81, 2, b'1'),
('2016-04-28', 82, 1, b'1'),
('2016-04-28', 82, 2, b'1'),
('2016-04-28', 83, 1, b'1'),
('2016-04-28', 83, 2, b'1'),
('2016-04-28', 84, 1, b'1'),
('2016-04-28', 84, 2, b'1'),
('2016-04-28', 85, 1, b'0'),
('2016-04-28', 85, 2, b'1'),
('2016-04-28', 86, 1, b'1'),
('2016-04-28', 86, 2, b'0'),
('2016-04-28', 87, 1, b'1'),
('2016-04-28', 87, 2, b'1'),
('2016-04-28', 88, 1, b'1'),
('2016-04-28', 88, 2, b'1'),
('2016-04-28', 89, 1, b'0'),
('2016-04-28', 89, 2, b'1'),
('2016-04-28', 90, 1, b'1'),
('2016-04-28', 90, 2, b'1'),
('2016-04-28', 91, 1, b'1'),
('2016-04-28', 91, 2, b'1'),
('2016-04-28', 92, 1, b'1'),
('2016-04-28', 92, 2, b'0'),
('2016-04-28', 93, 1, b'1'),
('2016-04-28', 93, 2, b'1'),
('2016-04-28', 94, 1, b'0'),
('2016-04-28', 94, 2, b'1'),
('2016-04-28', 95, 1, b'1'),
('2016-04-28', 95, 2, b'0'),
('2016-04-28', 96, 1, b'1'),
('2016-04-28', 96, 2, b'1'),
('2016-04-28', 97, 1, b'1'),
('2016-04-28', 97, 2, b'1'),
('2016-04-28', 98, 1, b'1'),
('2016-04-28', 98, 2, b'1'),
('2016-04-28', 99, 1, b'1'),
('2016-04-28', 99, 2, b'1'),
('2016-04-28', 100, 1, b'1'),
('2016-04-28', 100, 2, b'1'),
('2016-04-28', 101, 1, b'0'),
('2016-04-28', 101, 2, b'1'),
('2016-04-28', 102, 1, b'1'),
('2016-04-28', 102, 2, b'1'),
('2016-04-28', 103, 1, b'1'),
('2016-04-28', 103, 2, b'1'),
('2016-04-28', 104, 1, b'1'),
('2016-04-28', 104, 2, b'1'),
('2016-04-28', 105, 1, b'0'),
('2016-04-28', 105, 2, b'1'),
('2016-04-28', 106, 1, b'1'),
('2016-04-28', 106, 2, b'1'),
('2016-04-28', 107, 1, b'1'),
('2016-04-28', 107, 2, b'1'),
('2016-04-28', 108, 1, b'1'),
('2016-04-28', 108, 2, b'1'),
('2016-04-28', 109, 1, b'0'),
('2016-04-28', 109, 2, b'1'),
('2016-04-28', 110, 1, b'1'),
('2016-04-28', 110, 2, b'1'),
('2016-04-28', 111, 1, b'1'),
('2016-04-28', 111, 2, b'1'),
('2016-04-28', 112, 1, b'1'),
('2016-04-28', 112, 2, b'1'),
('2016-04-28', 113, 1, b'0'),
('2016-04-28', 113, 2, b'1'),
('2016-04-28', 114, 1, b'1'),
('2016-04-28', 114, 2, b'1'),
('2016-04-28', 115, 1, b'1'),
('2016-04-28', 115, 2, b'1'),
('2016-04-28', 116, 1, b'1'),
('2016-04-28', 116, 2, b'1'),
('2016-04-28', 117, 1, b'1'),
('2016-04-28', 117, 2, b'1'),
('2016-04-28', 118, 1, b'1'),
('2016-04-28', 118, 2, b'1'),
('2016-04-28', 119, 1, b'1'),
('2016-04-28', 119, 2, b'1'),
('2016-04-28', 120, 1, b'0'),
('2016-04-28', 120, 2, b'1'),
('2016-04-28', 121, 1, b'1'),
('2016-04-28', 121, 2, b'1'),
('2016-04-28', 122, 1, b'1'),
('2016-04-28', 122, 2, b'1'),
('2016-04-28', 123, 1, b'1'),
('2016-04-28', 123, 2, b'1'),
('2016-04-28', 124, 1, b'1'),
('2016-04-28', 124, 2, b'1'),
('2016-04-28', 125, 1, b'1'),
('2016-04-28', 125, 2, b'1'),
('2016-04-28', 126, 1, b'1'),
('2016-04-28', 126, 2, b'1'),
('2016-04-28', 127, 1, b'1'),
('2016-04-28', 127, 2, b'1'),
('2016-04-28', 128, 1, b'1'),
('2016-04-28', 128, 2, b'1'),
('2016-04-28', 129, 1, b'1'),
('2016-04-28', 129, 2, b'1'),
('2016-04-28', 130, 1, b'1'),
('2016-04-28', 130, 2, b'1'),
('2016-04-28', 131, 1, b'1'),
('2016-04-28', 131, 2, b'1'),
('2016-04-28', 132, 1, b'1'),
('2016-04-28', 132, 2, b'1'),
('2016-04-28', 133, 1, b'1'),
('2016-04-28', 133, 2, b'1'),
('2016-04-28', 134, 1, b'1'),
('2016-04-28', 134, 2, b'1'),
('2016-04-28', 135, 1, b'1'),
('2016-04-28', 135, 2, b'1'),
('2016-04-28', 136, 1, b'1'),
('2016-04-28', 136, 2, b'1'),
('2016-04-28', 137, 1, b'1'),
('2016-04-28', 137, 2, b'1'),
('2016-04-28', 138, 1, b'1'),
('2016-04-28', 138, 2, b'1'),
('2016-04-28', 139, 1, b'1'),
('2016-04-28', 139, 2, b'1'),
('2016-04-28', 140, 1, b'1'),
('2016-04-28', 140, 2, b'1'),
('2016-04-28', 141, 1, b'1'),
('2016-04-28', 141, 2, b'1'),
('2016-04-28', 142, 1, b'1'),
('2016-04-28', 142, 2, b'1'),
('2016-04-28', 143, 1, b'1'),
('2016-04-28', 143, 2, b'1'),
('2016-04-28', 144, 1, b'1'),
('2016-04-28', 144, 2, b'1'),
('2016-04-28', 145, 1, b'1'),
('2016-04-28', 145, 2, b'1'),
('2016-04-28', 146, 1, b'1'),
('2016-04-28', 146, 2, b'1'),
('2016-04-28', 147, 1, b'1'),
('2016-04-28', 147, 2, b'1'),
('2016-04-28', 148, 1, b'1'),
('2016-04-28', 148, 2, b'1'),
('2016-04-28', 149, 1, b'1'),
('2016-04-28', 149, 2, b'1'),
('2016-04-28', 150, 1, b'1'),
('2016-04-28', 150, 2, b'1'),
('2016-04-28', 151, 1, b'1'),
('2016-04-28', 151, 2, b'1'),
('2016-04-28', 152, 1, b'1'),
('2016-04-28', 152, 2, b'1'),
('2016-04-28', 153, 1, b'1'),
('2016-04-28', 153, 2, b'1'),
('2016-04-28', 154, 1, b'1'),
('2016-04-28', 154, 2, b'1'),
('2016-04-28', 155, 1, b'1'),
('2016-04-28', 155, 2, b'1'),
('2016-04-28', 156, 1, b'1'),
('2016-04-28', 156, 2, b'1'),
('2016-04-30', 79, 2, b'1'),
('2016-04-30', 80, 2, b'1'),
('2016-04-30', 81, 2, b'0'),
('2016-04-30', 82, 2, b'1'),
('2016-04-30', 83, 2, b'1'),
('2016-04-30', 84, 2, b'1'),
('2016-04-30', 85, 2, b'1'),
('2016-04-30', 86, 2, b'1'),
('2016-04-30', 87, 2, b'0'),
('2016-04-30', 88, 2, b'1'),
('2016-04-30', 89, 2, b'0'),
('2016-04-30', 90, 2, b'1'),
('2016-04-30', 91, 2, b'1'),
('2016-04-30', 92, 2, b'1'),
('2016-04-30', 93, 2, b'1'),
('2016-04-30', 94, 2, b'1'),
('2016-04-30', 95, 2, b'1'),
('2016-04-30', 96, 2, b'1'),
('2016-04-30', 97, 2, b'1'),
('2016-04-30', 98, 2, b'1'),
('2016-04-30', 99, 2, b'1'),
('2016-04-30', 100, 2, b'1'),
('2016-04-30', 101, 2, b'1'),
('2016-04-30', 102, 2, b'1'),
('2016-04-30', 103, 2, b'1'),
('2016-04-30', 104, 2, b'1'),
('2016-04-30', 105, 2, b'1'),
('2016-04-30', 106, 2, b'1'),
('2016-04-30', 107, 2, b'1'),
('2016-04-30', 108, 2, b'1'),
('2016-04-30', 109, 2, b'1'),
('2016-04-30', 110, 2, b'0'),
('2016-04-30', 111, 2, b'1'),
('2016-04-30', 112, 2, b'1'),
('2016-04-30', 113, 2, b'1'),
('2016-04-30', 114, 2, b'1'),
('2016-04-30', 115, 2, b'1'),
('2016-04-30', 116, 2, b'1'),
('2016-04-30', 117, 2, b'1'),
('2016-04-30', 118, 2, b'0'),
('2016-04-30', 119, 2, b'1'),
('2016-04-30', 120, 2, b'1'),
('2016-04-30', 121, 2, b'1'),
('2016-04-30', 122, 2, b'1'),
('2016-04-30', 123, 2, b'1'),
('2016-04-30', 124, 2, b'0'),
('2016-04-30', 125, 2, b'1'),
('2016-04-30', 126, 2, b'1'),
('2016-04-30', 127, 2, b'1'),
('2016-04-30', 128, 2, b'1'),
('2016-04-30', 129, 2, b'1'),
('2016-04-30', 130, 2, b'1'),
('2016-04-30', 131, 2, b'1'),
('2016-04-30', 132, 2, b'0'),
('2016-04-30', 133, 2, b'1'),
('2016-04-30', 134, 2, b'1'),
('2016-04-30', 135, 2, b'1'),
('2016-04-30', 136, 2, b'1'),
('2016-04-30', 137, 2, b'1'),
('2016-04-30', 138, 2, b'1'),
('2016-04-30', 139, 2, b'1'),
('2016-04-30', 140, 2, b'1'),
('2016-04-30', 141, 2, b'0'),
('2016-04-30', 142, 2, b'1'),
('2016-04-30', 143, 2, b'1'),
('2016-04-30', 144, 2, b'1'),
('2016-04-30', 145, 2, b'0'),
('2016-04-30', 146, 2, b'1'),
('2016-04-30', 147, 2, b'1'),
('2016-04-30', 148, 2, b'1'),
('2016-04-30', 149, 2, b'1'),
('2016-04-30', 150, 2, b'1'),
('2016-04-30', 151, 2, b'0'),
('2016-04-30', 152, 2, b'1'),
('2016-04-30', 153, 2, b'1'),
('2016-04-30', 154, 2, b'0'),
('2016-04-30', 155, 2, b'1'),
('2016-04-30', 156, 2, b'0');

-- --------------------------------------------------------

--
-- Table structure for table `Staff`
--

CREATE TABLE IF NOT EXISTS `Staff` (
  `StaffId` int(10) NOT NULL,
  `Name` varchar(100) NOT NULL,
  `Gender` bit(1) NOT NULL,
  `Email` varchar(255) NOT NULL,
  `Username` varchar(20) NOT NULL,
  `Salt` varchar(255) NOT NULL,
  `RegisterTime` timestamp NOT NULL DEFAULT CURRENT_TIMESTAMP
) ENGINE=InnoDB AUTO_INCREMENT=80 DEFAULT CHARSET=latin1;

--
-- Dumping data for table `Staff`
--

INSERT INTO `Staff` (`StaffId`, `Name`, `Gender`, `Email`, `Username`, `Salt`, `RegisterTime`) VALUES
(2, 'Rohan', b'1', 'rjagiasi@gmail.com', 'admin', '$1$9hWOk6kq$2GJTfzS214qNqXvy8Scsb1', '2016-03-10 08:56:34'),
(3, 'a', b'1', 'a@b.c', 'abc_def', '$1$EZrPSD5S$Fbw1oa1Vekt0Ope6gCnd/0', '2016-03-14 14:44:20'),
(46, 'a', b'1', 'a@b.cd', 'abc_defg', '$1$qfMJvak/$R7cUqEn/pCzp4AnXKSjl41', '2016-03-14 17:52:50'),
(49, 'a', b'1', 'a@b.com', 'abc_defgh', '$1$D3MY6f3W$xKOeEfa9k3fNjhwBh/yHU1', '2016-03-22 14:18:12'),
(74, 'a', b'1', 'a@b.cdsd', 'abc_defghij', '$1$r2TAGYA6$Be.U5cFxtGxMDHHcGQnin/', '2016-03-24 14:37:44'),
(75, 'a', b'1', 'a@b.cdhgf', 'ab_udjshuio', '$1$aC7Xsikp$U12TDhzCKJ.9YDNsqOQnh.', '2016-03-24 15:22:32'),
(76, 'a', b'1', 'a@b.cdef', 'abcd_ef', '$1$ZyRakLsN$pNySfEqRxF3lQpAAOfEw6/', '2016-03-25 04:56:04'),
(78, 'Raj R', b'1', 'abc.def@example.com', 'rajramch', '$1$DYB3nuZQ$s8vfPciqBvs0F3NH5.JT/0', '2016-03-25 15:09:18'),
(79, 'a', b'1', 'a@b.cutjf', 'abc_defsrgw', '$1$PuORACmJ$0XCa0uxyi99.cefhcU7Q01', '2016-03-26 16:18:38');

-- --------------------------------------------------------

--
-- Table structure for table `Student`
--

CREATE TABLE IF NOT EXISTS `Student` (
  `StudentId` int(10) NOT NULL,
  `Name` varchar(100) NOT NULL,
  `ClassId` int(10) NOT NULL,
  `RollNo` int(3) NOT NULL
) ENGINE=InnoDB AUTO_INCREMENT=157 DEFAULT CHARSET=latin1;

--
-- Dumping data for table `Student`
--

INSERT INTO `Student` (`StudentId`, `Name`, `ClassId`, `RollNo`) VALUES
(79, 'Agarwal Chayan Dilip Jyoti', 1, 1),
(80, 'Ahuja Jitesh Hareshlal Rachna', 1, 2),
(81, 'Ahuja Pratik Deepak Vinitha', 1, 3),
(82, 'Ambavane Arpita Anil Seema', 1, 4),
(83, 'Chanchlani Sahil Anil Mamta', 1, 5),
(84, 'Chandiramani Jeetiksha Jagdish Uma', 1, 6),
(85, 'Chawla Girish Ajitlal Manisha', 1, 7),
(86, 'Chhabria Rashmi Sunil Tejal', 1, 8),
(87, 'Chhabria Sonia Vinod Payal', 1, 9),
(88, 'Daryani Sonia Haresh Renu', 1, 10),
(89, 'Dayaramani Kunal Ashokkumar Kiran', 1, 11),
(90, 'Dharne Ankita Yashavant Vijaya', 1, 12),
(91, 'Fatnani Amit jayant Chandni', 1, 13),
(92, 'Gaikwad Laukik Deepak Pooja', 1, 14),
(93, 'Gaikwad Vaibhav Ramdas Ratika', 1, 15),
(94, 'Gavane Aditya Jayant Sangeeta', 1, 16),
(95, 'Ghosalkar Shubham Sudesh Shraddha', 1, 17),
(96, 'Goyal Vaibhav Shailandra Daya', 1, 18),
(97, 'Gulrajani Arpan Pralhad Meera', 1, 19),
(98, 'Gurumurthy Ajay Sujatha', 1, 20),
(99, 'Harjani Neeraj Haresh Renu', 1, 21),
(100, 'Hindalekar Siddhesh Deepak Vanita', 1, 22),
(101, 'Hinduja Jai Ravindra Bharati', 1, 23),
(102, 'Holla Sooraj Vaman Jayalakshmi', 1, 24),
(103, 'Jagiasi Rohan Mahesh Ritu', 1, 25),
(104, 'Jaisinghani Anjali Chander Varsha', 1, 26),
(105, 'Jethwani Nikhil Vijay Anita', 1, 27),
(106, 'Jetwani Aniket Pradeep Bhavna', 1, 28),
(107, 'Jhawar Raghav Sandeepkumar Kiran', 1, 29),
(108, 'Juvekar Kalpesh Deepak Dipali', 1, 30),
(109, 'Kalla Ayush Opendra Arti', 1, 31),
(110, 'Karda Uddesh Narayan Divya', 1, 32),
(111, 'Karle Nihar Girish Dipali', 1, 33),
(112, 'Katkar Akash Nitin Rakhi', 1, 34),
(113, 'Kesharwani Ankit Ramdas Usha', 1, 35),
(114, 'Kewlani Dhiren Jagdish Vanita', 1, 36),
(115, 'Khatwani Bhavna Rajesh Sonal', 1, 37),
(116, 'Khiani Akash Gopal Kajal', 1, 38),
(117, 'Kogta Sushil Satish Rajashree', 1, 39),
(118, 'Kulal Punit Sukumar Premalatha', 1, 40),
(119, 'Lalwani Rohit Rameshlal Bhavna', 1, 41),
(120, 'Lilani Akshaykumar Jagdish Vinita', 1, 42),
(121, 'Mhadnak Siddhesh Satish Sunita', 1, 43),
(122, 'Mirjankar Siddhesh Nitin Anita', 1, 44),
(123, 'Motwani Jayesh Naresh Divya', 1, 45),
(124, 'Motwani Ram Naresh Pushpa', 1, 46),
(125, 'Murpana Karan Vijay Mala', 1, 47),
(126, 'Nagpal Jayesh Harish Reshma', 1, 48),
(127, 'Nighot Aniket Prakash Surekha', 1, 49),
(128, 'Parab Ameya Dattaram Shubhada', 1, 50),
(129, 'Parwani Mahesh Suresh Kanchan', 1, 51),
(130, 'Popat Payal Dipak Arti', 1, 52),
(131, 'Purswani Juhi Deepak Kiran', 1, 53),
(132, 'Raghuwanshi Radhika Rajendra Geeta', 1, 54),
(133, 'Rajpal Simran Prakash Vinita', 1, 55),
(134, 'Ramchandani Raj Mahesh Neha', 1, 56),
(135, 'Rohra Nitin Rajesh Sonia', 1, 57),
(136, 'Rupani Dinesh Dilip Vinita', 1, 58),
(137, 'Sajnani Shikha Gurmukh Varsha', 1, 59),
(138, 'Sapla Sumeet Gobindram Lata', 1, 60),
(139, 'Sayyed Ashraf Hussain ', 1, 61),
(140, 'Shah Krima Nikesh Shilpa', 1, 62),
(141, 'Shaha Aarju Rahim Faridabanu', 1, 63),
(142, 'Shahani Hitesh Dayal Vidya', 1, 64),
(143, 'Shetty Rahul Jayaram Ahalya', 1, 65),
(144, 'Singh Pooja Vijaykumar Sarla', 1, 66),
(145, 'Solanki Miten Chandulal Rita', 1, 67),
(146, 'Srinivasan Krithika Sanjay Radhika', 1, 68),
(147, 'Tilwani Pawan Dilip Varsha', 1, 69),
(148, 'Tripathi Saurabh Rameshkumar Dipti', 1, 70),
(149, 'Turshani Deepa Khemaldas Mohini', 1, 71),
(150, 'Valecha Abhinav Vinod Manisha', 1, 72),
(151, 'Wadhwa Rohit Dilipkumar kanchan', 1, 73),
(152, 'Wagle Sushant Surendra Supriya', 1, 74),
(153, 'Wani Anjali Ananth Anagha', 1, 75),
(154, 'Yadav Rajeevkumar Shridhar Malti', 1, 76),
(155, 'Yadav Ravi Shyamnarayan Savita', 1, 77),
(156, 'Yedelli Rohini Dhananjay Lavanya', 1, 78);

-- --------------------------------------------------------

--
-- Table structure for table `Subjects`
--

CREATE TABLE IF NOT EXISTS `Subjects` (
  `SubjectId` int(10) NOT NULL,
  `Name` varchar(20) NOT NULL,
  `ClassId` int(10) NOT NULL,
  `StaffId` int(10) NOT NULL
) ENGINE=InnoDB AUTO_INCREMENT=4 DEFAULT CHARSET=latin1;

--
-- Dumping data for table `Subjects`
--

INSERT INTO `Subjects` (`SubjectId`, `Name`, `ClassId`, `StaffId`) VALUES
(1, 'WP', 1, 2),
(2, 'AT', 1, 3),
(3, 'ITC', 1, 2);

-- --------------------------------------------------------

--
-- Structure for view `NOL`
--
DROP TABLE IF EXISTS `NOL`;

CREATE ALGORITHM=UNDEFINED DEFINER=`root`@`localhost` SQL SECURITY DEFINER VIEW `NOL` AS (select `Subjects`.`Name` AS `Name`,`Subjects`.`ClassId` AS `ClassId`,`Subjects`.`SubjectId` AS `SubjectId`,count(distinct `Record`.`Date`) AS `nooflect` from (`Subjects` join `Record` on((`Subjects`.`SubjectId` = `Record`.`SubjectId`))) group by `Record`.`SubjectId`);

--
-- Indexes for dumped tables
--

--
-- Indexes for table `Class`
--
ALTER TABLE `Class`
  ADD PRIMARY KEY (`ClassId`),
  ADD KEY `DeptId` (`DeptId`);

--
-- Indexes for table `Department`
--
ALTER TABLE `Department`
  ADD PRIMARY KEY (`DeptId`);

--
-- Indexes for table `Record`
--
ALTER TABLE `Record`
  ADD PRIMARY KEY (`Date`,`StudentId`,`SubjectId`),
  ADD KEY `StudentId` (`StudentId`,`SubjectId`),
  ADD KEY `SubjectId` (`SubjectId`);

--
-- Indexes for table `Staff`
--
ALTER TABLE `Staff`
  ADD PRIMARY KEY (`StaffId`),
  ADD UNIQUE KEY `Email` (`Email`),
  ADD UNIQUE KEY `Username` (`Username`);

--
-- Indexes for table `Student`
--
ALTER TABLE `Student`
  ADD PRIMARY KEY (`StudentId`),
  ADD UNIQUE KEY `ClassId` (`ClassId`,`RollNo`);

--
-- Indexes for table `Subjects`
--
ALTER TABLE `Subjects`
  ADD PRIMARY KEY (`SubjectId`),
  ADD KEY `ClassId` (`ClassId`),
  ADD KEY `StaffId` (`StaffId`);

--
-- AUTO_INCREMENT for dumped tables
--

--
-- AUTO_INCREMENT for table `Class`
--
ALTER TABLE `Class`
  MODIFY `ClassId` int(10) NOT NULL AUTO_INCREMENT,AUTO_INCREMENT=7;
--
-- AUTO_INCREMENT for table `Department`
--
ALTER TABLE `Department`
  MODIFY `DeptId` int(10) NOT NULL AUTO_INCREMENT,AUTO_INCREMENT=4;
--
-- AUTO_INCREMENT for table `Staff`
--
ALTER TABLE `Staff`
  MODIFY `StaffId` int(10) NOT NULL AUTO_INCREMENT,AUTO_INCREMENT=80;
--
-- AUTO_INCREMENT for table `Student`
--
ALTER TABLE `Student`
  MODIFY `StudentId` int(10) NOT NULL AUTO_INCREMENT,AUTO_INCREMENT=157;
--
-- AUTO_INCREMENT for table `Subjects`
--
ALTER TABLE `Subjects`
  MODIFY `SubjectId` int(10) NOT NULL AUTO_INCREMENT,AUTO_INCREMENT=4;
--
-- Constraints for dumped tables
--

--
-- Constraints for table `Class`
--
ALTER TABLE `Class`
  ADD CONSTRAINT `Class_ibfk_1` FOREIGN KEY (`DeptId`) REFERENCES `Department` (`DeptId`);

--
-- Constraints for table `Record`
--
ALTER TABLE `Record`
  ADD CONSTRAINT `Record_ibfk_1` FOREIGN KEY (`StudentId`) REFERENCES `Student` (`StudentId`),
  ADD CONSTRAINT `Record_ibfk_2` FOREIGN KEY (`SubjectId`) REFERENCES `Subjects` (`SubjectId`);

--
-- Constraints for table `Student`
--
ALTER TABLE `Student`
  ADD CONSTRAINT `Student_ibfk_1` FOREIGN KEY (`ClassId`) REFERENCES `Class` (`ClassId`);

--
-- Constraints for table `Subjects`
--
ALTER TABLE `Subjects`
  ADD CONSTRAINT `Subjects_ibfk_1` FOREIGN KEY (`ClassId`) REFERENCES `Class` (`ClassId`),
  ADD CONSTRAINT `Subjects_ibfk_2` FOREIGN KEY (`StaffId`) REFERENCES `Staff` (`StaffId`);

/*!40101 SET CHARACTER_SET_CLIENT=@OLD_CHARACTER_SET_CLIENT */;
/*!40101 SET CHARACTER_SET_RESULTS=@OLD_CHARACTER_SET_RESULTS */;
/*!40101 SET COLLATION_CONNECTION=@OLD_COLLATION_CONNECTION */;
