-- phpMyAdmin SQL Dump
-- version 4.4.13.1deb1
-- http://www.phpmyadmin.net
--
-- Host: localhost
-- Generation Time: Mar 26, 2016 at 03:53 PM
-- Server version: 5.6.28-0ubuntu0.15.10.1
-- PHP Version: 5.6.11-1ubuntu3.1

SET SQL_MODE = "NO_AUTO_VALUE_ON_ZERO";
SET time_zone = "+00:00";


/*!40101 SET @OLD_CHARACTER_SET_CLIENT=@@CHARACTER_SET_CLIENT */;
/*!40101 SET @OLD_CHARACTER_SET_RESULTS=@@CHARACTER_SET_RESULTS */;
/*!40101 SET @OLD_COLLATION_CONNECTION=@@COLLATION_CONNECTION */;
/*!40101 SET NAMES utf8mb4 */;

--
-- Database: `Attendance`
--

DELIMITER $$
--
-- Functions
--
CREATE DEFINER=`root`@`localhost` FUNCTION `GetStudentReport`(`class` INT, `rollno` INT, `subject` INT) RETURNS float
    NO SQL
BEGIN 
DECLARE nooflec int; 
DECLARE la int; 
DECLARE percent float; 

SELECT nooflect INTO nooflec FROM NOL WHERE NOL.SubjectId = subject; 

SELECT lecatt INTO la FROM LectAttended WHERE LectAttended.ClassId = class AND LectAttended.RollNo = rollno AND LectAttended.SubjectId = subject;

SET percent = (la/nooflec)*100; 
RETURN percent; 
END$$

DELIMITER ;

-- --------------------------------------------------------

--
-- Table structure for table `Class`
--

CREATE TABLE IF NOT EXISTS `Class` (
  `ClassId` int(10) NOT NULL,
  `Name` varchar(10) NOT NULL,
  `DeptId` int(10) NOT NULL
) ENGINE=InnoDB AUTO_INCREMENT=6 DEFAULT CHARSET=latin1;

--
-- Dumping data for table `Class`
--

INSERT INTO `Class` (`ClassId`, `Name`, `DeptId`) VALUES
(1, 'D10', 1),
(2, 'D15', 1),
(3, 'D7A', 2),
(4, 'D7B', 2),
(5, 'D20', 1);

-- --------------------------------------------------------

--
-- Table structure for table `Department`
--

CREATE TABLE IF NOT EXISTS `Department` (
  `DeptId` int(10) NOT NULL,
  `Name` varchar(20) NOT NULL
) ENGINE=InnoDB AUTO_INCREMENT=3 DEFAULT CHARSET=latin1;

--
-- Dumping data for table `Department`
--

INSERT INTO `Department` (`DeptId`, `Name`) VALUES
(1, 'IT'),
(2, 'COMPS');

-- --------------------------------------------------------

--
-- Stand-in structure for view `LectAttended`
--
CREATE TABLE IF NOT EXISTS `LectAttended` (
`ClassId` int(10)
,`RollNo` int(3)
,`SubjectId` int(10)
,`lecatt` bigint(21)
);

-- --------------------------------------------------------

--
-- Stand-in structure for view `NOL`
--
CREATE TABLE IF NOT EXISTS `NOL` (
`Name` varchar(20)
,`ClassId` int(10)
,`SubjectId` int(10)
,`nooflect` bigint(21)
);

-- --------------------------------------------------------

--
-- Table structure for table `Record`
--

CREATE TABLE IF NOT EXISTS `Record` (
  `Date` date NOT NULL,
  `StudentId` int(10) NOT NULL,
  `SubjectId` int(10) NOT NULL,
  `PA` bit(1) NOT NULL
) ENGINE=InnoDB DEFAULT CHARSET=latin1;

--
-- Dumping data for table `Record`
--

INSERT INTO `Record` (`Date`, `StudentId`, `SubjectId`, `PA`) VALUES
('2016-03-03', 79, 1, b'1'),
('2016-03-03', 79, 2, b'1'),
('2016-03-03', 80, 1, b'1'),
('2016-03-03', 80, 2, b'0'),
('2016-03-03', 81, 1, b'1'),
('2016-03-03', 81, 2, b'1'),
('2016-03-03', 82, 1, b'1'),
('2016-03-03', 82, 2, b'1'),
('2016-03-03', 83, 1, b'1'),
('2016-03-03', 83, 2, b'1'),
('2016-03-03', 84, 1, b'1'),
('2016-03-03', 84, 2, b'1'),
('2016-03-03', 85, 1, b'1'),
('2016-03-03', 85, 2, b'1'),
('2016-03-03', 86, 1, b'1'),
('2016-03-03', 86, 2, b'0'),
('2016-03-03', 87, 1, b'1'),
('2016-03-03', 87, 2, b'1'),
('2016-03-03', 88, 1, b'1'),
('2016-03-03', 88, 2, b'0'),
('2016-03-03', 89, 1, b'1'),
('2016-03-03', 89, 2, b'1'),
('2016-03-03', 90, 1, b'1'),
('2016-03-03', 90, 2, b'1'),
('2016-03-03', 91, 1, b'1'),
('2016-03-03', 91, 2, b'1'),
('2016-03-03', 92, 1, b'1'),
('2016-03-03', 92, 2, b'1'),
('2016-03-03', 93, 1, b'1'),
('2016-03-03', 93, 2, b'1'),
('2016-03-03', 94, 1, b'1'),
('2016-03-03', 94, 2, b'1'),
('2016-03-03', 95, 1, b'1'),
('2016-03-03', 95, 2, b'1'),
('2016-03-03', 96, 1, b'1'),
('2016-03-03', 96, 2, b'1'),
('2016-03-03', 97, 1, b'1'),
('2016-03-03', 97, 2, b'1'),
('2016-03-03', 98, 1, b'1'),
('2016-03-03', 98, 2, b'1'),
('2016-03-03', 99, 1, b'1'),
('2016-03-03', 99, 2, b'1'),
('2016-03-03', 100, 1, b'1'),
('2016-03-03', 100, 2, b'1'),
('2016-03-03', 101, 1, b'1'),
('2016-03-03', 101, 2, b'1'),
('2016-03-03', 102, 1, b'1'),
('2016-03-03', 102, 2, b'1'),
('2016-03-03', 103, 1, b'1'),
('2016-03-03', 103, 2, b'1'),
('2016-03-03', 104, 1, b'1'),
('2016-03-03', 104, 2, b'1'),
('2016-03-03', 105, 1, b'1'),
('2016-03-03', 105, 2, b'1'),
('2016-03-03', 106, 1, b'1'),
('2016-03-03', 106, 2, b'1'),
('2016-03-03', 107, 1, b'1'),
('2016-03-03', 107, 2, b'1'),
('2016-03-03', 108, 1, b'1'),
('2016-03-03', 108, 2, b'1'),
('2016-03-03', 109, 1, b'1'),
('2016-03-03', 109, 2, b'1'),
('2016-03-03', 110, 1, b'1'),
('2016-03-03', 110, 2, b'1'),
('2016-03-03', 111, 1, b'1'),
('2016-03-03', 111, 2, b'1'),
('2016-03-03', 112, 1, b'1'),
('2016-03-03', 112, 2, b'1'),
('2016-03-03', 113, 1, b'1'),
('2016-03-03', 113, 2, b'0'),
('2016-03-03', 114, 1, b'1'),
('2016-03-03', 114, 2, b'1'),
('2016-03-03', 115, 1, b'1'),
('2016-03-03', 115, 2, b'1'),
('2016-03-03', 116, 1, b'1'),
('2016-03-03', 116, 2, b'0'),
('2016-03-03', 117, 1, b'1'),
('2016-03-03', 117, 2, b'1'),
('2016-03-03', 118, 1, b'1'),
('2016-03-03', 118, 2, b'0'),
('2016-03-03', 119, 1, b'1'),
('2016-03-03', 119, 2, b'1'),
('2016-03-03', 120, 1, b'1'),
('2016-03-03', 120, 2, b'1'),
('2016-03-03', 121, 1, b'1'),
('2016-03-03', 121, 2, b'1'),
('2016-03-03', 122, 1, b'1'),
('2016-03-03', 122, 2, b'1'),
('2016-03-03', 123, 1, b'1'),
('2016-03-03', 123, 2, b'1'),
('2016-03-03', 124, 1, b'1'),
('2016-03-03', 124, 2, b'1'),
('2016-03-03', 125, 1, b'1'),
('2016-03-03', 125, 2, b'1'),
('2016-03-03', 126, 1, b'1'),
('2016-03-03', 126, 2, b'1'),
('2016-03-03', 127, 1, b'1'),
('2016-03-03', 127, 2, b'1'),
('2016-03-03', 128, 1, b'1'),
('2016-03-03', 128, 2, b'1'),
('2016-03-03', 129, 1, b'1'),
('2016-03-03', 129, 2, b'1'),
('2016-03-03', 130, 1, b'1'),
('2016-03-03', 130, 2, b'1'),
('2016-03-03', 131, 1, b'1'),
('2016-03-03', 131, 2, b'1'),
('2016-03-03', 132, 1, b'1'),
('2016-03-03', 132, 2, b'1'),
('2016-03-03', 133, 1, b'1'),
('2016-03-03', 133, 2, b'1'),
('2016-03-03', 134, 1, b'1'),
('2016-03-03', 134, 2, b'1'),
('2016-03-03', 135, 1, b'1'),
('2016-03-03', 135, 2, b'1'),
('2016-03-03', 136, 1, b'1'),
('2016-03-03', 136, 2, b'1'),
('2016-03-03', 137, 1, b'1'),
('2016-03-03', 137, 2, b'1'),
('2016-03-03', 138, 1, b'1'),
('2016-03-03', 138, 2, b'1'),
('2016-03-03', 139, 1, b'1'),
('2016-03-03', 139, 2, b'1'),
('2016-03-03', 140, 1, b'1'),
('2016-03-03', 140, 2, b'0'),
('2016-03-03', 141, 1, b'1'),
('2016-03-03', 141, 2, b'1'),
('2016-03-03', 142, 1, b'1'),
('2016-03-03', 142, 2, b'1'),
('2016-03-03', 143, 1, b'1'),
('2016-03-03', 143, 2, b'0'),
('2016-03-03', 144, 1, b'1'),
('2016-03-03', 144, 2, b'1'),
('2016-03-03', 145, 1, b'1'),
('2016-03-03', 145, 2, b'1'),
('2016-03-03', 146, 1, b'1'),
('2016-03-03', 146, 2, b'1'),
('2016-03-03', 147, 1, b'1'),
('2016-03-03', 147, 2, b'1'),
('2016-03-03', 148, 1, b'1'),
('2016-03-03', 148, 2, b'0'),
('2016-03-03', 149, 1, b'1'),
('2016-03-03', 149, 2, b'1'),
('2016-03-03', 150, 1, b'1'),
('2016-03-03', 150, 2, b'0'),
('2016-03-03', 151, 1, b'1'),
('2016-03-03', 151, 2, b'1'),
('2016-03-03', 152, 1, b'1'),
('2016-03-03', 152, 2, b'1'),
('2016-03-03', 153, 1, b'1'),
('2016-03-03', 153, 2, b'1'),
('2016-03-03', 154, 1, b'1'),
('2016-03-03', 154, 2, b'0'),
('2016-03-03', 155, 1, b'1'),
('2016-03-03', 155, 2, b'1'),
('2016-03-03', 156, 1, b'1'),
('2016-03-03', 156, 2, b'1'),
('2016-03-04', 79, 1, b'0'),
('2016-03-04', 80, 1, b'1'),
('2016-03-04', 81, 1, b'1'),
('2016-03-04', 82, 1, b'1'),
('2016-03-04', 83, 1, b'0'),
('2016-03-04', 84, 1, b'1'),
('2016-03-04', 85, 1, b'0'),
('2016-03-04', 86, 1, b'1'),
('2016-03-04', 87, 1, b'0'),
('2016-03-04', 88, 1, b'1'),
('2016-03-04', 89, 1, b'1'),
('2016-03-04', 90, 1, b'1'),
('2016-03-04', 91, 1, b'1'),
('2016-03-04', 92, 1, b'1'),
('2016-03-04', 93, 1, b'1'),
('2016-03-04', 94, 1, b'1'),
('2016-03-04', 95, 1, b'1'),
('2016-03-04', 96, 1, b'1'),
('2016-03-04', 97, 1, b'1'),
('2016-03-04', 98, 1, b'1'),
('2016-03-04', 99, 1, b'1'),
('2016-03-04', 100, 1, b'1'),
('2016-03-04', 101, 1, b'1'),
('2016-03-04', 102, 1, b'1'),
('2016-03-04', 103, 1, b'1'),
('2016-03-04', 104, 1, b'1'),
('2016-03-04', 105, 1, b'1'),
('2016-03-04', 106, 1, b'1'),
('2016-03-04', 107, 1, b'1'),
('2016-03-04', 108, 1, b'1'),
('2016-03-04', 109, 1, b'0'),
('2016-03-04', 110, 1, b'1'),
('2016-03-04', 111, 1, b'0'),
('2016-03-04', 112, 1, b'1'),
('2016-03-04', 113, 1, b'1'),
('2016-03-04', 114, 1, b'0'),
('2016-03-04', 115, 1, b'1'),
('2016-03-04', 116, 1, b'1'),
('2016-03-04', 117, 1, b'0'),
('2016-03-04', 118, 1, b'1'),
('2016-03-04', 119, 1, b'1'),
('2016-03-04', 120, 1, b'1'),
('2016-03-04', 121, 1, b'1'),
('2016-03-04', 122, 1, b'1'),
('2016-03-04', 123, 1, b'1'),
('2016-03-04', 124, 1, b'1'),
('2016-03-04', 125, 1, b'1'),
('2016-03-04', 126, 1, b'1'),
('2016-03-04', 127, 1, b'1'),
('2016-03-04', 128, 1, b'1'),
('2016-03-04', 129, 1, b'1'),
('2016-03-04', 130, 1, b'0'),
('2016-03-04', 131, 1, b'1'),
('2016-03-04', 132, 1, b'1'),
('2016-03-04', 133, 1, b'0'),
('2016-03-04', 134, 1, b'1'),
('2016-03-04', 135, 1, b'1'),
('2016-03-04', 136, 1, b'1'),
('2016-03-04', 137, 1, b'0'),
('2016-03-04', 138, 1, b'1'),
('2016-03-04', 139, 1, b'1'),
('2016-03-04', 140, 1, b'1'),
('2016-03-04', 141, 1, b'1'),
('2016-03-04', 142, 1, b'1'),
('2016-03-04', 143, 1, b'1'),
('2016-03-04', 144, 1, b'1'),
('2016-03-04', 145, 1, b'1'),
('2016-03-04', 146, 1, b'1'),
('2016-03-04', 147, 1, b'1'),
('2016-03-04', 148, 1, b'1'),
('2016-03-04', 149, 1, b'1'),
('2016-03-04', 150, 1, b'1'),
('2016-03-04', 151, 1, b'0'),
('2016-03-04', 152, 1, b'1'),
('2016-03-04', 153, 1, b'1'),
('2016-03-04', 154, 1, b'0'),
('2016-03-04', 155, 1, b'1'),
('2016-03-04', 156, 1, b'1'),
('2016-03-08', 79, 1, b'0'),
('2016-03-08', 79, 2, b'1'),
('2016-03-08', 80, 1, b'1'),
('2016-03-08', 80, 2, b'0'),
('2016-03-08', 81, 1, b'0'),
('2016-03-08', 81, 2, b'1'),
('2016-03-08', 82, 1, b'1'),
('2016-03-08', 82, 2, b'1'),
('2016-03-08', 83, 1, b'1'),
('2016-03-08', 83, 2, b'1'),
('2016-03-08', 84, 1, b'1'),
('2016-03-08', 84, 2, b'1'),
('2016-03-08', 85, 1, b'1'),
('2016-03-08', 85, 2, b'1'),
('2016-03-08', 86, 1, b'0'),
('2016-03-08', 86, 2, b'0'),
('2016-03-08', 87, 1, b'1'),
('2016-03-08', 87, 2, b'1'),
('2016-03-08', 88, 1, b'1'),
('2016-03-08', 88, 2, b'1'),
('2016-03-08', 89, 1, b'1'),
('2016-03-08', 89, 2, b'1'),
('2016-03-08', 90, 1, b'0'),
('2016-03-08', 90, 2, b'1'),
('2016-03-08', 91, 1, b'1'),
('2016-03-08', 91, 2, b'1'),
('2016-03-08', 92, 1, b'1'),
('2016-03-08', 92, 2, b'1'),
('2016-03-08', 93, 1, b'1'),
('2016-03-08', 93, 2, b'1'),
('2016-03-08', 94, 1, b'0'),
('2016-03-08', 94, 2, b'1'),
('2016-03-08', 95, 1, b'1'),
('2016-03-08', 95, 2, b'1'),
('2016-03-08', 96, 1, b'1'),
('2016-03-08', 96, 2, b'1'),
('2016-03-08', 97, 1, b'0'),
('2016-03-08', 97, 2, b'1'),
('2016-03-08', 98, 1, b'1'),
('2016-03-08', 98, 2, b'1'),
('2016-03-08', 99, 1, b'1'),
('2016-03-08', 99, 2, b'1'),
('2016-03-08', 100, 1, b'0'),
('2016-03-08', 100, 2, b'1'),
('2016-03-08', 101, 1, b'1'),
('2016-03-08', 101, 2, b'1'),
('2016-03-08', 102, 1, b'1'),
('2016-03-08', 102, 2, b'1'),
('2016-03-08', 103, 1, b'0'),
('2016-03-08', 103, 2, b'1'),
('2016-03-08', 104, 1, b'1'),
('2016-03-08', 104, 2, b'1'),
('2016-03-08', 105, 1, b'0'),
('2016-03-08', 105, 2, b'1'),
('2016-03-08', 106, 1, b'1'),
('2016-03-08', 106, 2, b'1'),
('2016-03-08', 107, 1, b'0'),
('2016-03-08', 107, 2, b'1'),
('2016-03-08', 108, 1, b'1'),
('2016-03-08', 108, 2, b'1'),
('2016-03-08', 109, 1, b'1'),
('2016-03-08', 109, 2, b'1'),
('2016-03-08', 110, 1, b'0'),
('2016-03-08', 110, 2, b'0'),
('2016-03-08', 111, 1, b'1'),
('2016-03-08', 111, 2, b'1'),
('2016-03-08', 112, 1, b'1'),
('2016-03-08', 112, 2, b'1'),
('2016-03-08', 113, 1, b'0'),
('2016-03-08', 113, 2, b'1'),
('2016-03-08', 114, 1, b'1'),
('2016-03-08', 114, 2, b'1'),
('2016-03-08', 115, 1, b'0'),
('2016-03-08', 115, 2, b'1'),
('2016-03-08', 116, 1, b'1'),
('2016-03-08', 116, 2, b'0'),
('2016-03-08', 117, 1, b'0'),
('2016-03-08', 117, 2, b'1'),
('2016-03-08', 118, 1, b'0'),
('2016-03-08', 118, 2, b'1'),
('2016-03-08', 119, 1, b'1'),
('2016-03-08', 119, 2, b'1'),
('2016-03-08', 120, 1, b'1'),
('2016-03-08', 120, 2, b'1'),
('2016-03-08', 121, 1, b'1'),
('2016-03-08', 121, 2, b'1'),
('2016-03-08', 122, 1, b'1'),
('2016-03-08', 122, 2, b'1'),
('2016-03-08', 123, 1, b'1'),
('2016-03-08', 123, 2, b'1'),
('2016-03-08', 124, 1, b'1'),
('2016-03-08', 124, 2, b'1'),
('2016-03-08', 125, 1, b'1'),
('2016-03-08', 125, 2, b'1'),
('2016-03-08', 126, 1, b'1'),
('2016-03-08', 126, 2, b'1'),
('2016-03-08', 127, 1, b'1'),
('2016-03-08', 127, 2, b'1'),
('2016-03-08', 128, 1, b'1'),
('2016-03-08', 128, 2, b'1'),
('2016-03-08', 129, 1, b'0'),
('2016-03-08', 129, 2, b'1'),
('2016-03-08', 130, 1, b'0'),
('2016-03-08', 130, 2, b'1'),
('2016-03-08', 131, 1, b'0'),
('2016-03-08', 131, 2, b'1'),
('2016-03-08', 132, 1, b'0'),
('2016-03-08', 132, 2, b'1'),
('2016-03-08', 133, 1, b'1'),
('2016-03-08', 133, 2, b'1'),
('2016-03-08', 134, 1, b'1'),
('2016-03-08', 134, 2, b'1'),
('2016-03-08', 135, 1, b'0'),
('2016-03-08', 135, 2, b'1'),
('2016-03-08', 136, 1, b'1'),
('2016-03-08', 136, 2, b'1'),
('2016-03-08', 137, 1, b'0'),
('2016-03-08', 137, 2, b'1'),
('2016-03-08', 138, 1, b'1'),
('2016-03-08', 138, 2, b'1'),
('2016-03-08', 139, 1, b'1'),
('2016-03-08', 139, 2, b'0'),
('2016-03-08', 140, 1, b'0'),
('2016-03-08', 140, 2, b'1'),
('2016-03-08', 141, 1, b'1'),
('2016-03-08', 141, 2, b'0'),
('2016-03-08', 142, 1, b'1'),
('2016-03-08', 142, 2, b'1'),
('2016-03-08', 143, 1, b'1'),
('2016-03-08', 143, 2, b'1'),
('2016-03-08', 144, 1, b'0'),
('2016-03-08', 144, 2, b'1'),
('2016-03-08', 145, 1, b'1'),
('2016-03-08', 145, 2, b'1'),
('2016-03-08', 146, 1, b'0'),
('2016-03-08', 146, 2, b'1'),
('2016-03-08', 147, 1, b'1'),
('2016-03-08', 147, 2, b'0'),
('2016-03-08', 148, 1, b'0'),
('2016-03-08', 148, 2, b'1'),
('2016-03-08', 149, 1, b'1'),
('2016-03-08', 149, 2, b'1'),
('2016-03-08', 150, 1, b'0'),
('2016-03-08', 150, 2, b'1'),
('2016-03-08', 151, 1, b'1'),
('2016-03-08', 151, 2, b'1'),
('2016-03-08', 152, 1, b'0'),
('2016-03-08', 152, 2, b'1'),
('2016-03-08', 153, 1, b'0'),
('2016-03-08', 153, 2, b'1'),
('2016-03-08', 154, 1, b'0'),
('2016-03-08', 154, 2, b'1'),
('2016-03-08', 155, 1, b'1'),
('2016-03-08', 155, 2, b'1'),
('2016-03-08', 156, 1, b'0'),
('2016-03-08', 156, 2, b'1'),
('2016-03-16', 79, 1, b'1'),
('2016-03-16', 80, 1, b'1'),
('2016-03-16', 81, 1, b'1'),
('2016-03-16', 82, 1, b'1'),
('2016-03-16', 83, 1, b'1'),
('2016-03-16', 84, 1, b'1'),
('2016-03-16', 85, 1, b'1'),
('2016-03-16', 86, 1, b'1'),
('2016-03-16', 87, 1, b'1'),
('2016-03-16', 88, 1, b'1'),
('2016-03-16', 89, 1, b'1'),
('2016-03-16', 90, 1, b'1'),
('2016-03-16', 91, 1, b'1'),
('2016-03-16', 92, 1, b'1'),
('2016-03-16', 93, 1, b'1'),
('2016-03-16', 94, 1, b'1'),
('2016-03-16', 95, 1, b'1'),
('2016-03-16', 96, 1, b'1'),
('2016-03-16', 97, 1, b'1'),
('2016-03-16', 98, 1, b'1'),
('2016-03-16', 99, 1, b'1'),
('2016-03-16', 100, 1, b'1'),
('2016-03-16', 101, 1, b'1'),
('2016-03-16', 102, 1, b'1'),
('2016-03-16', 103, 1, b'1'),
('2016-03-16', 104, 1, b'1'),
('2016-03-16', 105, 1, b'1'),
('2016-03-16', 106, 1, b'1'),
('2016-03-16', 107, 1, b'1'),
('2016-03-16', 108, 1, b'1'),
('2016-03-16', 109, 1, b'1'),
('2016-03-16', 110, 1, b'1'),
('2016-03-16', 111, 1, b'1'),
('2016-03-16', 112, 1, b'1'),
('2016-03-16', 113, 1, b'1'),
('2016-03-16', 114, 1, b'1'),
('2016-03-16', 115, 1, b'1'),
('2016-03-16', 116, 1, b'1'),
('2016-03-16', 117, 1, b'1'),
('2016-03-16', 118, 1, b'1'),
('2016-03-16', 119, 1, b'1'),
('2016-03-16', 120, 1, b'1'),
('2016-03-16', 121, 1, b'1'),
('2016-03-16', 122, 1, b'1'),
('2016-03-16', 123, 1, b'1'),
('2016-03-16', 124, 1, b'1'),
('2016-03-16', 125, 1, b'1'),
('2016-03-16', 126, 1, b'1'),
('2016-03-16', 127, 1, b'1'),
('2016-03-16', 128, 1, b'1'),
('2016-03-16', 129, 1, b'1'),
('2016-03-16', 130, 1, b'1'),
('2016-03-16', 131, 1, b'1'),
('2016-03-16', 132, 1, b'1'),
('2016-03-16', 133, 1, b'1'),
('2016-03-16', 134, 1, b'1'),
('2016-03-16', 135, 1, b'1'),
('2016-03-16', 136, 1, b'1'),
('2016-03-16', 137, 1, b'1'),
('2016-03-16', 138, 1, b'1'),
('2016-03-16', 139, 1, b'1'),
('2016-03-16', 140, 1, b'1'),
('2016-03-16', 141, 1, b'1'),
('2016-03-16', 142, 1, b'1'),
('2016-03-16', 143, 1, b'1'),
('2016-03-16', 144, 1, b'1'),
('2016-03-16', 145, 1, b'1'),
('2016-03-16', 146, 1, b'1'),
('2016-03-16', 147, 1, b'1'),
('2016-03-16', 148, 1, b'1'),
('2016-03-16', 149, 1, b'1'),
('2016-03-16', 150, 1, b'1'),
('2016-03-16', 151, 1, b'1'),
('2016-03-16', 152, 1, b'1'),
('2016-03-16', 153, 1, b'1'),
('2016-03-16', 154, 1, b'1'),
('2016-03-16', 155, 1, b'1'),
('2016-03-16', 156, 1, b'1'),
('2016-03-17', 79, 1, b'1'),
('2016-03-17', 80, 1, b'1'),
('2016-03-17', 81, 1, b'1'),
('2016-03-17', 82, 1, b'1'),
('2016-03-17', 83, 1, b'1'),
('2016-03-17', 84, 1, b'1'),
('2016-03-17', 85, 1, b'1'),
('2016-03-17', 86, 1, b'1'),
('2016-03-17', 87, 1, b'1'),
('2016-03-17', 88, 1, b'1'),
('2016-03-17', 89, 1, b'1'),
('2016-03-17', 90, 1, b'1'),
('2016-03-17', 91, 1, b'1'),
('2016-03-17', 92, 1, b'1'),
('2016-03-17', 93, 1, b'1'),
('2016-03-17', 94, 1, b'1'),
('2016-03-17', 95, 1, b'1'),
('2016-03-17', 96, 1, b'1'),
('2016-03-17', 97, 1, b'1'),
('2016-03-17', 98, 1, b'1'),
('2016-03-17', 99, 1, b'1'),
('2016-03-17', 100, 1, b'1'),
('2016-03-17', 101, 1, b'1'),
('2016-03-17', 102, 1, b'1'),
('2016-03-17', 103, 1, b'1'),
('2016-03-17', 104, 1, b'1'),
('2016-03-17', 105, 1, b'1'),
('2016-03-17', 106, 1, b'1'),
('2016-03-17', 107, 1, b'1'),
('2016-03-17', 108, 1, b'1'),
('2016-03-17', 109, 1, b'1'),
('2016-03-17', 110, 1, b'1'),
('2016-03-17', 111, 1, b'1'),
('2016-03-17', 112, 1, b'1'),
('2016-03-17', 113, 1, b'1'),
('2016-03-17', 114, 1, b'1'),
('2016-03-17', 115, 1, b'1'),
('2016-03-17', 116, 1, b'1'),
('2016-03-17', 117, 1, b'1'),
('2016-03-17', 118, 1, b'1'),
('2016-03-17', 119, 1, b'1'),
('2016-03-17', 120, 1, b'1'),
('2016-03-17', 121, 1, b'1'),
('2016-03-17', 122, 1, b'1'),
('2016-03-17', 123, 1, b'1'),
('2016-03-17', 124, 1, b'1'),
('2016-03-17', 125, 1, b'1'),
('2016-03-17', 126, 1, b'1'),
('2016-03-17', 127, 1, b'1'),
('2016-03-17', 128, 1, b'1'),
('2016-03-17', 129, 1, b'1'),
('2016-03-17', 130, 1, b'1'),
('2016-03-17', 131, 1, b'1'),
('2016-03-17', 132, 1, b'1'),
('2016-03-17', 133, 1, b'1'),
('2016-03-17', 134, 1, b'1'),
('2016-03-17', 135, 1, b'1'),
('2016-03-17', 136, 1, b'1'),
('2016-03-17', 137, 1, b'1'),
('2016-03-17', 138, 1, b'1'),
('2016-03-17', 139, 1, b'1'),
('2016-03-17', 140, 1, b'1'),
('2016-03-17', 141, 1, b'1'),
('2016-03-17', 142, 1, b'1'),
('2016-03-17', 143, 1, b'1'),
('2016-03-17', 144, 1, b'1'),
('2016-03-17', 145, 1, b'1'),
('2016-03-17', 146, 1, b'1'),
('2016-03-17', 147, 1, b'1'),
('2016-03-17', 148, 1, b'1'),
('2016-03-17', 149, 1, b'1'),
('2016-03-17', 150, 1, b'1'),
('2016-03-17', 151, 1, b'1'),
('2016-03-17', 152, 1, b'1'),
('2016-03-17', 153, 1, b'1'),
('2016-03-17', 154, 1, b'1'),
('2016-03-17', 155, 1, b'1'),
('2016-03-17', 156, 1, b'1'),
('2016-03-21', 79, 1, b'1'),
('2016-03-21', 80, 1, b'0'),
('2016-03-21', 81, 1, b'1'),
('2016-03-21', 82, 1, b'1'),
('2016-03-21', 83, 1, b'0'),
('2016-03-21', 84, 1, b'1'),
('2016-03-21', 85, 1, b'1'),
('2016-03-21', 86, 1, b'0'),
('2016-03-21', 87, 1, b'1'),
('2016-03-21', 88, 1, b'1'),
('2016-03-21', 89, 1, b'1'),
('2016-03-21', 90, 1, b'1'),
('2016-03-21', 91, 1, b'1'),
('2016-03-21', 92, 1, b'1'),
('2016-03-21', 93, 1, b'1'),
('2016-03-21', 94, 1, b'1'),
('2016-03-21', 95, 1, b'1'),
('2016-03-21', 96, 1, b'1'),
('2016-03-21', 97, 1, b'1'),
('2016-03-21', 98, 1, b'1'),
('2016-03-21', 99, 1, b'1'),
('2016-03-21', 100, 1, b'1'),
('2016-03-21', 101, 1, b'1'),
('2016-03-21', 102, 1, b'1'),
('2016-03-21', 103, 1, b'1'),
('2016-03-21', 104, 1, b'1'),
('2016-03-21', 105, 1, b'1'),
('2016-03-21', 106, 1, b'1'),
('2016-03-21', 107, 1, b'1'),
('2016-03-21', 108, 1, b'1'),
('2016-03-21', 109, 1, b'1'),
('2016-03-21', 110, 1, b'1'),
('2016-03-21', 111, 1, b'1'),
('2016-03-21', 112, 1, b'1'),
('2016-03-21', 113, 1, b'1'),
('2016-03-21', 114, 1, b'1'),
('2016-03-21', 115, 1, b'1'),
('2016-03-21', 116, 1, b'1'),
('2016-03-21', 117, 1, b'1'),
('2016-03-21', 118, 1, b'1'),
('2016-03-21', 119, 1, b'1'),
('2016-03-21', 120, 1, b'1'),
('2016-03-21', 121, 1, b'1'),
('2016-03-21', 122, 1, b'1'),
('2016-03-21', 123, 1, b'1'),
('2016-03-21', 124, 1, b'1'),
('2016-03-21', 125, 1, b'1'),
('2016-03-21', 126, 1, b'1'),
('2016-03-21', 127, 1, b'1'),
('2016-03-21', 128, 1, b'1'),
('2016-03-21', 129, 1, b'1'),
('2016-03-21', 130, 1, b'1'),
('2016-03-21', 131, 1, b'1'),
('2016-03-21', 132, 1, b'1'),
('2016-03-21', 133, 1, b'1'),
('2016-03-21', 134, 1, b'1'),
('2016-03-21', 135, 1, b'1'),
('2016-03-21', 136, 1, b'1'),
('2016-03-21', 137, 1, b'1'),
('2016-03-21', 138, 1, b'1'),
('2016-03-21', 139, 1, b'1'),
('2016-03-21', 140, 1, b'1'),
('2016-03-21', 141, 1, b'1'),
('2016-03-21', 142, 1, b'1'),
('2016-03-21', 143, 1, b'1'),
('2016-03-21', 144, 1, b'1'),
('2016-03-21', 145, 1, b'1'),
('2016-03-21', 146, 1, b'1'),
('2016-03-21', 147, 1, b'1'),
('2016-03-21', 148, 1, b'1'),
('2016-03-21', 149, 1, b'1'),
('2016-03-21', 150, 1, b'1'),
('2016-03-21', 151, 1, b'1'),
('2016-03-21', 152, 1, b'1'),
('2016-03-21', 153, 1, b'1'),
('2016-03-21', 154, 1, b'1'),
('2016-03-21', 155, 1, b'1'),
('2016-03-21', 156, 1, b'1'),
('2016-03-22', 79, 1, b'1'),
('2016-03-22', 80, 1, b'1'),
('2016-03-22', 81, 1, b'1'),
('2016-03-22', 82, 1, b'1'),
('2016-03-22', 83, 1, b'1'),
('2016-03-22', 84, 1, b'1'),
('2016-03-22', 85, 1, b'1'),
('2016-03-22', 86, 1, b'1'),
('2016-03-22', 87, 1, b'1'),
('2016-03-22', 88, 1, b'1'),
('2016-03-22', 89, 1, b'1'),
('2016-03-22', 90, 1, b'1'),
('2016-03-22', 91, 1, b'1'),
('2016-03-22', 92, 1, b'1'),
('2016-03-22', 93, 1, b'1'),
('2016-03-22', 94, 1, b'1'),
('2016-03-22', 95, 1, b'1'),
('2016-03-22', 96, 1, b'1'),
('2016-03-22', 97, 1, b'1'),
('2016-03-22', 98, 1, b'1'),
('2016-03-22', 99, 1, b'1'),
('2016-03-22', 100, 1, b'1'),
('2016-03-22', 101, 1, b'1'),
('2016-03-22', 102, 1, b'1'),
('2016-03-22', 103, 1, b'1'),
('2016-03-22', 104, 1, b'1'),
('2016-03-22', 105, 1, b'1'),
('2016-03-22', 106, 1, b'1'),
('2016-03-22', 107, 1, b'1'),
('2016-03-22', 108, 1, b'1'),
('2016-03-22', 109, 1, b'1'),
('2016-03-22', 110, 1, b'1'),
('2016-03-22', 111, 1, b'0'),
('2016-03-22', 112, 1, b'1'),
('2016-03-22', 113, 1, b'0'),
('2016-03-22', 114, 1, b'1'),
('2016-03-22', 115, 1, b'1'),
('2016-03-22', 116, 1, b'1'),
('2016-03-22', 117, 1, b'0'),
('2016-03-22', 118, 1, b'1'),
('2016-03-22', 119, 1, b'1'),
('2016-03-22', 120, 1, b'1'),
('2016-03-22', 121, 1, b'1'),
('2016-03-22', 122, 1, b'1'),
('2016-03-22', 123, 1, b'1'),
('2016-03-22', 124, 1, b'1'),
('2016-03-22', 125, 1, b'1'),
('2016-03-22', 126, 1, b'1'),
('2016-03-22', 127, 1, b'1'),
('2016-03-22', 128, 1, b'1'),
('2016-03-22', 129, 1, b'1'),
('2016-03-22', 130, 1, b'1'),
('2016-03-22', 131, 1, b'1'),
('2016-03-22', 132, 1, b'1'),
('2016-03-22', 133, 1, b'1'),
('2016-03-22', 134, 1, b'1'),
('2016-03-22', 135, 1, b'1'),
('2016-03-22', 136, 1, b'1'),
('2016-03-22', 137, 1, b'1'),
('2016-03-22', 138, 1, b'1'),
('2016-03-22', 139, 1, b'1'),
('2016-03-22', 140, 1, b'1'),
('2016-03-22', 141, 1, b'1'),
('2016-03-22', 142, 1, b'1'),
('2016-03-22', 143, 1, b'1'),
('2016-03-22', 144, 1, b'1'),
('2016-03-22', 145, 1, b'1'),
('2016-03-22', 146, 1, b'1'),
('2016-03-22', 147, 1, b'1'),
('2016-03-22', 148, 1, b'1'),
('2016-03-22', 149, 1, b'1'),
('2016-03-22', 150, 1, b'1'),
('2016-03-22', 151, 1, b'1'),
('2016-03-22', 152, 1, b'1'),
('2016-03-22', 153, 1, b'1'),
('2016-03-22', 154, 1, b'1'),
('2016-03-22', 155, 1, b'1'),
('2016-03-22', 156, 1, b'1'),
('2016-03-24', 79, 1, b'1'),
('2016-03-24', 80, 1, b'0'),
('2016-03-24', 81, 1, b'1'),
('2016-03-24', 82, 1, b'1'),
('2016-03-24', 83, 1, b'1'),
('2016-03-24', 84, 1, b'0'),
('2016-03-24', 85, 1, b'1'),
('2016-03-24', 86, 1, b'1'),
('2016-03-24', 87, 1, b'0'),
('2016-03-24', 88, 1, b'1'),
('2016-03-24', 89, 1, b'1'),
('2016-03-24', 90, 1, b'0'),
('2016-03-24', 91, 1, b'1'),
('2016-03-24', 92, 1, b'1'),
('2016-03-24', 93, 1, b'1'),
('2016-03-24', 94, 1, b'1'),
('2016-03-24', 95, 1, b'0'),
('2016-03-24', 96, 1, b'1'),
('2016-03-24', 97, 1, b'1'),
('2016-03-24', 98, 1, b'0'),
('2016-03-24', 99, 1, b'0'),
('2016-03-24', 100, 1, b'1'),
('2016-03-24', 101, 1, b'1'),
('2016-03-24', 102, 1, b'0'),
('2016-03-24', 103, 1, b'0'),
('2016-03-24', 104, 1, b'0'),
('2016-03-24', 105, 1, b'1'),
('2016-03-24', 106, 1, b'0'),
('2016-03-24', 107, 1, b'1'),
('2016-03-24', 108, 1, b'0'),
('2016-03-24', 109, 1, b'1'),
('2016-03-24', 110, 1, b'0'),
('2016-03-24', 111, 1, b'1'),
('2016-03-24', 112, 1, b'0'),
('2016-03-24', 113, 1, b'1'),
('2016-03-24', 114, 1, b'0'),
('2016-03-24', 115, 1, b'1'),
('2016-03-24', 116, 1, b'0'),
('2016-03-24', 117, 1, b'1'),
('2016-03-24', 118, 1, b'0'),
('2016-03-24', 119, 1, b'0'),
('2016-03-24', 120, 1, b'1'),
('2016-03-24', 121, 1, b'1'),
('2016-03-24', 122, 1, b'1'),
('2016-03-24', 123, 1, b'0'),
('2016-03-24', 124, 1, b'1'),
('2016-03-24', 125, 1, b'1'),
('2016-03-24', 126, 1, b'0'),
('2016-03-24', 127, 1, b'1'),
('2016-03-24', 128, 1, b'0'),
('2016-03-24', 129, 1, b'1'),
('2016-03-24', 130, 1, b'0'),
('2016-03-24', 131, 1, b'1'),
('2016-03-24', 132, 1, b'1'),
('2016-03-24', 133, 1, b'0'),
('2016-03-24', 134, 1, b'1'),
('2016-03-24', 135, 1, b'0'),
('2016-03-24', 136, 1, b'1'),
('2016-03-24', 137, 1, b'0'),
('2016-03-24', 138, 1, b'0'),
('2016-03-24', 139, 1, b'0'),
('2016-03-24', 140, 1, b'1'),
('2016-03-24', 141, 1, b'1'),
('2016-03-24', 142, 1, b'0'),
('2016-03-24', 143, 1, b'0'),
('2016-03-24', 144, 1, b'1'),
('2016-03-24', 145, 1, b'1'),
('2016-03-24', 146, 1, b'0'),
('2016-03-24', 147, 1, b'1'),
('2016-03-24', 148, 1, b'0'),
('2016-03-24', 149, 1, b'0'),
('2016-03-24', 150, 1, b'1'),
('2016-03-24', 151, 1, b'1'),
('2016-03-24', 152, 1, b'0'),
('2016-03-24', 153, 1, b'1'),
('2016-03-24', 154, 1, b'1'),
('2016-03-24', 155, 1, b'0'),
('2016-03-24', 156, 1, b'0'),
('2016-03-25', 79, 1, b'1'),
('2016-03-25', 80, 1, b'1'),
('2016-03-25', 81, 1, b'0'),
('2016-03-25', 82, 1, b'1'),
('2016-03-25', 83, 1, b'1'),
('2016-03-25', 84, 1, b'1'),
('2016-03-25', 85, 1, b'0'),
('2016-03-25', 86, 1, b'0'),
('2016-03-25', 87, 1, b'1'),
('2016-03-25', 88, 1, b'1'),
('2016-03-25', 89, 1, b'0'),
('2016-03-25', 90, 1, b'0'),
('2016-03-25', 91, 1, b'1'),
('2016-03-25', 92, 1, b'1'),
('2016-03-25', 93, 1, b'1'),
('2016-03-25', 94, 1, b'0'),
('2016-03-25', 95, 1, b'1'),
('2016-03-25', 96, 1, b'1'),
('2016-03-25', 97, 1, b'1'),
('2016-03-25', 98, 1, b'0'),
('2016-03-25', 99, 1, b'1'),
('2016-03-25', 100, 1, b'0'),
('2016-03-25', 101, 1, b'1'),
('2016-03-25', 102, 1, b'1'),
('2016-03-25', 103, 1, b'1'),
('2016-03-25', 104, 1, b'0'),
('2016-03-25', 105, 1, b'1'),
('2016-03-25', 106, 1, b'1'),
('2016-03-25', 107, 1, b'1'),
('2016-03-25', 108, 1, b'0'),
('2016-03-25', 109, 1, b'1'),
('2016-03-25', 110, 1, b'1'),
('2016-03-25', 111, 1, b'0'),
('2016-03-25', 112, 1, b'1'),
('2016-03-25', 113, 1, b'1'),
('2016-03-25', 114, 1, b'1'),
('2016-03-25', 115, 1, b'0'),
('2016-03-25', 116, 1, b'1'),
('2016-03-25', 117, 1, b'1'),
('2016-03-25', 118, 1, b'0'),
('2016-03-25', 119, 1, b'1'),
('2016-03-25', 120, 1, b'0'),
('2016-03-25', 121, 1, b'1'),
('2016-03-25', 122, 1, b'1'),
('2016-03-25', 123, 1, b'1'),
('2016-03-25', 124, 1, b'0'),
('2016-03-25', 125, 1, b'1'),
('2016-03-25', 126, 1, b'1'),
('2016-03-25', 127, 1, b'0'),
('2016-03-25', 128, 1, b'1'),
('2016-03-25', 129, 1, b'1'),
('2016-03-25', 130, 1, b'0'),
('2016-03-25', 131, 1, b'1'),
('2016-03-25', 132, 1, b'1'),
('2016-03-25', 133, 1, b'1'),
('2016-03-25', 134, 1, b'0'),
('2016-03-25', 135, 1, b'1'),
('2016-03-25', 136, 1, b'1'),
('2016-03-25', 137, 1, b'0'),
('2016-03-25', 138, 1, b'1'),
('2016-03-25', 139, 1, b'0'),
('2016-03-25', 140, 1, b'1'),
('2016-03-25', 141, 1, b'1'),
('2016-03-25', 142, 1, b'1'),
('2016-03-25', 143, 1, b'1'),
('2016-03-25', 144, 1, b'0'),
('2016-03-25', 145, 1, b'1'),
('2016-03-25', 146, 1, b'1'),
('2016-03-25', 147, 1, b'1'),
('2016-03-25', 148, 1, b'0'),
('2016-03-25', 149, 1, b'0'),
('2016-03-25', 150, 1, b'1'),
('2016-03-25', 151, 1, b'1'),
('2016-03-25', 152, 1, b'0'),
('2016-03-25', 153, 1, b'0'),
('2016-03-25', 154, 1, b'0'),
('2016-03-25', 155, 1, b'1'),
('2016-03-25', 156, 1, b'0'),
('2016-03-29', 79, 1, b'1'),
('2016-03-29', 80, 1, b'1'),
('2016-03-29', 81, 1, b'1'),
('2016-03-29', 82, 1, b'1'),
('2016-03-29', 83, 1, b'1'),
('2016-03-29', 84, 1, b'1'),
('2016-03-29', 85, 1, b'1'),
('2016-03-29', 86, 1, b'1'),
('2016-03-29', 87, 1, b'1'),
('2016-03-29', 88, 1, b'1'),
('2016-03-29', 89, 1, b'1'),
('2016-03-29', 90, 1, b'1'),
('2016-03-29', 91, 1, b'1'),
('2016-03-29', 92, 1, b'1'),
('2016-03-29', 93, 1, b'1'),
('2016-03-29', 94, 1, b'1'),
('2016-03-29', 95, 1, b'1'),
('2016-03-29', 96, 1, b'1'),
('2016-03-29', 97, 1, b'1'),
('2016-03-29', 98, 1, b'1'),
('2016-03-29', 99, 1, b'1'),
('2016-03-29', 100, 1, b'1'),
('2016-03-29', 101, 1, b'1'),
('2016-03-29', 102, 1, b'1'),
('2016-03-29', 103, 1, b'1'),
('2016-03-29', 104, 1, b'1'),
('2016-03-29', 105, 1, b'1'),
('2016-03-29', 106, 1, b'1'),
('2016-03-29', 107, 1, b'1'),
('2016-03-29', 108, 1, b'1'),
('2016-03-29', 109, 1, b'1'),
('2016-03-29', 110, 1, b'1'),
('2016-03-29', 111, 1, b'1'),
('2016-03-29', 112, 1, b'1'),
('2016-03-29', 113, 1, b'1'),
('2016-03-29', 114, 1, b'1'),
('2016-03-29', 115, 1, b'1'),
('2016-03-29', 116, 1, b'1'),
('2016-03-29', 117, 1, b'1'),
('2016-03-29', 118, 1, b'1'),
('2016-03-29', 119, 1, b'1'),
('2016-03-29', 120, 1, b'1'),
('2016-03-29', 121, 1, b'1'),
('2016-03-29', 122, 1, b'1'),
('2016-03-29', 123, 1, b'1'),
('2016-03-29', 124, 1, b'1'),
('2016-03-29', 125, 1, b'1'),
('2016-03-29', 126, 1, b'1'),
('2016-03-29', 127, 1, b'1'),
('2016-03-29', 128, 1, b'1'),
('2016-03-29', 129, 1, b'1'),
('2016-03-29', 130, 1, b'1'),
('2016-03-29', 131, 1, b'1'),
('2016-03-29', 132, 1, b'1'),
('2016-03-29', 133, 1, b'1'),
('2016-03-29', 134, 1, b'1'),
('2016-03-29', 135, 1, b'1'),
('2016-03-29', 136, 1, b'1'),
('2016-03-29', 137, 1, b'1'),
('2016-03-29', 138, 1, b'1'),
('2016-03-29', 139, 1, b'1'),
('2016-03-29', 140, 1, b'1'),
('2016-03-29', 141, 1, b'1'),
('2016-03-29', 142, 1, b'1'),
('2016-03-29', 143, 1, b'1'),
('2016-03-29', 144, 1, b'1'),
('2016-03-29', 145, 1, b'1'),
('2016-03-29', 146, 1, b'1'),
('2016-03-29', 147, 1, b'1'),
('2016-03-29', 148, 1, b'1'),
('2016-03-29', 149, 1, b'1'),
('2016-03-29', 150, 1, b'1'),
('2016-03-29', 151, 1, b'1'),
('2016-03-29', 152, 1, b'1'),
('2016-03-29', 153, 1, b'1'),
('2016-03-29', 154, 1, b'1'),
('2016-03-29', 155, 1, b'1'),
('2016-03-29', 156, 1, b'1'),
('2016-03-30', 79, 1, b'1'),
('2016-03-30', 80, 1, b'1'),
('2016-03-30', 81, 1, b'1'),
('2016-03-30', 82, 1, b'1'),
('2016-03-30', 83, 1, b'1'),
('2016-03-30', 84, 1, b'1'),
('2016-03-30', 85, 1, b'1'),
('2016-03-30', 86, 1, b'1'),
('2016-03-30', 87, 1, b'1'),
('2016-03-30', 88, 1, b'1'),
('2016-03-30', 89, 1, b'1'),
('2016-03-30', 90, 1, b'1'),
('2016-03-30', 91, 1, b'1'),
('2016-03-30', 92, 1, b'1'),
('2016-03-30', 93, 1, b'1'),
('2016-03-30', 94, 1, b'1'),
('2016-03-30', 95, 1, b'1'),
('2016-03-30', 96, 1, b'1'),
('2016-03-30', 97, 1, b'1'),
('2016-03-30', 98, 1, b'1'),
('2016-03-30', 99, 1, b'1'),
('2016-03-30', 100, 1, b'1'),
('2016-03-30', 101, 1, b'1'),
('2016-03-30', 102, 1, b'1'),
('2016-03-30', 103, 1, b'1'),
('2016-03-30', 104, 1, b'1'),
('2016-03-30', 105, 1, b'1'),
('2016-03-30', 106, 1, b'1'),
('2016-03-30', 107, 1, b'1'),
('2016-03-30', 108, 1, b'1'),
('2016-03-30', 109, 1, b'1'),
('2016-03-30', 110, 1, b'1'),
('2016-03-30', 111, 1, b'1'),
('2016-03-30', 112, 1, b'1'),
('2016-03-30', 113, 1, b'1'),
('2016-03-30', 114, 1, b'1'),
('2016-03-30', 115, 1, b'1'),
('2016-03-30', 116, 1, b'1'),
('2016-03-30', 117, 1, b'1'),
('2016-03-30', 118, 1, b'1'),
('2016-03-30', 119, 1, b'1'),
('2016-03-30', 120, 1, b'1'),
('2016-03-30', 121, 1, b'1'),
('2016-03-30', 122, 1, b'1'),
('2016-03-30', 123, 1, b'1'),
('2016-03-30', 124, 1, b'1'),
('2016-03-30', 125, 1, b'1'),
('2016-03-30', 126, 1, b'1'),
('2016-03-30', 127, 1, b'1'),
('2016-03-30', 128, 1, b'1'),
('2016-03-30', 129, 1, b'1'),
('2016-03-30', 130, 1, b'1'),
('2016-03-30', 131, 1, b'1'),
('2016-03-30', 132, 1, b'1'),
('2016-03-30', 133, 1, b'1'),
('2016-03-30', 134, 1, b'1'),
('2016-03-30', 135, 1, b'1'),
('2016-03-30', 136, 1, b'1'),
('2016-03-30', 137, 1, b'1'),
('2016-03-30', 138, 1, b'1'),
('2016-03-30', 139, 1, b'1'),
('2016-03-30', 140, 1, b'1'),
('2016-03-30', 141, 1, b'1'),
('2016-03-30', 142, 1, b'1'),
('2016-03-30', 143, 1, b'1'),
('2016-03-30', 144, 1, b'1'),
('2016-03-30', 145, 1, b'1'),
('2016-03-30', 146, 1, b'1'),
('2016-03-30', 147, 1, b'1'),
('2016-03-30', 148, 1, b'1'),
('2016-03-30', 149, 1, b'1'),
('2016-03-30', 150, 1, b'1'),
('2016-03-30', 151, 1, b'1'),
('2016-03-30', 152, 1, b'1'),
('2016-03-30', 153, 1, b'1'),
('2016-03-30', 154, 1, b'1'),
('2016-03-30', 155, 1, b'1'),
('2016-03-30', 156, 1, b'1');

-- --------------------------------------------------------

--
-- Table structure for table `Staff`
--

CREATE TABLE IF NOT EXISTS `Staff` (
  `StaffId` int(10) NOT NULL,
  `Name` varchar(100) NOT NULL,
  `Gender` bit(1) NOT NULL,
  `Email` varchar(255) NOT NULL,
  `Username` varchar(20) NOT NULL,
  `Salt` varchar(255) NOT NULL,
  `RegisterTime` timestamp NOT NULL DEFAULT CURRENT_TIMESTAMP
) ENGINE=InnoDB AUTO_INCREMENT=79 DEFAULT CHARSET=latin1;

--
-- Dumping data for table `Staff`
--

INSERT INTO `Staff` (`StaffId`, `Name`, `Gender`, `Email`, `Username`, `Salt`, `RegisterTime`) VALUES
(2, 'Rohan', b'1', 'rjagiasi@gmail.com', 'admin', '$1$9hWOk6kq$2GJTfzS214qNqXvy8Scsb1', '2016-03-10 08:56:34'),
(3, 'a', b'1', 'a@b.c', 'abc_def', '$1$EZrPSD5S$Fbw1oa1Vekt0Ope6gCnd/0', '2016-03-14 14:44:20'),
(46, 'a', b'1', 'a@b.cd', 'abc_defg', '$1$qfMJvak/$R7cUqEn/pCzp4AnXKSjl41', '2016-03-14 17:52:50'),
(49, 'a', b'1', 'a@b.com', 'abc_defgh', '$1$D3MY6f3W$xKOeEfa9k3fNjhwBh/yHU1', '2016-03-22 14:18:12'),
(74, 'a', b'1', 'a@b.cdsd', 'abc_defghij', '$1$r2TAGYA6$Be.U5cFxtGxMDHHcGQnin/', '2016-03-24 14:37:44'),
(75, 'a', b'1', 'a@b.cdhgf', 'ab_udjshuio', '$1$aC7Xsikp$U12TDhzCKJ.9YDNsqOQnh.', '2016-03-24 15:22:32'),
(76, 'a', b'1', 'a@b.cdef', 'abcd_ef', '$1$ZyRakLsN$pNySfEqRxF3lQpAAOfEw6/', '2016-03-25 04:56:04'),
(78, 'Raj R', b'1', 'abc.def@example.com', 'rajramch', '$1$DYB3nuZQ$s8vfPciqBvs0F3NH5.JT/0', '2016-03-25 15:09:18');

-- --------------------------------------------------------

--
-- Table structure for table `Student`
--

CREATE TABLE IF NOT EXISTS `Student` (
  `StudentId` int(10) NOT NULL,
  `Name` varchar(100) NOT NULL,
  `ClassId` int(10) NOT NULL,
  `RollNo` int(3) NOT NULL
) ENGINE=InnoDB AUTO_INCREMENT=157 DEFAULT CHARSET=latin1;

--
-- Dumping data for table `Student`
--

INSERT INTO `Student` (`StudentId`, `Name`, `ClassId`, `RollNo`) VALUES
(79, 'Agarwal Chayan Dilip Jyoti', 1, 1),
(80, 'Ahuja Jitesh Hareshlal Rachna', 1, 2),
(81, 'Ahuja Pratik Deepak Vinitha', 1, 3),
(82, 'Ambavane Arpita Anil Seema', 1, 4),
(83, 'Chanchlani Sahil Anil Mamta', 1, 5),
(84, 'Chandiramani Jeetiksha Jagdish Uma', 1, 6),
(85, 'Chawla Girish Ajitlal Manisha', 1, 7),
(86, 'Chhabria Rashmi Sunil Tejal', 1, 8),
(87, 'Chhabria Sonia Vinod Payal', 1, 9),
(88, 'Daryani Sonia Haresh Renu', 1, 10),
(89, 'Dayaramani Kunal Ashokkumar Kiran', 1, 11),
(90, 'Dharne Ankita Yashavant Vijaya', 1, 12),
(91, 'Fatnani Amit jayant Chandni', 1, 13),
(92, 'Gaikwad Laukik Deepak Pooja', 1, 14),
(93, 'Gaikwad Vaibhav Ramdas Ratika', 1, 15),
(94, 'Gavane Aditya Jayant Sangeeta', 1, 16),
(95, 'Ghosalkar Shubham Sudesh Shraddha', 1, 17),
(96, 'Goyal Vaibhav Shailandra Daya', 1, 18),
(97, 'Gulrajani Arpan Pralhad Meera', 1, 19),
(98, 'Gurumurthy Ajay Sujatha', 1, 20),
(99, 'Harjani Neeraj Haresh Renu', 1, 21),
(100, 'Hindalekar Siddhesh Deepak Vanita', 1, 22),
(101, 'Hinduja Jai Ravindra Bharati', 1, 23),
(102, 'Holla Sooraj Vaman Jayalakshmi', 1, 24),
(103, 'Jagiasi Rohan Mahesh Ritu', 1, 25),
(104, 'Jaisinghani Anjali Chander Varsha', 1, 26),
(105, 'Jethwani Nikhil Vijay Anita', 1, 27),
(106, 'Jetwani Aniket Pradeep Bhavna', 1, 28),
(107, 'Jhawar Raghav Sandeepkumar Kiran', 1, 29),
(108, 'Juvekar Kalpesh Deepak Dipali', 1, 30),
(109, 'Kalla Ayush Opendra Arti', 1, 31),
(110, 'Karda Uddesh Narayan Divya', 1, 32),
(111, 'Karle Nihar Girish Dipali', 1, 33),
(112, 'Katkar Akash Nitin Rakhi', 1, 34),
(113, 'Kesharwani Ankit Ramdas Usha', 1, 35),
(114, 'Kewlani Dhiren Jagdish Vanita', 1, 36),
(115, 'Khatwani Bhavna Rajesh Sonal', 1, 37),
(116, 'Khiani Akash Gopal Kajal', 1, 38),
(117, 'Kogta Sushil Satish Rajashree', 1, 39),
(118, 'Kulal Punit Sukumar Premalatha', 1, 40),
(119, 'Lalwani Rohit Rameshlal Bhavna', 1, 41),
(120, 'Lilani Akshaykumar Jagdish Vinita', 1, 42),
(121, 'Mhadnak Siddhesh Satish Sunita', 1, 43),
(122, 'Mirjankar Siddhesh Nitin Anita', 1, 44),
(123, 'Motwani Jayesh Naresh Divya', 1, 45),
(124, 'Motwani Ram Naresh Pushpa', 1, 46),
(125, 'Murpana Karan Vijay Mala', 1, 47),
(126, 'Nagpal Jayesh Harish Reshma', 1, 48),
(127, 'Nighot Aniket Prakash Surekha', 1, 49),
(128, 'Parab Ameya Dattaram Shubhada', 1, 50),
(129, 'Parwani Mahesh Suresh Kanchan', 1, 51),
(130, 'Popat Payal Dipak Arti', 1, 52),
(131, 'Purswani Juhi Deepak Kiran', 1, 53),
(132, 'Raghuwanshi Radhika Rajendra Geeta', 1, 54),
(133, 'Rajpal Simran Prakash Vinita', 1, 55),
(134, 'Ramchandani Raj Mahesh Neha', 1, 56),
(135, 'Rohra Nitin Rajesh Sonia', 1, 57),
(136, 'Rupani Dinesh Dilip Vinita', 1, 58),
(137, 'Sajnani Shikha Gurmukh Varsha', 1, 59),
(138, 'Sapla Sumeet Gobindram Lata', 1, 60),
(139, 'Sayyed Ashraf Hussain ', 1, 61),
(140, 'Shah Krima Nikesh Shilpa', 1, 62),
(141, 'Shaha Aarju Rahim Faridabanu', 1, 63),
(142, 'Shahani Hitesh Dayal Vidya', 1, 64),
(143, 'Shetty Rahul Jayaram Ahalya', 1, 65),
(144, 'Singh Pooja Vijaykumar Sarla', 1, 66),
(145, 'Solanki Miten Chandulal Rita', 1, 67),
(146, 'Srinivasan Krithika Sanjay Radhika', 1, 68),
(147, 'Tilwani Pawan Dilip Varsha', 1, 69),
(148, 'Tripathi Saurabh Rameshkumar Dipti', 1, 70),
(149, 'Turshani Deepa Khemaldas Mohini', 1, 71),
(150, 'Valecha Abhinav Vinod Manisha', 1, 72),
(151, 'Wadhwa Rohit Dilipkumar kanchan', 1, 73),
(152, 'Wagle Sushant Surendra Supriya', 1, 74),
(153, 'Wani Anjali Ananth Anagha', 1, 75),
(154, 'Yadav Rajeevkumar Shridhar Malti', 1, 76),
(155, 'Yadav Ravi Shyamnarayan Savita', 1, 77),
(156, 'Yedelli Rohini Dhananjay Lavanya', 1, 78);

-- --------------------------------------------------------

--
-- Table structure for table `Subjects`
--

CREATE TABLE IF NOT EXISTS `Subjects` (
  `SubjectId` int(10) NOT NULL,
  `Name` varchar(20) NOT NULL,
  `ClassId` int(10) NOT NULL,
  `StaffId` int(10) NOT NULL
) ENGINE=InnoDB AUTO_INCREMENT=3 DEFAULT CHARSET=latin1;

--
-- Dumping data for table `Subjects`
--

INSERT INTO `Subjects` (`SubjectId`, `Name`, `ClassId`, `StaffId`) VALUES
(1, 'WP', 1, 2),
(2, 'AT', 1, 3);

-- --------------------------------------------------------

--
-- Structure for view `LectAttended`
--
DROP TABLE IF EXISTS `LectAttended`;

CREATE ALGORITHM=UNDEFINED DEFINER=`root`@`localhost` SQL SECURITY DEFINER VIEW `LectAttended` AS (select `Student`.`ClassId` AS `ClassId`,`Student`.`RollNo` AS `RollNo`,`Record`.`SubjectId` AS `SubjectId`,count(`Record`.`PA`) AS `lecatt` from (`Student` join `Record` on(((`Student`.`StudentId` = `Record`.`StudentId`) and (`Record`.`PA` = 0x01)))) group by `Record`.`SubjectId`,`Record`.`StudentId`);

-- --------------------------------------------------------

--
-- Structure for view `NOL`
--
DROP TABLE IF EXISTS `NOL`;

CREATE ALGORITHM=UNDEFINED DEFINER=`root`@`localhost` SQL SECURITY DEFINER VIEW `NOL` AS (select `Subjects`.`Name` AS `Name`,`Subjects`.`ClassId` AS `ClassId`,`Subjects`.`SubjectId` AS `SubjectId`,count(distinct `Record`.`Date`) AS `nooflect` from (`Subjects` join `Record` on((`Subjects`.`SubjectId` = `Record`.`SubjectId`))) group by `Record`.`SubjectId`);

--
-- Indexes for dumped tables
--

--
-- Indexes for table `Class`
--
ALTER TABLE `Class`
  ADD PRIMARY KEY (`ClassId`),
  ADD KEY `DeptId` (`DeptId`);

--
-- Indexes for table `Department`
--
ALTER TABLE `Department`
  ADD PRIMARY KEY (`DeptId`);

--
-- Indexes for table `Record`
--
ALTER TABLE `Record`
  ADD PRIMARY KEY (`Date`,`StudentId`,`SubjectId`),
  ADD KEY `StudentId` (`StudentId`,`SubjectId`),
  ADD KEY `SubjectId` (`SubjectId`);

--
-- Indexes for table `Staff`
--
ALTER TABLE `Staff`
  ADD PRIMARY KEY (`StaffId`),
  ADD UNIQUE KEY `Email` (`Email`),
  ADD UNIQUE KEY `Username` (`Username`);

--
-- Indexes for table `Student`
--
ALTER TABLE `Student`
  ADD PRIMARY KEY (`StudentId`),
  ADD UNIQUE KEY `ClassId` (`ClassId`,`RollNo`);

--
-- Indexes for table `Subjects`
--
ALTER TABLE `Subjects`
  ADD PRIMARY KEY (`SubjectId`),
  ADD KEY `ClassId` (`ClassId`),
  ADD KEY `StaffId` (`StaffId`);

--
-- AUTO_INCREMENT for dumped tables
--

--
-- AUTO_INCREMENT for table `Class`
--
ALTER TABLE `Class`
  MODIFY `ClassId` int(10) NOT NULL AUTO_INCREMENT,AUTO_INCREMENT=6;
--
-- AUTO_INCREMENT for table `Department`
--
ALTER TABLE `Department`
  MODIFY `DeptId` int(10) NOT NULL AUTO_INCREMENT,AUTO_INCREMENT=3;
--
-- AUTO_INCREMENT for table `Staff`
--
ALTER TABLE `Staff`
  MODIFY `StaffId` int(10) NOT NULL AUTO_INCREMENT,AUTO_INCREMENT=79;
--
-- AUTO_INCREMENT for table `Student`
--
ALTER TABLE `Student`
  MODIFY `StudentId` int(10) NOT NULL AUTO_INCREMENT,AUTO_INCREMENT=157;
--
-- AUTO_INCREMENT for table `Subjects`
--
ALTER TABLE `Subjects`
  MODIFY `SubjectId` int(10) NOT NULL AUTO_INCREMENT,AUTO_INCREMENT=3;
--
-- Constraints for dumped tables
--

--
-- Constraints for table `Class`
--
ALTER TABLE `Class`
  ADD CONSTRAINT `Class_ibfk_1` FOREIGN KEY (`DeptId`) REFERENCES `Department` (`DeptId`);

--
-- Constraints for table `Record`
--
ALTER TABLE `Record`
  ADD CONSTRAINT `Record_ibfk_1` FOREIGN KEY (`StudentId`) REFERENCES `Student` (`StudentId`),
  ADD CONSTRAINT `Record_ibfk_2` FOREIGN KEY (`SubjectId`) REFERENCES `Subjects` (`SubjectId`);

--
-- Constraints for table `Student`
--
ALTER TABLE `Student`
  ADD CONSTRAINT `Student_ibfk_1` FOREIGN KEY (`ClassId`) REFERENCES `Class` (`ClassId`);

--
-- Constraints for table `Subjects`
--
ALTER TABLE `Subjects`
  ADD CONSTRAINT `Subjects_ibfk_1` FOREIGN KEY (`ClassId`) REFERENCES `Class` (`ClassId`),
  ADD CONSTRAINT `Subjects_ibfk_2` FOREIGN KEY (`StaffId`) REFERENCES `Staff` (`StaffId`);

/*!40101 SET CHARACTER_SET_CLIENT=@OLD_CHARACTER_SET_CLIENT */;
/*!40101 SET CHARACTER_SET_RESULTS=@OLD_CHARACTER_SET_RESULTS */;
/*!40101 SET COLLATION_CONNECTION=@OLD_COLLATION_CONNECTION */;
