-- phpMyAdmin SQL Dump
-- version 4.5.4.1deb2ubuntu2
-- http://www.phpmyadmin.net
--
-- Host: localhost
-- Generation Time: Jan 23, 2017 at 07:51 PM
-- Server version: 5.7.17-0ubuntu0.16.04.1
-- PHP Version: 7.0.13-0ubuntu0.16.04.1

SET SQL_MODE = "NO_AUTO_VALUE_ON_ZERO";
SET time_zone = "+00:00";


/*!40101 SET @OLD_CHARACTER_SET_CLIENT=@@CHARACTER_SET_CLIENT */;
/*!40101 SET @OLD_CHARACTER_SET_RESULTS=@@CHARACTER_SET_RESULTS */;
/*!40101 SET @OLD_COLLATION_CONNECTION=@@COLLATION_CONNECTION */;
/*!40101 SET NAMES utf8mb4 */;

--
-- Database: `Attendance`
--

DELIMITER $$
--
-- Procedures
--
CREATE DEFINER=`root`@`localhost` PROCEDURE `GetClasses` (IN `sid` INT)  NO SQL
SELECT classes.Name as c, dept.Name as d from
					(SELECT Name, DeptId from Class Where ClassId in
						(SELECT distinct ClassId From Subjects Where SubjectId in
							(SELECT distinct SubjectId from Labs Where StaffId = sid
							UNION
							SELECT distinct SubjectId from Lectures Where StaffId = sid
							)
						)
					) as classes, Department as dept
					WHERE classes.DeptId = dept.DeptId$$

CREATE DEFINER=`root`@`localhost` PROCEDURE `GetClassReport` (IN `startDate` DATE, IN `endDate` DATE, IN `classId` INT(10))  NO SQL
(select 
 `Student`.`RollNo` AS `RollNo`,
 `Record`.`SubjectId` AS `SubjectId`,
 
COUNT(CASE WHEN Record.PA = 0x01 then 1 ELSE NULL END) as "Pres",
COUNT(CASE WHEN Record.PA = 0x00 then 1 ELSE NULL END) as "Abs"
 
 from (`Student` 
       join `Record` 
       on(((
           `Student`.`StudentId` = `Record`.`StudentId`
       ) 
           AND Student.ClassId = classId 
           AND Record.Date BETWEEN startDate AND endDate))) 
 group by `Record`.`SubjectId`,`Record`.`StudentId`)
 ORDER BY RollNo, SubjectId ASC$$

CREATE DEFINER=`root`@`localhost` PROCEDURE `GetStudentReport` (IN `class` INT, IN `rollno` INT)  NO SQL
(select 
 `Record`.`SubjectId` AS `SubjectId`,
 
COUNT(CASE WHEN Record.PA = 0x01 then 1 ELSE NULL END) as "Pres",
COUNT(CASE WHEN Record.PA = 0x00 then 1 ELSE NULL END) as "Abs"
 
 from (`Student` 
       join `Record` 
       on(((
           `Student`.`StudentId` = `Record`.`StudentId`
       ) 
           AND Student.ClassId = class 
           AND Student.RollNo = rollno
          ))) 
 group by `Record`.`SubjectId`)
 ORDER BY SubjectId ASC$$

CREATE DEFINER=`root`@`localhost` PROCEDURE `GetSubjectReport` (IN `startDate` DATE, IN `endDate` DATE, IN `classId` INT, IN `subjectId` INT)  NO SQL
(select 
 `Student`.`RollNo` AS `RollNo`,
 
COUNT(CASE WHEN Record.PA = 0x01 then 1 ELSE NULL END) as "Pres",
COUNT(CASE WHEN Record.PA = 0x00 then 1 ELSE NULL END) as "Abs"
 
 from (`Student` 
       join `Record` 
       on(((
           `Student`.`StudentId` = `Record`.`StudentId`
       ) 
           AND Student.ClassId = classId 
           AND Record.SubjectId = subjectId
           AND Record.Date BETWEEN startDate AND endDate))) 
 group by `Record`.`SubjectId`,`Record`.`StudentId`)
 ORDER BY RollNo ASC$$

CREATE DEFINER=`root`@`localhost` PROCEDURE `GetSubjects` (IN `startDate` DATE, IN `endDate` DATE, IN `classId` INT)  NO SQL
SELECT s.Name, s.SubjectId 
FROM Subjects as s
Where 
EXISTS 
(SELECT * FROM Record WHERE Record.Date BETWEEN startDate AND endDate
AND Record.SubjectId = s.SubjectId
AND s.ClassId = classId)

ORDER BY SubjectId$$

CREATE DEFINER=`root`@`localhost` PROCEDURE `InsertSub` (IN `class` INT(10), IN `name` VARCHAR(20), IN `ll` BIT(1), IN `id` INT(10), IN `days` BIT(6))  NO SQL
Select * from Class$$

DELIMITER ;

-- --------------------------------------------------------

--
-- Table structure for table `Cancelled`
--

CREATE TABLE `Cancelled` (
  `StaffId` int(10) NOT NULL,
  `SubjectId` int(10) NOT NULL,
  `Date` date NOT NULL,
  `Reason` varchar(255) NOT NULL
) ENGINE=InnoDB DEFAULT CHARSET=latin1;

--
-- Dumping data for table `Cancelled`
--

INSERT INTO `Cancelled` (`StaffId`, `SubjectId`, `Date`, `Reason`) VALUES
(2, 1, '2016-09-12', 'fdssav'),
(2, 1, '2016-09-14', 'yvyvibbi'),
(2, 1, '2016-09-15', 'yvyvibbi'),
(2, 1, '2016-10-12', 'hdagsjhgs'),
(2, 4, '2016-09-08', 'Test'),
(2, 4, '2016-09-12', 'sadcas'),
(2, 4, '2016-09-14', 'cASxAs'),
(2, 4, '2016-09-15', 'cASxAs'),
(2, 5, '2016-09-08', 'yfdsgfk'),
(2, 5, '2016-09-13', 'awa'),
(2, 5, '2016-09-15', 'jiu'),
(2, 13, '2016-10-01', 'abcd'),
(2, 13, '2017-01-19', 'wacawedwa'),
(2, 14, '2016-09-08', '97t87yh');

-- --------------------------------------------------------

--
-- Table structure for table `Class`
--

CREATE TABLE `Class` (
  `ClassId` int(10) NOT NULL,
  `Name` varchar(10) NOT NULL,
  `DeptId` int(10) NOT NULL
) ENGINE=InnoDB DEFAULT CHARSET=latin1;

--
-- Dumping data for table `Class`
--

INSERT INTO `Class` (`ClassId`, `Name`, `DeptId`) VALUES
(1, 'D10', 1),
(3, 'D7A', 2),
(4, 'D7B', 2),
(5, 'D20', 1),
(6, 'D9A', 3),
(7, 'D15', 1),
(10, 'D9C', 3);

-- --------------------------------------------------------

--
-- Table structure for table `Department`
--

CREATE TABLE `Department` (
  `DeptId` int(10) NOT NULL,
  `Name` varchar(20) NOT NULL
) ENGINE=InnoDB DEFAULT CHARSET=latin1;

--
-- Dumping data for table `Department`
--

INSERT INTO `Department` (`DeptId`, `Name`) VALUES
(2, 'CMPN'),
(3, 'EXTC'),
(4, 'INST'),
(1, 'IT');

-- --------------------------------------------------------

--
-- Table structure for table `Labs`
--

CREATE TABLE `Labs` (
  `LabId` int(10) NOT NULL,
  `SubjectId` int(10) NOT NULL,
  `BatchId` int(1) NOT NULL,
  `StaffId` int(10) NOT NULL,
  `Days` bit(6) NOT NULL
) ENGINE=InnoDB DEFAULT CHARSET=latin1;

--
-- Dumping data for table `Labs`
--

INSERT INTO `Labs` (`LabId`, `SubjectId`, `BatchId`, `StaffId`, `Days`) VALUES
(1, 13, 1, 2, b'000101'),
(2, 13, 2, 2, b'010000'),
(3, 13, 3, 3, b'000100'),
(4, 14, 1, 2, b'100000'),
(5, 14, 3, 2, b'100000'),
(6, 15, 1, 2, b'000001'),
(7, 15, 2, 3, b'100000'),
(8, 16, 1, 2, b'000001'),
(9, 17, 2, 3, b'010000');

-- --------------------------------------------------------

--
-- Table structure for table `LabStudent`
--

CREATE TABLE `LabStudent` (
  `ClassId` int(10) NOT NULL,
  `BatchId` int(1) NOT NULL,
  `StudentId` int(10) NOT NULL
) ENGINE=InnoDB DEFAULT CHARSET=latin1;

--
-- Dumping data for table `LabStudent`
--

INSERT INTO `LabStudent` (`ClassId`, `BatchId`, `StudentId`) VALUES
(1, 1, 79),
(1, 1, 80),
(1, 1, 81),
(1, 1, 82),
(1, 1, 83),
(1, 1, 84),
(1, 1, 85),
(1, 1, 86),
(1, 1, 87),
(1, 1, 88),
(1, 1, 89),
(1, 1, 90),
(1, 1, 91),
(1, 1, 92),
(1, 1, 93),
(1, 1, 94),
(1, 1, 95),
(1, 1, 96),
(1, 1, 97),
(1, 1, 98),
(1, 1, 99),
(1, 1, 100),
(1, 1, 101),
(1, 1, 102),
(1, 1, 103),
(1, 1, 104),
(7, 1, 388),
(7, 1, 389),
(7, 1, 390),
(7, 1, 391),
(7, 1, 392),
(7, 1, 393),
(7, 1, 394),
(7, 1, 395),
(7, 1, 396),
(7, 1, 397),
(7, 1, 398),
(7, 1, 399),
(7, 1, 400),
(7, 1, 401),
(7, 1, 402),
(7, 1, 403),
(7, 1, 404),
(7, 1, 405),
(7, 1, 406),
(7, 1, 407),
(7, 1, 408),
(7, 1, 409),
(7, 1, 410),
(7, 1, 411),
(7, 1, 412),
(7, 1, 413),
(1, 2, 105),
(1, 2, 106),
(1, 2, 107),
(1, 2, 108),
(1, 2, 109),
(1, 2, 110),
(1, 2, 111),
(1, 2, 112),
(1, 2, 113),
(1, 2, 114),
(1, 2, 115),
(1, 2, 116),
(1, 2, 117),
(1, 2, 118),
(1, 2, 119),
(1, 2, 120),
(1, 2, 121),
(1, 2, 122),
(1, 2, 123),
(1, 2, 124),
(1, 2, 125),
(1, 2, 126),
(1, 2, 127),
(1, 2, 128),
(1, 2, 129),
(7, 2, 414),
(7, 2, 415),
(7, 2, 416),
(7, 2, 417),
(7, 2, 418),
(7, 2, 419),
(7, 2, 420),
(7, 2, 421),
(7, 2, 422),
(7, 2, 423),
(7, 2, 424),
(7, 2, 425),
(7, 2, 426),
(7, 2, 427),
(7, 2, 428),
(7, 2, 429),
(7, 2, 430),
(7, 2, 431),
(7, 2, 432),
(7, 2, 433),
(7, 2, 434),
(7, 2, 435),
(7, 2, 436),
(7, 2, 437),
(7, 2, 438),
(7, 2, 439),
(1, 3, 132),
(1, 3, 133),
(1, 3, 134),
(1, 3, 135),
(1, 3, 136),
(1, 3, 137),
(1, 3, 138),
(1, 3, 139),
(1, 3, 140),
(1, 3, 141),
(1, 3, 142),
(1, 3, 143),
(1, 3, 144),
(1, 3, 145),
(1, 3, 146),
(1, 3, 147),
(1, 3, 148),
(1, 3, 149),
(1, 3, 150),
(1, 3, 151),
(1, 3, 152),
(1, 3, 153),
(1, 3, 154),
(1, 3, 155),
(1, 3, 156),
(1, 3, 546),
(7, 3, 440),
(7, 3, 441),
(7, 3, 442),
(7, 3, 443),
(7, 3, 444),
(7, 3, 445),
(7, 3, 446),
(7, 3, 447),
(7, 3, 448),
(7, 3, 449),
(7, 3, 450),
(7, 3, 451),
(7, 3, 452),
(7, 3, 453),
(7, 3, 454),
(7, 3, 455),
(7, 3, 456),
(7, 3, 457),
(7, 3, 458),
(7, 3, 459),
(7, 3, 460),
(7, 3, 461),
(7, 3, 462),
(7, 3, 463),
(7, 3, 464);

-- --------------------------------------------------------

--
-- Table structure for table `Lectures`
--

CREATE TABLE `Lectures` (
  `SubjectId` int(10) NOT NULL,
  `StaffId` int(10) NOT NULL,
  `Days` bit(6) NOT NULL DEFAULT b'0'
) ENGINE=InnoDB DEFAULT CHARSET=latin1;

--
-- Dumping data for table `Lectures`
--

INSERT INTO `Lectures` (`SubjectId`, `StaffId`, `Days`) VALUES
(1, 2, b'100101'),
(2, 3, b'101110'),
(4, 2, b'101010'),
(5, 2, b'010110');

-- --------------------------------------------------------

--
-- Stand-in structure for view `NOL`
--
CREATE TABLE `NOL` (
`Name` varchar(20)
,`ClassId` int(10)
,`SubjectId` int(10)
,`nooflect` bigint(21)
);

-- --------------------------------------------------------

--
-- Table structure for table `Notifs`
--

CREATE TABLE `Notifs` (
  `SubjectId` int(10) NOT NULL,
  `DateMissed` date NOT NULL,
  `StaffId` int(10) NOT NULL
) ENGINE=InnoDB DEFAULT CHARSET=latin1;

--
-- Dumping data for table `Notifs`
--

INSERT INTO `Notifs` (`SubjectId`, `DateMissed`, `StaffId`) VALUES
(4, '2017-01-20', 2),
(4, '2017-01-23', 2),
(5, '2017-01-20', 2),
(14, '2017-01-23', 2),
(15, '2017-01-21', 2),
(16, '2017-01-21', 2),
(2, '2017-01-20', 3),
(2, '2017-01-23', 3),
(15, '2017-01-23', 3);

-- --------------------------------------------------------

--
-- Table structure for table `Record`
--

CREATE TABLE `Record` (
  `Date` date NOT NULL,
  `StudentId` int(10) NOT NULL,
  `SubjectId` int(10) NOT NULL,
  `Lec_no` int(1) NOT NULL DEFAULT '1',
  `PA` bit(1) NOT NULL
) ENGINE=InnoDB DEFAULT CHARSET=latin1;

--
-- Dumping data for table `Record`
--

INSERT INTO `Record` (`Date`, `StudentId`, `SubjectId`, `Lec_no`, `PA`) VALUES
('1997-03-27', 79, 1, 1, b'1'),
('1997-03-27', 80, 1, 1, b'1'),
('1997-03-27', 81, 1, 1, b'1'),
('1997-03-27', 82, 1, 1, b'1'),
('1997-03-27', 83, 1, 1, b'1'),
('1997-03-27', 84, 1, 1, b'1'),
('1997-03-27', 85, 1, 1, b'1'),
('1997-03-27', 86, 1, 1, b'1'),
('1997-03-27', 87, 1, 1, b'1'),
('1997-03-27', 88, 1, 1, b'1'),
('1997-03-27', 89, 1, 1, b'1'),
('1997-03-27', 90, 1, 1, b'1'),
('1997-03-27', 91, 1, 1, b'1'),
('1997-03-27', 92, 1, 1, b'1'),
('1997-03-27', 93, 1, 1, b'1'),
('1997-03-27', 94, 1, 1, b'1'),
('1997-03-27', 95, 1, 1, b'1'),
('1997-03-27', 96, 1, 1, b'1'),
('1997-03-27', 97, 1, 1, b'1'),
('1997-03-27', 98, 1, 1, b'1'),
('1997-03-27', 99, 1, 1, b'1'),
('1997-03-27', 100, 1, 1, b'1'),
('1997-03-27', 101, 1, 1, b'1'),
('1997-03-27', 102, 1, 1, b'1'),
('1997-03-27', 103, 1, 1, b'1'),
('1997-03-27', 104, 1, 1, b'1'),
('1997-03-27', 105, 1, 1, b'1'),
('1997-03-27', 106, 1, 1, b'1'),
('1997-03-27', 107, 1, 1, b'1'),
('1997-03-27', 108, 1, 1, b'1'),
('1997-03-27', 109, 1, 1, b'1'),
('1997-03-27', 110, 1, 1, b'1'),
('1997-03-27', 111, 1, 1, b'1'),
('1997-03-27', 112, 1, 1, b'1'),
('1997-03-27', 113, 1, 1, b'1'),
('1997-03-27', 114, 1, 1, b'1'),
('1997-03-27', 115, 1, 1, b'1'),
('1997-03-27', 116, 1, 1, b'1'),
('1997-03-27', 117, 1, 1, b'1'),
('1997-03-27', 118, 1, 1, b'1'),
('1997-03-27', 119, 1, 1, b'1'),
('1997-03-27', 120, 1, 1, b'1'),
('1997-03-27', 121, 1, 1, b'1'),
('1997-03-27', 122, 1, 1, b'1'),
('1997-03-27', 123, 1, 1, b'1'),
('1997-03-27', 124, 1, 1, b'1'),
('1997-03-27', 125, 1, 1, b'1'),
('1997-03-27', 126, 1, 1, b'1'),
('1997-03-27', 127, 1, 1, b'1'),
('1997-03-27', 128, 1, 1, b'1'),
('1997-03-27', 129, 1, 1, b'1'),
('1997-03-27', 130, 1, 1, b'1'),
('1997-03-27', 131, 1, 1, b'1'),
('1997-03-27', 132, 1, 1, b'1'),
('1997-03-27', 133, 1, 1, b'1'),
('1997-03-27', 134, 1, 1, b'1'),
('1997-03-27', 135, 1, 1, b'1'),
('1997-03-27', 136, 1, 1, b'1'),
('1997-03-27', 137, 1, 1, b'1'),
('1997-03-27', 138, 1, 1, b'1'),
('1997-03-27', 139, 1, 1, b'1'),
('1997-03-27', 140, 1, 1, b'1'),
('1997-03-27', 141, 1, 1, b'1'),
('1997-03-27', 142, 1, 1, b'1'),
('1997-03-27', 143, 1, 1, b'1'),
('1997-03-27', 144, 1, 1, b'1'),
('1997-03-27', 145, 1, 1, b'1'),
('1997-03-27', 146, 1, 1, b'1'),
('1997-03-27', 147, 1, 1, b'1'),
('1997-03-27', 148, 1, 1, b'1'),
('1997-03-27', 149, 1, 1, b'1'),
('1997-03-27', 150, 1, 1, b'1'),
('1997-03-27', 151, 1, 1, b'1'),
('1997-03-27', 152, 1, 1, b'1'),
('1997-03-27', 153, 1, 1, b'1'),
('1997-03-27', 154, 1, 1, b'1'),
('1997-03-27', 155, 1, 1, b'1'),
('1997-03-27', 156, 1, 1, b'1'),
('2016-03-02', 79, 1, 1, b'0'),
('2016-03-02', 80, 1, 1, b'1'),
('2016-03-02', 81, 1, 1, b'0'),
('2016-03-02', 82, 1, 1, b'1'),
('2016-03-02', 83, 1, 1, b'1'),
('2016-03-02', 84, 1, 1, b'1'),
('2016-03-02', 85, 1, 1, b'1'),
('2016-03-02', 86, 1, 1, b'0'),
('2016-03-02', 87, 1, 1, b'1'),
('2016-03-02', 88, 1, 1, b'1'),
('2016-03-02', 89, 1, 1, b'1'),
('2016-03-02', 90, 1, 1, b'1'),
('2016-03-02', 91, 1, 1, b'1'),
('2016-03-02', 92, 1, 1, b'1'),
('2016-03-02', 93, 1, 1, b'1'),
('2016-03-02', 94, 1, 1, b'0'),
('2016-03-02', 95, 1, 1, b'1'),
('2016-03-02', 96, 1, 1, b'1'),
('2016-03-02', 97, 1, 1, b'1'),
('2016-03-02', 98, 1, 1, b'1'),
('2016-03-02', 99, 1, 1, b'1'),
('2016-03-02', 100, 1, 1, b'1'),
('2016-03-02', 101, 1, 1, b'1'),
('2016-03-02', 102, 1, 1, b'1'),
('2016-03-02', 103, 1, 1, b'0'),
('2016-03-02', 104, 1, 1, b'1'),
('2016-03-02', 105, 1, 1, b'1'),
('2016-03-02', 106, 1, 1, b'1'),
('2016-03-02', 107, 1, 1, b'1'),
('2016-03-02', 108, 1, 1, b'1'),
('2016-03-02', 109, 1, 1, b'1'),
('2016-03-02', 110, 1, 1, b'1'),
('2016-03-02', 111, 1, 1, b'1'),
('2016-03-02', 112, 1, 1, b'1'),
('2016-03-02', 113, 1, 1, b'1'),
('2016-03-02', 114, 1, 1, b'1'),
('2016-03-02', 115, 1, 1, b'1'),
('2016-03-02', 116, 1, 1, b'1'),
('2016-03-02', 117, 1, 1, b'1'),
('2016-03-02', 118, 1, 1, b'1'),
('2016-03-02', 119, 1, 1, b'1'),
('2016-03-02', 120, 1, 1, b'1'),
('2016-03-02', 121, 1, 1, b'1'),
('2016-03-02', 122, 1, 1, b'1'),
('2016-03-02', 123, 1, 1, b'1'),
('2016-03-02', 124, 1, 1, b'1'),
('2016-03-02', 125, 1, 1, b'1'),
('2016-03-02', 126, 1, 1, b'1'),
('2016-03-02', 127, 1, 1, b'1'),
('2016-03-02', 128, 1, 1, b'1'),
('2016-03-02', 129, 1, 1, b'1'),
('2016-03-02', 130, 1, 1, b'1'),
('2016-03-02', 131, 1, 1, b'1'),
('2016-03-02', 132, 1, 1, b'1'),
('2016-03-02', 133, 1, 1, b'1'),
('2016-03-02', 134, 1, 1, b'1'),
('2016-03-02', 135, 1, 1, b'1'),
('2016-03-02', 136, 1, 1, b'1'),
('2016-03-02', 137, 1, 1, b'1'),
('2016-03-02', 138, 1, 1, b'1'),
('2016-03-02', 139, 1, 1, b'1'),
('2016-03-02', 140, 1, 1, b'1'),
('2016-03-02', 141, 1, 1, b'1'),
('2016-03-02', 142, 1, 1, b'1'),
('2016-03-02', 143, 1, 1, b'1'),
('2016-03-02', 144, 1, 1, b'1'),
('2016-03-02', 145, 1, 1, b'1'),
('2016-03-02', 146, 1, 1, b'1'),
('2016-03-02', 147, 1, 1, b'1'),
('2016-03-02', 148, 1, 1, b'1'),
('2016-03-02', 149, 1, 1, b'1'),
('2016-03-02', 150, 1, 1, b'1'),
('2016-03-02', 151, 1, 1, b'1'),
('2016-03-02', 152, 1, 1, b'1'),
('2016-03-02', 153, 1, 1, b'1'),
('2016-03-02', 154, 1, 1, b'1'),
('2016-03-02', 155, 1, 1, b'1'),
('2016-03-02', 156, 1, 1, b'1'),
('2016-03-02', 546, 1, 1, b'1'),
('2016-03-03', 79, 1, 1, b'0'),
('2016-03-03', 79, 2, 1, b'1'),
('2016-03-03', 80, 1, 1, b'1'),
('2016-03-03', 80, 2, 1, b'0'),
('2016-03-03', 81, 1, 1, b'1'),
('2016-03-03', 81, 2, 1, b'1'),
('2016-03-03', 82, 1, 1, b'1'),
('2016-03-03', 82, 2, 1, b'1'),
('2016-03-03', 83, 1, 1, b'1'),
('2016-03-03', 83, 2, 1, b'1'),
('2016-03-03', 84, 1, 1, b'0'),
('2016-03-03', 84, 2, 1, b'1'),
('2016-03-03', 85, 1, 1, b'1'),
('2016-03-03', 85, 2, 1, b'1'),
('2016-03-03', 86, 1, 1, b'1'),
('2016-03-03', 86, 2, 1, b'0'),
('2016-03-03', 87, 1, 1, b'0'),
('2016-03-03', 87, 2, 1, b'1'),
('2016-03-03', 88, 1, 1, b'1'),
('2016-03-03', 88, 2, 1, b'0'),
('2016-03-03', 89, 1, 1, b'1'),
('2016-03-03', 89, 2, 1, b'1'),
('2016-03-03', 90, 1, 1, b'1'),
('2016-03-03', 90, 2, 1, b'1'),
('2016-03-03', 91, 1, 1, b'1'),
('2016-03-03', 91, 2, 1, b'1'),
('2016-03-03', 92, 1, 1, b'1'),
('2016-03-03', 92, 2, 1, b'1'),
('2016-03-03', 93, 1, 1, b'1'),
('2016-03-03', 93, 2, 1, b'1'),
('2016-03-03', 94, 1, 1, b'1'),
('2016-03-03', 94, 2, 1, b'1'),
('2016-03-03', 95, 1, 1, b'1'),
('2016-03-03', 95, 2, 1, b'1'),
('2016-03-03', 96, 1, 1, b'1'),
('2016-03-03', 96, 2, 1, b'1'),
('2016-03-03', 97, 1, 1, b'1'),
('2016-03-03', 97, 2, 1, b'1'),
('2016-03-03', 98, 1, 1, b'1'),
('2016-03-03', 98, 2, 1, b'1'),
('2016-03-03', 99, 1, 1, b'1'),
('2016-03-03', 99, 2, 1, b'1'),
('2016-03-03', 100, 1, 1, b'1'),
('2016-03-03', 100, 2, 1, b'1'),
('2016-03-03', 101, 1, 1, b'1'),
('2016-03-03', 101, 2, 1, b'1'),
('2016-03-03', 102, 1, 1, b'1'),
('2016-03-03', 102, 2, 1, b'1'),
('2016-03-03', 103, 1, 1, b'1'),
('2016-03-03', 103, 2, 1, b'1'),
('2016-03-03', 104, 1, 1, b'1'),
('2016-03-03', 104, 2, 1, b'1'),
('2016-03-03', 105, 1, 1, b'1'),
('2016-03-03', 105, 2, 1, b'1'),
('2016-03-03', 106, 1, 1, b'1'),
('2016-03-03', 106, 2, 1, b'1'),
('2016-03-03', 107, 1, 1, b'1'),
('2016-03-03', 107, 2, 1, b'1'),
('2016-03-03', 108, 1, 1, b'1'),
('2016-03-03', 108, 2, 1, b'1'),
('2016-03-03', 109, 1, 1, b'1'),
('2016-03-03', 109, 2, 1, b'1'),
('2016-03-03', 110, 1, 1, b'1'),
('2016-03-03', 110, 2, 1, b'1'),
('2016-03-03', 111, 1, 1, b'1'),
('2016-03-03', 111, 2, 1, b'1'),
('2016-03-03', 112, 1, 1, b'1'),
('2016-03-03', 112, 2, 1, b'1'),
('2016-03-03', 113, 1, 1, b'1'),
('2016-03-03', 113, 2, 1, b'0'),
('2016-03-03', 114, 1, 1, b'1'),
('2016-03-03', 114, 2, 1, b'1'),
('2016-03-03', 115, 1, 1, b'1'),
('2016-03-03', 115, 2, 1, b'1'),
('2016-03-03', 116, 1, 1, b'1'),
('2016-03-03', 116, 2, 1, b'0'),
('2016-03-03', 117, 1, 1, b'1'),
('2016-03-03', 117, 2, 1, b'1'),
('2016-03-03', 118, 1, 1, b'1'),
('2016-03-03', 118, 2, 1, b'0'),
('2016-03-03', 119, 1, 1, b'1'),
('2016-03-03', 119, 2, 1, b'1'),
('2016-03-03', 120, 1, 1, b'1'),
('2016-03-03', 120, 2, 1, b'1'),
('2016-03-03', 121, 1, 1, b'1'),
('2016-03-03', 121, 2, 1, b'1'),
('2016-03-03', 122, 1, 1, b'1'),
('2016-03-03', 122, 2, 1, b'1'),
('2016-03-03', 123, 1, 1, b'1'),
('2016-03-03', 123, 2, 1, b'1'),
('2016-03-03', 124, 1, 1, b'1'),
('2016-03-03', 124, 2, 1, b'1'),
('2016-03-03', 125, 1, 1, b'1'),
('2016-03-03', 125, 2, 1, b'1'),
('2016-03-03', 126, 1, 1, b'1'),
('2016-03-03', 126, 2, 1, b'1'),
('2016-03-03', 127, 1, 1, b'1'),
('2016-03-03', 127, 2, 1, b'1'),
('2016-03-03', 128, 1, 1, b'1'),
('2016-03-03', 128, 2, 1, b'1'),
('2016-03-03', 129, 1, 1, b'1'),
('2016-03-03', 129, 2, 1, b'1'),
('2016-03-03', 130, 1, 1, b'1'),
('2016-03-03', 130, 2, 1, b'1'),
('2016-03-03', 131, 1, 1, b'1'),
('2016-03-03', 131, 2, 1, b'1'),
('2016-03-03', 132, 1, 1, b'1'),
('2016-03-03', 132, 2, 1, b'1'),
('2016-03-03', 133, 1, 1, b'1'),
('2016-03-03', 133, 2, 1, b'1'),
('2016-03-03', 134, 1, 1, b'1'),
('2016-03-03', 134, 2, 1, b'1'),
('2016-03-03', 135, 1, 1, b'1'),
('2016-03-03', 135, 2, 1, b'1'),
('2016-03-03', 136, 1, 1, b'1'),
('2016-03-03', 136, 2, 1, b'1'),
('2016-03-03', 137, 1, 1, b'1'),
('2016-03-03', 137, 2, 1, b'1'),
('2016-03-03', 138, 1, 1, b'1'),
('2016-03-03', 138, 2, 1, b'1'),
('2016-03-03', 139, 1, 1, b'1'),
('2016-03-03', 139, 2, 1, b'1'),
('2016-03-03', 140, 1, 1, b'1'),
('2016-03-03', 140, 2, 1, b'0'),
('2016-03-03', 141, 1, 1, b'1'),
('2016-03-03', 141, 2, 1, b'1'),
('2016-03-03', 142, 1, 1, b'1'),
('2016-03-03', 142, 2, 1, b'1'),
('2016-03-03', 143, 1, 1, b'1'),
('2016-03-03', 143, 2, 1, b'0'),
('2016-03-03', 144, 1, 1, b'1'),
('2016-03-03', 144, 2, 1, b'1'),
('2016-03-03', 145, 1, 1, b'1'),
('2016-03-03', 145, 2, 1, b'1'),
('2016-03-03', 146, 1, 1, b'1'),
('2016-03-03', 146, 2, 1, b'1'),
('2016-03-03', 147, 1, 1, b'1'),
('2016-03-03', 147, 2, 1, b'1'),
('2016-03-03', 148, 1, 1, b'1'),
('2016-03-03', 148, 2, 1, b'0'),
('2016-03-03', 149, 1, 1, b'1'),
('2016-03-03', 149, 2, 1, b'1'),
('2016-03-03', 150, 1, 1, b'1'),
('2016-03-03', 150, 2, 1, b'0'),
('2016-03-03', 151, 1, 1, b'1'),
('2016-03-03', 151, 2, 1, b'1'),
('2016-03-03', 152, 1, 1, b'1'),
('2016-03-03', 152, 2, 1, b'1'),
('2016-03-03', 153, 1, 1, b'1'),
('2016-03-03', 153, 2, 1, b'1'),
('2016-03-03', 154, 1, 1, b'1'),
('2016-03-03', 154, 2, 1, b'0'),
('2016-03-03', 155, 1, 1, b'1'),
('2016-03-03', 155, 2, 1, b'1'),
('2016-03-03', 156, 1, 1, b'1'),
('2016-03-03', 156, 2, 1, b'1'),
('2016-03-04', 79, 1, 1, b'1'),
('2016-03-04', 80, 1, 1, b'0'),
('2016-03-04', 81, 1, 1, b'1'),
('2016-03-04', 82, 1, 1, b'1'),
('2016-03-04', 83, 1, 1, b'0'),
('2016-03-04', 84, 1, 1, b'1'),
('2016-03-04', 85, 1, 1, b'0'),
('2016-03-04', 86, 1, 1, b'1'),
('2016-03-04', 87, 1, 1, b'0'),
('2016-03-04', 88, 1, 1, b'1'),
('2016-03-04', 89, 1, 1, b'1'),
('2016-03-04', 90, 1, 1, b'1'),
('2016-03-04', 91, 1, 1, b'1'),
('2016-03-04', 92, 1, 1, b'1'),
('2016-03-04', 93, 1, 1, b'1'),
('2016-03-04', 94, 1, 1, b'1'),
('2016-03-04', 95, 1, 1, b'1'),
('2016-03-04', 96, 1, 1, b'1'),
('2016-03-04', 97, 1, 1, b'1'),
('2016-03-04', 98, 1, 1, b'1'),
('2016-03-04', 99, 1, 1, b'1'),
('2016-03-04', 100, 1, 1, b'1'),
('2016-03-04', 101, 1, 1, b'1'),
('2016-03-04', 102, 1, 1, b'1'),
('2016-03-04', 103, 1, 1, b'1'),
('2016-03-04', 104, 1, 1, b'1'),
('2016-03-04', 105, 1, 1, b'1'),
('2016-03-04', 106, 1, 1, b'1'),
('2016-03-04', 107, 1, 1, b'1'),
('2016-03-04', 108, 1, 1, b'1'),
('2016-03-04', 109, 1, 1, b'0'),
('2016-03-04', 110, 1, 1, b'1'),
('2016-03-04', 111, 1, 1, b'0'),
('2016-03-04', 112, 1, 1, b'1'),
('2016-03-04', 113, 1, 1, b'1'),
('2016-03-04', 114, 1, 1, b'0'),
('2016-03-04', 115, 1, 1, b'1'),
('2016-03-04', 116, 1, 1, b'1'),
('2016-03-04', 117, 1, 1, b'0'),
('2016-03-04', 118, 1, 1, b'1'),
('2016-03-04', 119, 1, 1, b'1'),
('2016-03-04', 120, 1, 1, b'1'),
('2016-03-04', 121, 1, 1, b'1'),
('2016-03-04', 122, 1, 1, b'1'),
('2016-03-04', 123, 1, 1, b'1'),
('2016-03-04', 124, 1, 1, b'1'),
('2016-03-04', 125, 1, 1, b'1'),
('2016-03-04', 126, 1, 1, b'1'),
('2016-03-04', 127, 1, 1, b'1'),
('2016-03-04', 128, 1, 1, b'1'),
('2016-03-04', 129, 1, 1, b'1'),
('2016-03-04', 130, 1, 1, b'0'),
('2016-03-04', 131, 1, 1, b'1'),
('2016-03-04', 132, 1, 1, b'1'),
('2016-03-04', 133, 1, 1, b'0'),
('2016-03-04', 134, 1, 1, b'1'),
('2016-03-04', 135, 1, 1, b'1'),
('2016-03-04', 136, 1, 1, b'1'),
('2016-03-04', 137, 1, 1, b'0'),
('2016-03-04', 138, 1, 1, b'1'),
('2016-03-04', 139, 1, 1, b'1'),
('2016-03-04', 140, 1, 1, b'1'),
('2016-03-04', 141, 1, 1, b'1'),
('2016-03-04', 142, 1, 1, b'1'),
('2016-03-04', 143, 1, 1, b'1'),
('2016-03-04', 144, 1, 1, b'1'),
('2016-03-04', 145, 1, 1, b'1'),
('2016-03-04', 146, 1, 1, b'1'),
('2016-03-04', 147, 1, 1, b'1'),
('2016-03-04', 148, 1, 1, b'1'),
('2016-03-04', 149, 1, 1, b'1'),
('2016-03-04', 150, 1, 1, b'1'),
('2016-03-04', 151, 1, 1, b'0'),
('2016-03-04', 152, 1, 1, b'1'),
('2016-03-04', 153, 1, 1, b'1'),
('2016-03-04', 154, 1, 1, b'0'),
('2016-03-04', 155, 1, 1, b'1'),
('2016-03-04', 156, 1, 1, b'1'),
('2016-03-05', 79, 1, 1, b'1'),
('2016-03-05', 80, 1, 1, b'1'),
('2016-03-05', 81, 1, 1, b'1'),
('2016-03-05', 82, 1, 1, b'1'),
('2016-03-05', 83, 1, 1, b'1'),
('2016-03-05', 84, 1, 1, b'1'),
('2016-03-05', 85, 1, 1, b'1'),
('2016-03-05', 86, 1, 1, b'1'),
('2016-03-05', 87, 1, 1, b'1'),
('2016-03-05', 88, 1, 1, b'1'),
('2016-03-05', 89, 1, 1, b'1'),
('2016-03-05', 90, 1, 1, b'1'),
('2016-03-05', 91, 1, 1, b'1'),
('2016-03-05', 92, 1, 1, b'1'),
('2016-03-05', 93, 1, 1, b'1'),
('2016-03-05', 94, 1, 1, b'1'),
('2016-03-05', 95, 1, 1, b'1'),
('2016-03-05', 96, 1, 1, b'1'),
('2016-03-05', 97, 1, 1, b'1'),
('2016-03-05', 98, 1, 1, b'1'),
('2016-03-05', 99, 1, 1, b'1'),
('2016-03-05', 100, 1, 1, b'1'),
('2016-03-05', 101, 1, 1, b'1'),
('2016-03-05', 102, 1, 1, b'1'),
('2016-03-05', 103, 1, 1, b'1'),
('2016-03-05', 104, 1, 1, b'1'),
('2016-03-05', 105, 1, 1, b'1'),
('2016-03-05', 106, 1, 1, b'1'),
('2016-03-05', 107, 1, 1, b'1'),
('2016-03-05', 108, 1, 1, b'1'),
('2016-03-05', 109, 1, 1, b'1'),
('2016-03-05', 110, 1, 1, b'1'),
('2016-03-05', 111, 1, 1, b'1'),
('2016-03-05', 112, 1, 1, b'1'),
('2016-03-05', 113, 1, 1, b'1'),
('2016-03-05', 114, 1, 1, b'1'),
('2016-03-05', 115, 1, 1, b'1'),
('2016-03-05', 116, 1, 1, b'1'),
('2016-03-05', 117, 1, 1, b'1'),
('2016-03-05', 118, 1, 1, b'1'),
('2016-03-05', 119, 1, 1, b'1'),
('2016-03-05', 120, 1, 1, b'1'),
('2016-03-05', 121, 1, 1, b'1'),
('2016-03-05', 122, 1, 1, b'1'),
('2016-03-05', 123, 1, 1, b'1'),
('2016-03-05', 124, 1, 1, b'1'),
('2016-03-05', 125, 1, 1, b'1'),
('2016-03-05', 126, 1, 1, b'1'),
('2016-03-05', 127, 1, 1, b'1'),
('2016-03-05', 128, 1, 1, b'1'),
('2016-03-05', 129, 1, 1, b'1'),
('2016-03-05', 130, 1, 1, b'1'),
('2016-03-05', 131, 1, 1, b'1'),
('2016-03-05', 132, 1, 1, b'1'),
('2016-03-05', 133, 1, 1, b'1'),
('2016-03-05', 134, 1, 1, b'1'),
('2016-03-05', 135, 1, 1, b'1'),
('2016-03-05', 136, 1, 1, b'1'),
('2016-03-05', 137, 1, 1, b'1'),
('2016-03-05', 138, 1, 1, b'1'),
('2016-03-05', 139, 1, 1, b'1'),
('2016-03-05', 140, 1, 1, b'1'),
('2016-03-05', 141, 1, 1, b'1'),
('2016-03-05', 142, 1, 1, b'1'),
('2016-03-05', 143, 1, 1, b'1'),
('2016-03-05', 144, 1, 1, b'1'),
('2016-03-05', 145, 1, 1, b'1'),
('2016-03-05', 146, 1, 1, b'1'),
('2016-03-05', 147, 1, 1, b'1'),
('2016-03-05', 148, 1, 1, b'1'),
('2016-03-05', 149, 1, 1, b'1'),
('2016-03-05', 150, 1, 1, b'1'),
('2016-03-05', 151, 1, 1, b'1'),
('2016-03-05', 152, 1, 1, b'1'),
('2016-03-05', 153, 1, 1, b'1'),
('2016-03-05', 154, 1, 1, b'1'),
('2016-03-05', 155, 1, 1, b'1'),
('2016-03-05', 156, 1, 1, b'1'),
('2016-03-05', 546, 1, 1, b'1'),
('2016-03-06', 79, 1, 1, b'1'),
('2016-03-06', 80, 1, 1, b'1'),
('2016-03-06', 81, 1, 1, b'1'),
('2016-03-06', 82, 1, 1, b'1'),
('2016-03-06', 83, 1, 1, b'1'),
('2016-03-06', 84, 1, 1, b'1'),
('2016-03-06', 85, 1, 1, b'1'),
('2016-03-06', 86, 1, 1, b'1'),
('2016-03-06', 87, 1, 1, b'1'),
('2016-03-06', 88, 1, 1, b'1'),
('2016-03-06', 89, 1, 1, b'1'),
('2016-03-06', 90, 1, 1, b'1'),
('2016-03-06', 91, 1, 1, b'1'),
('2016-03-06', 92, 1, 1, b'1'),
('2016-03-06', 93, 1, 1, b'1'),
('2016-03-06', 94, 1, 1, b'1'),
('2016-03-06', 95, 1, 1, b'1'),
('2016-03-06', 96, 1, 1, b'1'),
('2016-03-06', 97, 1, 1, b'1'),
('2016-03-06', 98, 1, 1, b'1'),
('2016-03-06', 99, 1, 1, b'1'),
('2016-03-06', 100, 1, 1, b'1'),
('2016-03-06', 101, 1, 1, b'1'),
('2016-03-06', 102, 1, 1, b'1'),
('2016-03-06', 103, 1, 1, b'1'),
('2016-03-06', 104, 1, 1, b'1'),
('2016-03-06', 105, 1, 1, b'1'),
('2016-03-06', 106, 1, 1, b'1'),
('2016-03-06', 107, 1, 1, b'1'),
('2016-03-06', 108, 1, 1, b'1'),
('2016-03-06', 109, 1, 1, b'1'),
('2016-03-06', 110, 1, 1, b'1'),
('2016-03-06', 111, 1, 1, b'1'),
('2016-03-06', 112, 1, 1, b'1'),
('2016-03-06', 113, 1, 1, b'1'),
('2016-03-06', 114, 1, 1, b'1'),
('2016-03-06', 115, 1, 1, b'1'),
('2016-03-06', 116, 1, 1, b'1'),
('2016-03-06', 117, 1, 1, b'1'),
('2016-03-06', 118, 1, 1, b'1'),
('2016-03-06', 119, 1, 1, b'1'),
('2016-03-06', 120, 1, 1, b'1'),
('2016-03-06', 121, 1, 1, b'1'),
('2016-03-06', 122, 1, 1, b'1'),
('2016-03-06', 123, 1, 1, b'1'),
('2016-03-06', 124, 1, 1, b'1'),
('2016-03-06', 125, 1, 1, b'1'),
('2016-03-06', 126, 1, 1, b'1'),
('2016-03-06', 127, 1, 1, b'1'),
('2016-03-06', 128, 1, 1, b'1'),
('2016-03-06', 129, 1, 1, b'1'),
('2016-03-06', 130, 1, 1, b'1'),
('2016-03-06', 131, 1, 1, b'1'),
('2016-03-06', 132, 1, 1, b'1'),
('2016-03-06', 133, 1, 1, b'1'),
('2016-03-06', 134, 1, 1, b'1'),
('2016-03-06', 135, 1, 1, b'1'),
('2016-03-06', 136, 1, 1, b'1'),
('2016-03-06', 137, 1, 1, b'1'),
('2016-03-06', 138, 1, 1, b'1'),
('2016-03-06', 139, 1, 1, b'1'),
('2016-03-06', 140, 1, 1, b'1'),
('2016-03-06', 141, 1, 1, b'1'),
('2016-03-06', 142, 1, 1, b'1'),
('2016-03-06', 143, 1, 1, b'1'),
('2016-03-06', 144, 1, 1, b'1'),
('2016-03-06', 145, 1, 1, b'1'),
('2016-03-06', 146, 1, 1, b'1'),
('2016-03-06', 147, 1, 1, b'1'),
('2016-03-06', 148, 1, 1, b'1'),
('2016-03-06', 149, 1, 1, b'1'),
('2016-03-06', 150, 1, 1, b'1'),
('2016-03-06', 151, 1, 1, b'1'),
('2016-03-06', 152, 1, 1, b'1'),
('2016-03-06', 153, 1, 1, b'1'),
('2016-03-06', 154, 1, 1, b'1'),
('2016-03-06', 155, 1, 1, b'1'),
('2016-03-06', 156, 1, 1, b'1'),
('2016-03-06', 546, 1, 1, b'1'),
('2016-03-07', 79, 1, 1, b'0'),
('2016-03-07', 80, 1, 1, b'0'),
('2016-03-07', 81, 1, 1, b'1'),
('2016-03-07', 82, 1, 1, b'1'),
('2016-03-07', 83, 1, 1, b'1'),
('2016-03-07', 84, 1, 1, b'1'),
('2016-03-07', 85, 1, 1, b'0'),
('2016-03-07', 86, 1, 1, b'1'),
('2016-03-07', 87, 1, 1, b'1'),
('2016-03-07', 88, 1, 1, b'1'),
('2016-03-07', 89, 1, 1, b'1'),
('2016-03-07', 90, 1, 1, b'1'),
('2016-03-07', 91, 1, 1, b'1'),
('2016-03-07', 92, 1, 1, b'1'),
('2016-03-07', 93, 1, 1, b'1'),
('2016-03-07', 94, 1, 1, b'1'),
('2016-03-07', 95, 1, 1, b'0'),
('2016-03-07', 96, 1, 1, b'1'),
('2016-03-07', 97, 1, 1, b'1'),
('2016-03-07', 98, 1, 1, b'1'),
('2016-03-07', 99, 1, 1, b'1'),
('2016-03-07', 100, 1, 1, b'1'),
('2016-03-07', 101, 1, 1, b'0'),
('2016-03-07', 102, 1, 1, b'1'),
('2016-03-07', 103, 1, 1, b'1'),
('2016-03-07', 104, 1, 1, b'1'),
('2016-03-07', 105, 1, 1, b'1'),
('2016-03-07', 106, 1, 1, b'1'),
('2016-03-07', 107, 1, 1, b'0'),
('2016-03-07', 108, 1, 1, b'1'),
('2016-03-07', 109, 1, 1, b'1'),
('2016-03-07', 110, 1, 1, b'1'),
('2016-03-07', 111, 1, 1, b'1'),
('2016-03-07', 112, 1, 1, b'1'),
('2016-03-07', 113, 1, 1, b'1'),
('2016-03-07', 114, 1, 1, b'1'),
('2016-03-07', 115, 1, 1, b'1'),
('2016-03-07', 116, 1, 1, b'1'),
('2016-03-07', 117, 1, 1, b'1'),
('2016-03-07', 118, 1, 1, b'1'),
('2016-03-07', 119, 1, 1, b'0'),
('2016-03-07', 120, 1, 1, b'1'),
('2016-03-07', 121, 1, 1, b'1'),
('2016-03-07', 122, 1, 1, b'0'),
('2016-03-07', 123, 1, 1, b'1'),
('2016-03-07', 124, 1, 1, b'1'),
('2016-03-07', 125, 1, 1, b'0'),
('2016-03-07', 126, 1, 1, b'1'),
('2016-03-07', 127, 1, 1, b'1'),
('2016-03-07', 128, 1, 1, b'0'),
('2016-03-07', 129, 1, 1, b'1'),
('2016-03-07', 130, 1, 1, b'1'),
('2016-03-07', 131, 1, 1, b'0'),
('2016-03-07', 132, 1, 1, b'1'),
('2016-03-07', 133, 1, 1, b'0'),
('2016-03-07', 134, 1, 1, b'1'),
('2016-03-07', 135, 1, 1, b'0'),
('2016-03-07', 136, 1, 1, b'1'),
('2016-03-07', 137, 1, 1, b'1'),
('2016-03-07', 138, 1, 1, b'1'),
('2016-03-07', 139, 1, 1, b'1'),
('2016-03-07', 140, 1, 1, b'1'),
('2016-03-07', 141, 1, 1, b'1'),
('2016-03-07', 142, 1, 1, b'0'),
('2016-03-07', 143, 1, 1, b'1'),
('2016-03-07', 144, 1, 1, b'1'),
('2016-03-07', 145, 1, 1, b'1'),
('2016-03-07', 146, 1, 1, b'0'),
('2016-03-07', 147, 1, 1, b'1'),
('2016-03-07', 148, 1, 1, b'1'),
('2016-03-07', 149, 1, 1, b'0'),
('2016-03-07', 150, 1, 1, b'1'),
('2016-03-07', 151, 1, 1, b'1'),
('2016-03-07', 152, 1, 1, b'1'),
('2016-03-07', 153, 1, 1, b'0'),
('2016-03-07', 154, 1, 1, b'1'),
('2016-03-07', 155, 1, 1, b'0'),
('2016-03-07', 156, 1, 1, b'0'),
('2016-03-08', 79, 1, 1, b'0'),
('2016-03-08', 79, 2, 1, b'1'),
('2016-03-08', 80, 1, 1, b'1'),
('2016-03-08', 80, 2, 1, b'0'),
('2016-03-08', 81, 1, 1, b'0'),
('2016-03-08', 81, 2, 1, b'1'),
('2016-03-08', 82, 1, 1, b'1'),
('2016-03-08', 82, 2, 1, b'1'),
('2016-03-08', 83, 1, 1, b'1'),
('2016-03-08', 83, 2, 1, b'1'),
('2016-03-08', 84, 1, 1, b'1'),
('2016-03-08', 84, 2, 1, b'1'),
('2016-03-08', 85, 1, 1, b'1'),
('2016-03-08', 85, 2, 1, b'1'),
('2016-03-08', 86, 1, 1, b'0'),
('2016-03-08', 86, 2, 1, b'0'),
('2016-03-08', 87, 1, 1, b'1'),
('2016-03-08', 87, 2, 1, b'1'),
('2016-03-08', 88, 1, 1, b'1'),
('2016-03-08', 88, 2, 1, b'1'),
('2016-03-08', 89, 1, 1, b'1'),
('2016-03-08', 89, 2, 1, b'1'),
('2016-03-08', 90, 1, 1, b'1'),
('2016-03-08', 90, 2, 1, b'1'),
('2016-03-08', 91, 1, 1, b'1'),
('2016-03-08', 91, 2, 1, b'1'),
('2016-03-08', 92, 1, 1, b'1'),
('2016-03-08', 92, 2, 1, b'1'),
('2016-03-08', 93, 1, 1, b'1'),
('2016-03-08', 93, 2, 1, b'1'),
('2016-03-08', 94, 1, 1, b'0'),
('2016-03-08', 94, 2, 1, b'1'),
('2016-03-08', 95, 1, 1, b'1'),
('2016-03-08', 95, 2, 1, b'1'),
('2016-03-08', 96, 1, 1, b'1'),
('2016-03-08', 96, 2, 1, b'1'),
('2016-03-08', 97, 1, 1, b'0'),
('2016-03-08', 97, 2, 1, b'1'),
('2016-03-08', 98, 1, 1, b'1'),
('2016-03-08', 98, 2, 1, b'1'),
('2016-03-08', 99, 1, 1, b'1'),
('2016-03-08', 99, 2, 1, b'1'),
('2016-03-08', 100, 1, 1, b'0'),
('2016-03-08', 100, 2, 1, b'1'),
('2016-03-08', 101, 1, 1, b'1'),
('2016-03-08', 101, 2, 1, b'1'),
('2016-03-08', 102, 1, 1, b'1'),
('2016-03-08', 102, 2, 1, b'1'),
('2016-03-08', 103, 1, 1, b'0'),
('2016-03-08', 103, 2, 1, b'1'),
('2016-03-08', 104, 1, 1, b'1'),
('2016-03-08', 104, 2, 1, b'1'),
('2016-03-08', 105, 1, 1, b'0'),
('2016-03-08', 105, 2, 1, b'1'),
('2016-03-08', 106, 1, 1, b'1'),
('2016-03-08', 106, 2, 1, b'1'),
('2016-03-08', 107, 1, 1, b'0'),
('2016-03-08', 107, 2, 1, b'1'),
('2016-03-08', 108, 1, 1, b'1'),
('2016-03-08', 108, 2, 1, b'1'),
('2016-03-08', 109, 1, 1, b'1'),
('2016-03-08', 109, 2, 1, b'1'),
('2016-03-08', 110, 1, 1, b'0'),
('2016-03-08', 110, 2, 1, b'0'),
('2016-03-08', 111, 1, 1, b'1'),
('2016-03-08', 111, 2, 1, b'1'),
('2016-03-08', 112, 1, 1, b'1'),
('2016-03-08', 112, 2, 1, b'1'),
('2016-03-08', 113, 1, 1, b'0'),
('2016-03-08', 113, 2, 1, b'1'),
('2016-03-08', 114, 1, 1, b'1'),
('2016-03-08', 114, 2, 1, b'1'),
('2016-03-08', 115, 1, 1, b'0'),
('2016-03-08', 115, 2, 1, b'1'),
('2016-03-08', 116, 1, 1, b'1'),
('2016-03-08', 116, 2, 1, b'0'),
('2016-03-08', 117, 1, 1, b'0'),
('2016-03-08', 117, 2, 1, b'1'),
('2016-03-08', 118, 1, 1, b'0'),
('2016-03-08', 118, 2, 1, b'1'),
('2016-03-08', 119, 1, 1, b'1'),
('2016-03-08', 119, 2, 1, b'1'),
('2016-03-08', 120, 1, 1, b'1'),
('2016-03-08', 120, 2, 1, b'1'),
('2016-03-08', 121, 1, 1, b'1'),
('2016-03-08', 121, 2, 1, b'1'),
('2016-03-08', 122, 1, 1, b'1'),
('2016-03-08', 122, 2, 1, b'1'),
('2016-03-08', 123, 1, 1, b'1'),
('2016-03-08', 123, 2, 1, b'1'),
('2016-03-08', 124, 1, 1, b'1'),
('2016-03-08', 124, 2, 1, b'1'),
('2016-03-08', 125, 1, 1, b'1'),
('2016-03-08', 125, 2, 1, b'1'),
('2016-03-08', 126, 1, 1, b'1'),
('2016-03-08', 126, 2, 1, b'1'),
('2016-03-08', 127, 1, 1, b'1'),
('2016-03-08', 127, 2, 1, b'1'),
('2016-03-08', 128, 1, 1, b'1'),
('2016-03-08', 128, 2, 1, b'1'),
('2016-03-08', 129, 1, 1, b'0'),
('2016-03-08', 129, 2, 1, b'1'),
('2016-03-08', 130, 1, 1, b'0'),
('2016-03-08', 130, 2, 1, b'1'),
('2016-03-08', 131, 1, 1, b'0'),
('2016-03-08', 131, 2, 1, b'1'),
('2016-03-08', 132, 1, 1, b'0'),
('2016-03-08', 132, 2, 1, b'1'),
('2016-03-08', 133, 1, 1, b'1'),
('2016-03-08', 133, 2, 1, b'1'),
('2016-03-08', 134, 1, 1, b'1'),
('2016-03-08', 134, 2, 1, b'1'),
('2016-03-08', 135, 1, 1, b'0'),
('2016-03-08', 135, 2, 1, b'1'),
('2016-03-08', 136, 1, 1, b'1'),
('2016-03-08', 136, 2, 1, b'1'),
('2016-03-08', 137, 1, 1, b'0'),
('2016-03-08', 137, 2, 1, b'1'),
('2016-03-08', 138, 1, 1, b'1'),
('2016-03-08', 138, 2, 1, b'1'),
('2016-03-08', 139, 1, 1, b'1'),
('2016-03-08', 139, 2, 1, b'0'),
('2016-03-08', 140, 1, 1, b'0'),
('2016-03-08', 140, 2, 1, b'1'),
('2016-03-08', 141, 1, 1, b'1'),
('2016-03-08', 141, 2, 1, b'0'),
('2016-03-08', 142, 1, 1, b'1'),
('2016-03-08', 142, 2, 1, b'1'),
('2016-03-08', 143, 1, 1, b'1'),
('2016-03-08', 143, 2, 1, b'1'),
('2016-03-08', 144, 1, 1, b'0'),
('2016-03-08', 144, 2, 1, b'1'),
('2016-03-08', 145, 1, 1, b'1'),
('2016-03-08', 145, 2, 1, b'1'),
('2016-03-08', 146, 1, 1, b'0'),
('2016-03-08', 146, 2, 1, b'1'),
('2016-03-08', 147, 1, 1, b'1'),
('2016-03-08', 147, 2, 1, b'0'),
('2016-03-08', 148, 1, 1, b'0'),
('2016-03-08', 148, 2, 1, b'1'),
('2016-03-08', 149, 1, 1, b'1'),
('2016-03-08', 149, 2, 1, b'1'),
('2016-03-08', 150, 1, 1, b'0'),
('2016-03-08', 150, 2, 1, b'1'),
('2016-03-08', 151, 1, 1, b'1'),
('2016-03-08', 151, 2, 1, b'1'),
('2016-03-08', 152, 1, 1, b'0'),
('2016-03-08', 152, 2, 1, b'1'),
('2016-03-08', 153, 1, 1, b'0'),
('2016-03-08', 153, 2, 1, b'1'),
('2016-03-08', 154, 1, 1, b'0'),
('2016-03-08', 154, 2, 1, b'1'),
('2016-03-08', 155, 1, 1, b'1'),
('2016-03-08', 155, 2, 1, b'1'),
('2016-03-08', 156, 1, 1, b'0'),
('2016-03-08', 156, 2, 1, b'1'),
('2016-03-09', 79, 1, 1, b'1'),
('2016-03-09', 80, 1, 1, b'1'),
('2016-03-09', 81, 1, 1, b'0'),
('2016-03-09', 82, 1, 1, b'1'),
('2016-03-09', 83, 1, 1, b'0'),
('2016-03-09', 84, 1, 1, b'1'),
('2016-03-09', 85, 1, 1, b'1'),
('2016-03-09', 86, 1, 1, b'0'),
('2016-03-09', 87, 1, 1, b'1'),
('2016-03-09', 88, 1, 1, b'0'),
('2016-03-09', 89, 1, 1, b'1'),
('2016-03-09', 90, 1, 1, b'1'),
('2016-03-09', 91, 1, 1, b'0'),
('2016-03-09', 92, 1, 1, b'1'),
('2016-03-09', 93, 1, 1, b'1'),
('2016-03-09', 94, 1, 1, b'0'),
('2016-03-09', 95, 1, 1, b'1'),
('2016-03-09', 96, 1, 1, b'0'),
('2016-03-09', 97, 1, 1, b'1'),
('2016-03-09', 98, 1, 1, b'0'),
('2016-03-09', 99, 1, 1, b'0'),
('2016-03-09', 100, 1, 1, b'1'),
('2016-03-09', 101, 1, 1, b'0'),
('2016-03-09', 102, 1, 1, b'1'),
('2016-03-09', 103, 1, 1, b'1'),
('2016-03-09', 104, 1, 1, b'1'),
('2016-03-09', 105, 1, 1, b'0'),
('2016-03-09', 106, 1, 1, b'1'),
('2016-03-09', 107, 1, 1, b'0'),
('2016-03-09', 108, 1, 1, b'1'),
('2016-03-09', 109, 1, 1, b'0'),
('2016-03-09', 110, 1, 1, b'1'),
('2016-03-09', 111, 1, 1, b'1'),
('2016-03-09', 112, 1, 1, b'0'),
('2016-03-09', 113, 1, 1, b'1'),
('2016-03-09', 114, 1, 1, b'1'),
('2016-03-09', 115, 1, 1, b'0'),
('2016-03-09', 116, 1, 1, b'1'),
('2016-03-09', 117, 1, 1, b'1'),
('2016-03-09', 118, 1, 1, b'0'),
('2016-03-09', 119, 1, 1, b'1'),
('2016-03-09', 120, 1, 1, b'1'),
('2016-03-09', 121, 1, 1, b'1'),
('2016-03-09', 122, 1, 1, b'0'),
('2016-03-09', 123, 1, 1, b'1'),
('2016-03-09', 124, 1, 1, b'1'),
('2016-03-09', 125, 1, 1, b'1'),
('2016-03-09', 126, 1, 1, b'0'),
('2016-03-09', 127, 1, 1, b'1'),
('2016-03-09', 128, 1, 1, b'0'),
('2016-03-09', 129, 1, 1, b'0'),
('2016-03-09', 130, 1, 1, b'1'),
('2016-03-09', 131, 1, 1, b'1'),
('2016-03-09', 132, 1, 1, b'1'),
('2016-03-09', 133, 1, 1, b'0'),
('2016-03-09', 134, 1, 1, b'1'),
('2016-03-09', 135, 1, 1, b'1'),
('2016-03-09', 136, 1, 1, b'0'),
('2016-03-09', 137, 1, 1, b'1'),
('2016-03-09', 138, 1, 1, b'0'),
('2016-03-09', 139, 1, 1, b'1'),
('2016-03-09', 140, 1, 1, b'0'),
('2016-03-09', 141, 1, 1, b'1'),
('2016-03-09', 142, 1, 1, b'0'),
('2016-03-09', 143, 1, 1, b'1'),
('2016-03-09', 144, 1, 1, b'1'),
('2016-03-09', 145, 1, 1, b'0'),
('2016-03-09', 146, 1, 1, b'1'),
('2016-03-09', 147, 1, 1, b'1'),
('2016-03-09', 148, 1, 1, b'0'),
('2016-03-09', 149, 1, 1, b'1'),
('2016-03-09', 150, 1, 1, b'0'),
('2016-03-09', 151, 1, 1, b'1'),
('2016-03-09', 152, 1, 1, b'1'),
('2016-03-09', 153, 1, 1, b'1'),
('2016-03-09', 154, 1, 1, b'0'),
('2016-03-09', 155, 1, 1, b'1'),
('2016-03-09', 156, 1, 1, b'0'),
('2016-03-10', 79, 1, 1, b'0'),
('2016-03-10', 80, 1, 1, b'1'),
('2016-03-10', 81, 1, 1, b'1'),
('2016-03-10', 82, 1, 1, b'0'),
('2016-03-10', 83, 1, 1, b'1'),
('2016-03-10', 84, 1, 1, b'1'),
('2016-03-10', 85, 1, 1, b'0'),
('2016-03-10', 86, 1, 1, b'1'),
('2016-03-10', 87, 1, 1, b'0'),
('2016-03-10', 88, 1, 1, b'1'),
('2016-03-10', 89, 1, 1, b'1'),
('2016-03-10', 90, 1, 1, b'0'),
('2016-03-10', 91, 1, 1, b'1'),
('2016-03-10', 92, 1, 1, b'1'),
('2016-03-10', 93, 1, 1, b'1'),
('2016-03-10', 94, 1, 1, b'0'),
('2016-03-10', 95, 1, 1, b'1'),
('2016-03-10', 96, 1, 1, b'0'),
('2016-03-10', 97, 1, 1, b'1'),
('2016-03-10', 98, 1, 1, b'0'),
('2016-03-10', 99, 1, 1, b'1'),
('2016-03-10', 100, 1, 1, b'0'),
('2016-03-10', 101, 1, 1, b'1'),
('2016-03-10', 102, 1, 1, b'1'),
('2016-03-10', 103, 1, 1, b'0'),
('2016-03-10', 104, 1, 1, b'1'),
('2016-03-10', 105, 1, 1, b'0'),
('2016-03-10', 106, 1, 1, b'0'),
('2016-03-10', 107, 1, 1, b'1'),
('2016-03-10', 108, 1, 1, b'0'),
('2016-03-10', 109, 1, 1, b'0'),
('2016-03-10', 110, 1, 1, b'1'),
('2016-03-10', 111, 1, 1, b'0'),
('2016-03-10', 112, 1, 1, b'1'),
('2016-03-10', 113, 1, 1, b'0'),
('2016-03-10', 114, 1, 1, b'1'),
('2016-03-10', 115, 1, 1, b'0'),
('2016-03-10', 116, 1, 1, b'1'),
('2016-03-10', 117, 1, 1, b'0'),
('2016-03-10', 118, 1, 1, b'1'),
('2016-03-10', 119, 1, 1, b'1'),
('2016-03-10', 120, 1, 1, b'1'),
('2016-03-10', 121, 1, 1, b'0'),
('2016-03-10', 122, 1, 1, b'1'),
('2016-03-10', 123, 1, 1, b'1'),
('2016-03-10', 124, 1, 1, b'1'),
('2016-03-10', 125, 1, 1, b'1'),
('2016-03-10', 126, 1, 1, b'0'),
('2016-03-10', 127, 1, 1, b'1'),
('2016-03-10', 128, 1, 1, b'1'),
('2016-03-10', 129, 1, 1, b'1'),
('2016-03-10', 130, 1, 1, b'0'),
('2016-03-10', 131, 1, 1, b'1'),
('2016-03-10', 132, 1, 1, b'1'),
('2016-03-10', 133, 1, 1, b'1'),
('2016-03-10', 134, 1, 1, b'1'),
('2016-03-10', 135, 1, 1, b'0'),
('2016-03-10', 136, 1, 1, b'1'),
('2016-03-10', 137, 1, 1, b'1'),
('2016-03-10', 138, 1, 1, b'0'),
('2016-03-10', 139, 1, 1, b'0'),
('2016-03-10', 140, 1, 1, b'1'),
('2016-03-10', 141, 1, 1, b'1'),
('2016-03-10', 142, 1, 1, b'1'),
('2016-03-10', 143, 1, 1, b'0'),
('2016-03-10', 144, 1, 1, b'1'),
('2016-03-10', 145, 1, 1, b'1'),
('2016-03-10', 146, 1, 1, b'0'),
('2016-03-10', 147, 1, 1, b'1'),
('2016-03-10', 148, 1, 1, b'1'),
('2016-03-10', 149, 1, 1, b'0'),
('2016-03-10', 150, 1, 1, b'1'),
('2016-03-10', 151, 1, 1, b'1'),
('2016-03-10', 152, 1, 1, b'1'),
('2016-03-10', 153, 1, 1, b'0'),
('2016-03-10', 154, 1, 1, b'1'),
('2016-03-10', 155, 1, 1, b'1'),
('2016-03-10', 156, 1, 1, b'0'),
('2016-03-16', 79, 1, 1, b'1'),
('2016-03-16', 80, 1, 1, b'1'),
('2016-03-16', 81, 1, 1, b'1'),
('2016-03-16', 82, 1, 1, b'1'),
('2016-03-16', 83, 1, 1, b'1'),
('2016-03-16', 84, 1, 1, b'1'),
('2016-03-16', 85, 1, 1, b'1'),
('2016-03-16', 86, 1, 1, b'1'),
('2016-03-16', 87, 1, 1, b'1'),
('2016-03-16', 88, 1, 1, b'1'),
('2016-03-16', 89, 1, 1, b'1'),
('2016-03-16', 90, 1, 1, b'1'),
('2016-03-16', 91, 1, 1, b'1'),
('2016-03-16', 92, 1, 1, b'1'),
('2016-03-16', 93, 1, 1, b'1'),
('2016-03-16', 94, 1, 1, b'1'),
('2016-03-16', 95, 1, 1, b'1'),
('2016-03-16', 96, 1, 1, b'1'),
('2016-03-16', 97, 1, 1, b'1'),
('2016-03-16', 98, 1, 1, b'1'),
('2016-03-16', 99, 1, 1, b'1'),
('2016-03-16', 100, 1, 1, b'1'),
('2016-03-16', 101, 1, 1, b'1'),
('2016-03-16', 102, 1, 1, b'1'),
('2016-03-16', 103, 1, 1, b'1'),
('2016-03-16', 104, 1, 1, b'1'),
('2016-03-16', 105, 1, 1, b'1'),
('2016-03-16', 106, 1, 1, b'1'),
('2016-03-16', 107, 1, 1, b'1'),
('2016-03-16', 108, 1, 1, b'1'),
('2016-03-16', 109, 1, 1, b'1'),
('2016-03-16', 110, 1, 1, b'1'),
('2016-03-16', 111, 1, 1, b'1'),
('2016-03-16', 112, 1, 1, b'1'),
('2016-03-16', 113, 1, 1, b'1'),
('2016-03-16', 114, 1, 1, b'1'),
('2016-03-16', 115, 1, 1, b'1'),
('2016-03-16', 116, 1, 1, b'1'),
('2016-03-16', 117, 1, 1, b'1'),
('2016-03-16', 118, 1, 1, b'1'),
('2016-03-16', 119, 1, 1, b'1'),
('2016-03-16', 120, 1, 1, b'1'),
('2016-03-16', 121, 1, 1, b'1'),
('2016-03-16', 122, 1, 1, b'1'),
('2016-03-16', 123, 1, 1, b'1'),
('2016-03-16', 124, 1, 1, b'1'),
('2016-03-16', 125, 1, 1, b'1'),
('2016-03-16', 126, 1, 1, b'1'),
('2016-03-16', 127, 1, 1, b'1'),
('2016-03-16', 128, 1, 1, b'1'),
('2016-03-16', 129, 1, 1, b'1'),
('2016-03-16', 130, 1, 1, b'1'),
('2016-03-16', 131, 1, 1, b'1'),
('2016-03-16', 132, 1, 1, b'1'),
('2016-03-16', 133, 1, 1, b'1'),
('2016-03-16', 134, 1, 1, b'1'),
('2016-03-16', 135, 1, 1, b'1'),
('2016-03-16', 136, 1, 1, b'1'),
('2016-03-16', 137, 1, 1, b'1'),
('2016-03-16', 138, 1, 1, b'1'),
('2016-03-16', 139, 1, 1, b'1'),
('2016-03-16', 140, 1, 1, b'1'),
('2016-03-16', 141, 1, 1, b'1'),
('2016-03-16', 142, 1, 1, b'1'),
('2016-03-16', 143, 1, 1, b'1'),
('2016-03-16', 144, 1, 1, b'1'),
('2016-03-16', 145, 1, 1, b'1'),
('2016-03-16', 146, 1, 1, b'1'),
('2016-03-16', 147, 1, 1, b'1'),
('2016-03-16', 148, 1, 1, b'1'),
('2016-03-16', 149, 1, 1, b'1'),
('2016-03-16', 150, 1, 1, b'1'),
('2016-03-16', 151, 1, 1, b'1'),
('2016-03-16', 152, 1, 1, b'1'),
('2016-03-16', 153, 1, 1, b'1'),
('2016-03-16', 154, 1, 1, b'1'),
('2016-03-16', 155, 1, 1, b'1'),
('2016-03-16', 156, 1, 1, b'1'),
('2016-03-17', 79, 1, 1, b'1'),
('2016-03-17', 80, 1, 1, b'1'),
('2016-03-17', 81, 1, 1, b'1'),
('2016-03-17', 82, 1, 1, b'1'),
('2016-03-17', 83, 1, 1, b'1'),
('2016-03-17', 84, 1, 1, b'1'),
('2016-03-17', 85, 1, 1, b'1'),
('2016-03-17', 86, 1, 1, b'1'),
('2016-03-17', 87, 1, 1, b'1'),
('2016-03-17', 88, 1, 1, b'1'),
('2016-03-17', 89, 1, 1, b'1'),
('2016-03-17', 90, 1, 1, b'1'),
('2016-03-17', 91, 1, 1, b'1'),
('2016-03-17', 92, 1, 1, b'1'),
('2016-03-17', 93, 1, 1, b'1'),
('2016-03-17', 94, 1, 1, b'1'),
('2016-03-17', 95, 1, 1, b'1'),
('2016-03-17', 96, 1, 1, b'1'),
('2016-03-17', 97, 1, 1, b'1'),
('2016-03-17', 98, 1, 1, b'1'),
('2016-03-17', 99, 1, 1, b'1'),
('2016-03-17', 100, 1, 1, b'1'),
('2016-03-17', 101, 1, 1, b'1'),
('2016-03-17', 102, 1, 1, b'1'),
('2016-03-17', 103, 1, 1, b'1'),
('2016-03-17', 104, 1, 1, b'1'),
('2016-03-17', 105, 1, 1, b'1'),
('2016-03-17', 106, 1, 1, b'1'),
('2016-03-17', 107, 1, 1, b'1'),
('2016-03-17', 108, 1, 1, b'1'),
('2016-03-17', 109, 1, 1, b'1'),
('2016-03-17', 110, 1, 1, b'1'),
('2016-03-17', 111, 1, 1, b'1'),
('2016-03-17', 112, 1, 1, b'1'),
('2016-03-17', 113, 1, 1, b'1'),
('2016-03-17', 114, 1, 1, b'1'),
('2016-03-17', 115, 1, 1, b'1'),
('2016-03-17', 116, 1, 1, b'1'),
('2016-03-17', 117, 1, 1, b'1'),
('2016-03-17', 118, 1, 1, b'1'),
('2016-03-17', 119, 1, 1, b'1'),
('2016-03-17', 120, 1, 1, b'1'),
('2016-03-17', 121, 1, 1, b'1'),
('2016-03-17', 122, 1, 1, b'1'),
('2016-03-17', 123, 1, 1, b'1'),
('2016-03-17', 124, 1, 1, b'1'),
('2016-03-17', 125, 1, 1, b'1'),
('2016-03-17', 126, 1, 1, b'1'),
('2016-03-17', 127, 1, 1, b'1'),
('2016-03-17', 128, 1, 1, b'1'),
('2016-03-17', 129, 1, 1, b'1'),
('2016-03-17', 130, 1, 1, b'1'),
('2016-03-17', 131, 1, 1, b'1'),
('2016-03-17', 132, 1, 1, b'1'),
('2016-03-17', 133, 1, 1, b'1'),
('2016-03-17', 134, 1, 1, b'1'),
('2016-03-17', 135, 1, 1, b'1'),
('2016-03-17', 136, 1, 1, b'1'),
('2016-03-17', 137, 1, 1, b'1'),
('2016-03-17', 138, 1, 1, b'1'),
('2016-03-17', 139, 1, 1, b'1'),
('2016-03-17', 140, 1, 1, b'1'),
('2016-03-17', 141, 1, 1, b'1'),
('2016-03-17', 142, 1, 1, b'1'),
('2016-03-17', 143, 1, 1, b'1'),
('2016-03-17', 144, 1, 1, b'1'),
('2016-03-17', 145, 1, 1, b'1'),
('2016-03-17', 146, 1, 1, b'1'),
('2016-03-17', 147, 1, 1, b'1'),
('2016-03-17', 148, 1, 1, b'1'),
('2016-03-17', 149, 1, 1, b'1'),
('2016-03-17', 150, 1, 1, b'1'),
('2016-03-17', 151, 1, 1, b'1'),
('2016-03-17', 152, 1, 1, b'1'),
('2016-03-17', 153, 1, 1, b'1'),
('2016-03-17', 154, 1, 1, b'1'),
('2016-03-17', 155, 1, 1, b'1'),
('2016-03-17', 156, 1, 1, b'1'),
('2016-03-18', 79, 1, 1, b'1'),
('2016-03-18', 80, 1, 1, b'0'),
('2016-03-18', 81, 1, 1, b'1'),
('2016-03-18', 82, 1, 1, b'0'),
('2016-03-18', 83, 1, 1, b'0'),
('2016-03-18', 84, 1, 1, b'1'),
('2016-03-18', 85, 1, 1, b'0'),
('2016-03-18', 86, 1, 1, b'1'),
('2016-03-18', 87, 1, 1, b'0'),
('2016-03-18', 88, 1, 1, b'1'),
('2016-03-18', 89, 1, 1, b'1'),
('2016-03-18', 90, 1, 1, b'0'),
('2016-03-18', 91, 1, 1, b'1'),
('2016-03-18', 92, 1, 1, b'1'),
('2016-03-18', 93, 1, 1, b'1'),
('2016-03-18', 94, 1, 1, b'0'),
('2016-03-18', 95, 1, 1, b'1'),
('2016-03-18', 96, 1, 1, b'0'),
('2016-03-18', 97, 1, 1, b'1'),
('2016-03-18', 98, 1, 1, b'1'),
('2016-03-18', 99, 1, 1, b'1'),
('2016-03-18', 100, 1, 1, b'0'),
('2016-03-18', 101, 1, 1, b'1'),
('2016-03-18', 102, 1, 1, b'1'),
('2016-03-18', 103, 1, 1, b'0'),
('2016-03-18', 104, 1, 1, b'1'),
('2016-03-18', 105, 1, 1, b'1'),
('2016-03-18', 106, 1, 1, b'1'),
('2016-03-18', 107, 1, 1, b'1'),
('2016-03-18', 108, 1, 1, b'1'),
('2016-03-18', 109, 1, 1, b'1'),
('2016-03-18', 110, 1, 1, b'1'),
('2016-03-18', 111, 1, 1, b'1'),
('2016-03-18', 112, 1, 1, b'1'),
('2016-03-18', 113, 1, 1, b'1'),
('2016-03-18', 114, 1, 1, b'1'),
('2016-03-18', 115, 1, 1, b'1'),
('2016-03-18', 116, 1, 1, b'1'),
('2016-03-18', 117, 1, 1, b'1'),
('2016-03-18', 118, 1, 1, b'1'),
('2016-03-18', 119, 1, 1, b'1'),
('2016-03-18', 120, 1, 1, b'1'),
('2016-03-18', 121, 1, 1, b'1'),
('2016-03-18', 122, 1, 1, b'1'),
('2016-03-18', 123, 1, 1, b'1'),
('2016-03-18', 124, 1, 1, b'1'),
('2016-03-18', 125, 1, 1, b'1'),
('2016-03-18', 126, 1, 1, b'1'),
('2016-03-18', 127, 1, 1, b'1'),
('2016-03-18', 128, 1, 1, b'1'),
('2016-03-18', 129, 1, 1, b'1'),
('2016-03-18', 130, 1, 1, b'1'),
('2016-03-18', 131, 1, 1, b'1'),
('2016-03-18', 132, 1, 1, b'1'),
('2016-03-18', 133, 1, 1, b'1'),
('2016-03-18', 134, 1, 1, b'1'),
('2016-03-18', 135, 1, 1, b'1'),
('2016-03-18', 136, 1, 1, b'1'),
('2016-03-18', 137, 1, 1, b'1'),
('2016-03-18', 138, 1, 1, b'1'),
('2016-03-18', 139, 1, 1, b'1'),
('2016-03-18', 140, 1, 1, b'1'),
('2016-03-18', 141, 1, 1, b'1'),
('2016-03-18', 142, 1, 1, b'1'),
('2016-03-18', 143, 1, 1, b'1'),
('2016-03-18', 144, 1, 1, b'1'),
('2016-03-18', 145, 1, 1, b'1'),
('2016-03-18', 146, 1, 1, b'1'),
('2016-03-18', 147, 1, 1, b'1'),
('2016-03-18', 148, 1, 1, b'1'),
('2016-03-18', 149, 1, 1, b'1'),
('2016-03-18', 150, 1, 1, b'1'),
('2016-03-18', 151, 1, 1, b'1'),
('2016-03-18', 152, 1, 1, b'1'),
('2016-03-18', 153, 1, 1, b'1'),
('2016-03-18', 154, 1, 1, b'1'),
('2016-03-18', 155, 1, 1, b'1'),
('2016-03-18', 156, 1, 1, b'1'),
('2016-03-21', 79, 1, 1, b'1'),
('2016-03-21', 80, 1, 1, b'0'),
('2016-03-21', 81, 1, 1, b'1'),
('2016-03-21', 82, 1, 1, b'1'),
('2016-03-21', 83, 1, 1, b'0'),
('2016-03-21', 84, 1, 1, b'1'),
('2016-03-21', 85, 1, 1, b'1'),
('2016-03-21', 86, 1, 1, b'0'),
('2016-03-21', 87, 1, 1, b'1'),
('2016-03-21', 88, 1, 1, b'1'),
('2016-03-21', 89, 1, 1, b'1'),
('2016-03-21', 90, 1, 1, b'1'),
('2016-03-21', 91, 1, 1, b'1'),
('2016-03-21', 92, 1, 1, b'1'),
('2016-03-21', 93, 1, 1, b'1'),
('2016-03-21', 94, 1, 1, b'1'),
('2016-03-21', 95, 1, 1, b'1'),
('2016-03-21', 96, 1, 1, b'1'),
('2016-03-21', 97, 1, 1, b'1'),
('2016-03-21', 98, 1, 1, b'1'),
('2016-03-21', 99, 1, 1, b'1'),
('2016-03-21', 100, 1, 1, b'1'),
('2016-03-21', 101, 1, 1, b'1'),
('2016-03-21', 102, 1, 1, b'1'),
('2016-03-21', 103, 1, 1, b'1'),
('2016-03-21', 104, 1, 1, b'1'),
('2016-03-21', 105, 1, 1, b'1'),
('2016-03-21', 106, 1, 1, b'1'),
('2016-03-21', 107, 1, 1, b'1'),
('2016-03-21', 108, 1, 1, b'1'),
('2016-03-21', 109, 1, 1, b'1'),
('2016-03-21', 110, 1, 1, b'1'),
('2016-03-21', 111, 1, 1, b'1'),
('2016-03-21', 112, 1, 1, b'1'),
('2016-03-21', 113, 1, 1, b'1'),
('2016-03-21', 114, 1, 1, b'1'),
('2016-03-21', 115, 1, 1, b'1'),
('2016-03-21', 116, 1, 1, b'1'),
('2016-03-21', 117, 1, 1, b'1'),
('2016-03-21', 118, 1, 1, b'1'),
('2016-03-21', 119, 1, 1, b'1'),
('2016-03-21', 120, 1, 1, b'1'),
('2016-03-21', 121, 1, 1, b'1'),
('2016-03-21', 122, 1, 1, b'1'),
('2016-03-21', 123, 1, 1, b'1'),
('2016-03-21', 124, 1, 1, b'1'),
('2016-03-21', 125, 1, 1, b'1'),
('2016-03-21', 126, 1, 1, b'1'),
('2016-03-21', 127, 1, 1, b'1'),
('2016-03-21', 128, 1, 1, b'1'),
('2016-03-21', 129, 1, 1, b'1'),
('2016-03-21', 130, 1, 1, b'1'),
('2016-03-21', 131, 1, 1, b'1'),
('2016-03-21', 132, 1, 1, b'1'),
('2016-03-21', 133, 1, 1, b'1'),
('2016-03-21', 134, 1, 1, b'1'),
('2016-03-21', 135, 1, 1, b'1'),
('2016-03-21', 136, 1, 1, b'1'),
('2016-03-21', 137, 1, 1, b'1'),
('2016-03-21', 138, 1, 1, b'1'),
('2016-03-21', 139, 1, 1, b'1'),
('2016-03-21', 140, 1, 1, b'1'),
('2016-03-21', 141, 1, 1, b'1'),
('2016-03-21', 142, 1, 1, b'1'),
('2016-03-21', 143, 1, 1, b'1'),
('2016-03-21', 144, 1, 1, b'1'),
('2016-03-21', 145, 1, 1, b'1'),
('2016-03-21', 146, 1, 1, b'1'),
('2016-03-21', 147, 1, 1, b'1'),
('2016-03-21', 148, 1, 1, b'1'),
('2016-03-21', 149, 1, 1, b'1'),
('2016-03-21', 150, 1, 1, b'1'),
('2016-03-21', 151, 1, 1, b'1'),
('2016-03-21', 152, 1, 1, b'1'),
('2016-03-21', 153, 1, 1, b'1'),
('2016-03-21', 154, 1, 1, b'1'),
('2016-03-21', 155, 1, 1, b'1'),
('2016-03-21', 156, 1, 1, b'1'),
('2016-03-22', 79, 1, 1, b'1'),
('2016-03-22', 80, 1, 1, b'1'),
('2016-03-22', 81, 1, 1, b'1'),
('2016-03-22', 82, 1, 1, b'1'),
('2016-03-22', 83, 1, 1, b'1'),
('2016-03-22', 84, 1, 1, b'1'),
('2016-03-22', 85, 1, 1, b'1'),
('2016-03-22', 86, 1, 1, b'1'),
('2016-03-22', 87, 1, 1, b'1'),
('2016-03-22', 88, 1, 1, b'1'),
('2016-03-22', 89, 1, 1, b'1'),
('2016-03-22', 90, 1, 1, b'1'),
('2016-03-22', 91, 1, 1, b'1'),
('2016-03-22', 92, 1, 1, b'1'),
('2016-03-22', 93, 1, 1, b'1'),
('2016-03-22', 94, 1, 1, b'1'),
('2016-03-22', 95, 1, 1, b'1'),
('2016-03-22', 96, 1, 1, b'1'),
('2016-03-22', 97, 1, 1, b'1'),
('2016-03-22', 98, 1, 1, b'1'),
('2016-03-22', 99, 1, 1, b'1'),
('2016-03-22', 100, 1, 1, b'1'),
('2016-03-22', 101, 1, 1, b'1'),
('2016-03-22', 102, 1, 1, b'1'),
('2016-03-22', 103, 1, 1, b'1'),
('2016-03-22', 104, 1, 1, b'1'),
('2016-03-22', 105, 1, 1, b'1'),
('2016-03-22', 106, 1, 1, b'1'),
('2016-03-22', 107, 1, 1, b'1'),
('2016-03-22', 108, 1, 1, b'1'),
('2016-03-22', 109, 1, 1, b'1'),
('2016-03-22', 110, 1, 1, b'1'),
('2016-03-22', 111, 1, 1, b'0'),
('2016-03-22', 112, 1, 1, b'1'),
('2016-03-22', 113, 1, 1, b'0'),
('2016-03-22', 114, 1, 1, b'1'),
('2016-03-22', 115, 1, 1, b'1'),
('2016-03-22', 116, 1, 1, b'1'),
('2016-03-22', 117, 1, 1, b'0'),
('2016-03-22', 118, 1, 1, b'1'),
('2016-03-22', 119, 1, 1, b'1'),
('2016-03-22', 120, 1, 1, b'1'),
('2016-03-22', 121, 1, 1, b'1'),
('2016-03-22', 122, 1, 1, b'1'),
('2016-03-22', 123, 1, 1, b'1'),
('2016-03-22', 124, 1, 1, b'1'),
('2016-03-22', 125, 1, 1, b'1'),
('2016-03-22', 126, 1, 1, b'1'),
('2016-03-22', 127, 1, 1, b'1'),
('2016-03-22', 128, 1, 1, b'1'),
('2016-03-22', 129, 1, 1, b'1'),
('2016-03-22', 130, 1, 1, b'1'),
('2016-03-22', 131, 1, 1, b'1'),
('2016-03-22', 132, 1, 1, b'1'),
('2016-03-22', 133, 1, 1, b'1'),
('2016-03-22', 134, 1, 1, b'1'),
('2016-03-22', 135, 1, 1, b'1'),
('2016-03-22', 136, 1, 1, b'1'),
('2016-03-22', 137, 1, 1, b'1'),
('2016-03-22', 138, 1, 1, b'1'),
('2016-03-22', 139, 1, 1, b'1'),
('2016-03-22', 140, 1, 1, b'1'),
('2016-03-22', 141, 1, 1, b'1'),
('2016-03-22', 142, 1, 1, b'1'),
('2016-03-22', 143, 1, 1, b'1'),
('2016-03-22', 144, 1, 1, b'1'),
('2016-03-22', 145, 1, 1, b'1'),
('2016-03-22', 146, 1, 1, b'1'),
('2016-03-22', 147, 1, 1, b'1'),
('2016-03-22', 148, 1, 1, b'1'),
('2016-03-22', 149, 1, 1, b'1'),
('2016-03-22', 150, 1, 1, b'1'),
('2016-03-22', 151, 1, 1, b'1'),
('2016-03-22', 152, 1, 1, b'1'),
('2016-03-22', 153, 1, 1, b'1'),
('2016-03-22', 154, 1, 1, b'1'),
('2016-03-22', 155, 1, 1, b'1'),
('2016-03-22', 156, 1, 1, b'1'),
('2016-03-24', 79, 1, 1, b'1'),
('2016-03-24', 80, 1, 1, b'0'),
('2016-03-24', 81, 1, 1, b'1'),
('2016-03-24', 82, 1, 1, b'1'),
('2016-03-24', 83, 1, 1, b'1'),
('2016-03-24', 84, 1, 1, b'0'),
('2016-03-24', 85, 1, 1, b'1'),
('2016-03-24', 86, 1, 1, b'1'),
('2016-03-24', 87, 1, 1, b'0'),
('2016-03-24', 88, 1, 1, b'1'),
('2016-03-24', 89, 1, 1, b'1'),
('2016-03-24', 90, 1, 1, b'0'),
('2016-03-24', 91, 1, 1, b'1'),
('2016-03-24', 92, 1, 1, b'1'),
('2016-03-24', 93, 1, 1, b'1'),
('2016-03-24', 94, 1, 1, b'1'),
('2016-03-24', 95, 1, 1, b'0'),
('2016-03-24', 96, 1, 1, b'1'),
('2016-03-24', 97, 1, 1, b'1'),
('2016-03-24', 98, 1, 1, b'0'),
('2016-03-24', 99, 1, 1, b'0'),
('2016-03-24', 100, 1, 1, b'1'),
('2016-03-24', 101, 1, 1, b'1'),
('2016-03-24', 102, 1, 1, b'0'),
('2016-03-24', 103, 1, 1, b'0'),
('2016-03-24', 104, 1, 1, b'0'),
('2016-03-24', 105, 1, 1, b'1'),
('2016-03-24', 106, 1, 1, b'0'),
('2016-03-24', 107, 1, 1, b'1'),
('2016-03-24', 108, 1, 1, b'0'),
('2016-03-24', 109, 1, 1, b'1'),
('2016-03-24', 110, 1, 1, b'0'),
('2016-03-24', 111, 1, 1, b'1'),
('2016-03-24', 112, 1, 1, b'0'),
('2016-03-24', 113, 1, 1, b'1'),
('2016-03-24', 114, 1, 1, b'0'),
('2016-03-24', 115, 1, 1, b'1'),
('2016-03-24', 116, 1, 1, b'0'),
('2016-03-24', 117, 1, 1, b'1'),
('2016-03-24', 118, 1, 1, b'0'),
('2016-03-24', 119, 1, 1, b'0'),
('2016-03-24', 120, 1, 1, b'1'),
('2016-03-24', 121, 1, 1, b'1'),
('2016-03-24', 122, 1, 1, b'1'),
('2016-03-24', 123, 1, 1, b'0'),
('2016-03-24', 124, 1, 1, b'1'),
('2016-03-24', 125, 1, 1, b'1'),
('2016-03-24', 126, 1, 1, b'0'),
('2016-03-24', 127, 1, 1, b'1'),
('2016-03-24', 128, 1, 1, b'0'),
('2016-03-24', 129, 1, 1, b'1'),
('2016-03-24', 130, 1, 1, b'0'),
('2016-03-24', 131, 1, 1, b'1'),
('2016-03-24', 132, 1, 1, b'1'),
('2016-03-24', 133, 1, 1, b'0'),
('2016-03-24', 134, 1, 1, b'1'),
('2016-03-24', 135, 1, 1, b'0'),
('2016-03-24', 136, 1, 1, b'1'),
('2016-03-24', 137, 1, 1, b'0'),
('2016-03-24', 138, 1, 1, b'0'),
('2016-03-24', 139, 1, 1, b'0'),
('2016-03-24', 140, 1, 1, b'1'),
('2016-03-24', 141, 1, 1, b'1'),
('2016-03-24', 142, 1, 1, b'0'),
('2016-03-24', 143, 1, 1, b'0'),
('2016-03-24', 144, 1, 1, b'1'),
('2016-03-24', 145, 1, 1, b'1'),
('2016-03-24', 146, 1, 1, b'0'),
('2016-03-24', 147, 1, 1, b'1'),
('2016-03-24', 148, 1, 1, b'0'),
('2016-03-24', 149, 1, 1, b'0'),
('2016-03-24', 150, 1, 1, b'1'),
('2016-03-24', 151, 1, 1, b'1'),
('2016-03-24', 152, 1, 1, b'0'),
('2016-03-24', 153, 1, 1, b'1'),
('2016-03-24', 154, 1, 1, b'1'),
('2016-03-24', 155, 1, 1, b'0'),
('2016-03-24', 156, 1, 1, b'0'),
('2016-03-25', 79, 1, 1, b'1'),
('2016-03-25', 80, 1, 1, b'1'),
('2016-03-25', 81, 1, 1, b'0'),
('2016-03-25', 82, 1, 1, b'1'),
('2016-03-25', 83, 1, 1, b'1'),
('2016-03-25', 84, 1, 1, b'1'),
('2016-03-25', 85, 1, 1, b'0'),
('2016-03-25', 86, 1, 1, b'0'),
('2016-03-25', 87, 1, 1, b'1'),
('2016-03-25', 88, 1, 1, b'1'),
('2016-03-25', 89, 1, 1, b'0'),
('2016-03-25', 90, 1, 1, b'0'),
('2016-03-25', 91, 1, 1, b'1'),
('2016-03-25', 92, 1, 1, b'1'),
('2016-03-25', 93, 1, 1, b'1'),
('2016-03-25', 94, 1, 1, b'0'),
('2016-03-25', 95, 1, 1, b'1'),
('2016-03-25', 96, 1, 1, b'1'),
('2016-03-25', 97, 1, 1, b'1'),
('2016-03-25', 98, 1, 1, b'0'),
('2016-03-25', 99, 1, 1, b'1'),
('2016-03-25', 100, 1, 1, b'0'),
('2016-03-25', 101, 1, 1, b'1'),
('2016-03-25', 102, 1, 1, b'1'),
('2016-03-25', 103, 1, 1, b'1'),
('2016-03-25', 104, 1, 1, b'0'),
('2016-03-25', 105, 1, 1, b'1'),
('2016-03-25', 106, 1, 1, b'1'),
('2016-03-25', 107, 1, 1, b'1'),
('2016-03-25', 108, 1, 1, b'0'),
('2016-03-25', 109, 1, 1, b'1'),
('2016-03-25', 110, 1, 1, b'1'),
('2016-03-25', 111, 1, 1, b'0'),
('2016-03-25', 112, 1, 1, b'1'),
('2016-03-25', 113, 1, 1, b'1'),
('2016-03-25', 114, 1, 1, b'1'),
('2016-03-25', 115, 1, 1, b'0'),
('2016-03-25', 116, 1, 1, b'1'),
('2016-03-25', 117, 1, 1, b'1'),
('2016-03-25', 118, 1, 1, b'0'),
('2016-03-25', 119, 1, 1, b'1'),
('2016-03-25', 120, 1, 1, b'0'),
('2016-03-25', 121, 1, 1, b'1'),
('2016-03-25', 122, 1, 1, b'1'),
('2016-03-25', 123, 1, 1, b'1'),
('2016-03-25', 124, 1, 1, b'0'),
('2016-03-25', 125, 1, 1, b'1'),
('2016-03-25', 126, 1, 1, b'1'),
('2016-03-25', 127, 1, 1, b'0'),
('2016-03-25', 128, 1, 1, b'1'),
('2016-03-25', 129, 1, 1, b'1'),
('2016-03-25', 130, 1, 1, b'0'),
('2016-03-25', 131, 1, 1, b'1'),
('2016-03-25', 132, 1, 1, b'1'),
('2016-03-25', 133, 1, 1, b'1'),
('2016-03-25', 134, 1, 1, b'0'),
('2016-03-25', 135, 1, 1, b'1'),
('2016-03-25', 136, 1, 1, b'1'),
('2016-03-25', 137, 1, 1, b'0'),
('2016-03-25', 138, 1, 1, b'1'),
('2016-03-25', 139, 1, 1, b'0'),
('2016-03-25', 140, 1, 1, b'1'),
('2016-03-25', 141, 1, 1, b'1'),
('2016-03-25', 142, 1, 1, b'1'),
('2016-03-25', 143, 1, 1, b'1'),
('2016-03-25', 144, 1, 1, b'0'),
('2016-03-25', 145, 1, 1, b'1'),
('2016-03-25', 146, 1, 1, b'1'),
('2016-03-25', 147, 1, 1, b'1'),
('2016-03-25', 148, 1, 1, b'0'),
('2016-03-25', 149, 1, 1, b'0'),
('2016-03-25', 150, 1, 1, b'1'),
('2016-03-25', 151, 1, 1, b'1'),
('2016-03-25', 152, 1, 1, b'0'),
('2016-03-25', 153, 1, 1, b'0'),
('2016-03-25', 154, 1, 1, b'0'),
('2016-03-25', 155, 1, 1, b'1'),
('2016-03-25', 156, 1, 1, b'0'),
('2016-03-29', 79, 1, 1, b'1'),
('2016-03-29', 80, 1, 1, b'1'),
('2016-03-29', 81, 1, 1, b'1'),
('2016-03-29', 82, 1, 1, b'1'),
('2016-03-29', 83, 1, 1, b'1'),
('2016-03-29', 84, 1, 1, b'1'),
('2016-03-29', 85, 1, 1, b'1'),
('2016-03-29', 86, 1, 1, b'1'),
('2016-03-29', 87, 1, 1, b'1'),
('2016-03-29', 88, 1, 1, b'1'),
('2016-03-29', 89, 1, 1, b'1'),
('2016-03-29', 90, 1, 1, b'1'),
('2016-03-29', 91, 1, 1, b'1'),
('2016-03-29', 92, 1, 1, b'1'),
('2016-03-29', 93, 1, 1, b'1'),
('2016-03-29', 94, 1, 1, b'1'),
('2016-03-29', 95, 1, 1, b'1'),
('2016-03-29', 96, 1, 1, b'1'),
('2016-03-29', 97, 1, 1, b'1'),
('2016-03-29', 98, 1, 1, b'1'),
('2016-03-29', 99, 1, 1, b'1'),
('2016-03-29', 100, 1, 1, b'1'),
('2016-03-29', 101, 1, 1, b'1'),
('2016-03-29', 102, 1, 1, b'1'),
('2016-03-29', 103, 1, 1, b'1'),
('2016-03-29', 104, 1, 1, b'1'),
('2016-03-29', 105, 1, 1, b'1'),
('2016-03-29', 106, 1, 1, b'1'),
('2016-03-29', 107, 1, 1, b'1'),
('2016-03-29', 108, 1, 1, b'1'),
('2016-03-29', 109, 1, 1, b'1'),
('2016-03-29', 110, 1, 1, b'1'),
('2016-03-29', 111, 1, 1, b'1'),
('2016-03-29', 112, 1, 1, b'1'),
('2016-03-29', 113, 1, 1, b'1'),
('2016-03-29', 114, 1, 1, b'1'),
('2016-03-29', 115, 1, 1, b'1'),
('2016-03-29', 116, 1, 1, b'1'),
('2016-03-29', 117, 1, 1, b'1'),
('2016-03-29', 118, 1, 1, b'1'),
('2016-03-29', 119, 1, 1, b'1'),
('2016-03-29', 120, 1, 1, b'1'),
('2016-03-29', 121, 1, 1, b'1'),
('2016-03-29', 122, 1, 1, b'1'),
('2016-03-29', 123, 1, 1, b'1'),
('2016-03-29', 124, 1, 1, b'1'),
('2016-03-29', 125, 1, 1, b'1'),
('2016-03-29', 126, 1, 1, b'1'),
('2016-03-29', 127, 1, 1, b'1'),
('2016-03-29', 128, 1, 1, b'1'),
('2016-03-29', 129, 1, 1, b'1'),
('2016-03-29', 130, 1, 1, b'1'),
('2016-03-29', 131, 1, 1, b'1'),
('2016-03-29', 132, 1, 1, b'1'),
('2016-03-29', 133, 1, 1, b'1'),
('2016-03-29', 134, 1, 1, b'1'),
('2016-03-29', 135, 1, 1, b'1'),
('2016-03-29', 136, 1, 1, b'1'),
('2016-03-29', 137, 1, 1, b'1'),
('2016-03-29', 138, 1, 1, b'1'),
('2016-03-29', 139, 1, 1, b'1'),
('2016-03-29', 140, 1, 1, b'1'),
('2016-03-29', 141, 1, 1, b'1'),
('2016-03-29', 142, 1, 1, b'1'),
('2016-03-29', 143, 1, 1, b'1'),
('2016-03-29', 144, 1, 1, b'1'),
('2016-03-29', 145, 1, 1, b'1'),
('2016-03-29', 146, 1, 1, b'1'),
('2016-03-29', 147, 1, 1, b'1'),
('2016-03-29', 148, 1, 1, b'1'),
('2016-03-29', 149, 1, 1, b'1'),
('2016-03-29', 150, 1, 1, b'1'),
('2016-03-29', 151, 1, 1, b'1'),
('2016-03-29', 152, 1, 1, b'1'),
('2016-03-29', 153, 1, 1, b'1'),
('2016-03-29', 154, 1, 1, b'1'),
('2016-03-29', 155, 1, 1, b'1'),
('2016-03-29', 156, 1, 1, b'1'),
('2016-03-30', 79, 1, 1, b'1'),
('2016-03-30', 80, 1, 1, b'1'),
('2016-03-30', 81, 1, 1, b'1'),
('2016-03-30', 82, 1, 1, b'1'),
('2016-03-30', 83, 1, 1, b'1'),
('2016-03-30', 84, 1, 1, b'1'),
('2016-03-30', 85, 1, 1, b'1'),
('2016-03-30', 86, 1, 1, b'1'),
('2016-03-30', 87, 1, 1, b'1'),
('2016-03-30', 88, 1, 1, b'1'),
('2016-03-30', 89, 1, 1, b'1'),
('2016-03-30', 90, 1, 1, b'1'),
('2016-03-30', 91, 1, 1, b'1'),
('2016-03-30', 92, 1, 1, b'1'),
('2016-03-30', 93, 1, 1, b'1'),
('2016-03-30', 94, 1, 1, b'1'),
('2016-03-30', 95, 1, 1, b'1'),
('2016-03-30', 96, 1, 1, b'1'),
('2016-03-30', 97, 1, 1, b'1'),
('2016-03-30', 98, 1, 1, b'1'),
('2016-03-30', 99, 1, 1, b'1'),
('2016-03-30', 100, 1, 1, b'1'),
('2016-03-30', 101, 1, 1, b'1'),
('2016-03-30', 102, 1, 1, b'1'),
('2016-03-30', 103, 1, 1, b'1'),
('2016-03-30', 104, 1, 1, b'1'),
('2016-03-30', 105, 1, 1, b'1'),
('2016-03-30', 106, 1, 1, b'1'),
('2016-03-30', 107, 1, 1, b'1'),
('2016-03-30', 108, 1, 1, b'1'),
('2016-03-30', 109, 1, 1, b'1'),
('2016-03-30', 110, 1, 1, b'1'),
('2016-03-30', 111, 1, 1, b'1'),
('2016-03-30', 112, 1, 1, b'1'),
('2016-03-30', 113, 1, 1, b'1'),
('2016-03-30', 114, 1, 1, b'1'),
('2016-03-30', 115, 1, 1, b'1'),
('2016-03-30', 116, 1, 1, b'1'),
('2016-03-30', 117, 1, 1, b'1'),
('2016-03-30', 118, 1, 1, b'1'),
('2016-03-30', 119, 1, 1, b'1'),
('2016-03-30', 120, 1, 1, b'1'),
('2016-03-30', 121, 1, 1, b'1'),
('2016-03-30', 122, 1, 1, b'1'),
('2016-03-30', 123, 1, 1, b'1'),
('2016-03-30', 124, 1, 1, b'1'),
('2016-03-30', 125, 1, 1, b'1'),
('2016-03-30', 126, 1, 1, b'1'),
('2016-03-30', 127, 1, 1, b'1'),
('2016-03-30', 128, 1, 1, b'1'),
('2016-03-30', 129, 1, 1, b'1'),
('2016-03-30', 130, 1, 1, b'1'),
('2016-03-30', 131, 1, 1, b'1'),
('2016-03-30', 132, 1, 1, b'1'),
('2016-03-30', 133, 1, 1, b'1'),
('2016-03-30', 134, 1, 1, b'1'),
('2016-03-30', 135, 1, 1, b'1'),
('2016-03-30', 136, 1, 1, b'1'),
('2016-03-30', 137, 1, 1, b'1'),
('2016-03-30', 138, 1, 1, b'1'),
('2016-03-30', 139, 1, 1, b'1');
INSERT INTO `Record` (`Date`, `StudentId`, `SubjectId`, `Lec_no`, `PA`) VALUES
('2016-03-30', 140, 1, 1, b'1'),
('2016-03-30', 141, 1, 1, b'1'),
('2016-03-30', 142, 1, 1, b'1'),
('2016-03-30', 143, 1, 1, b'1'),
('2016-03-30', 144, 1, 1, b'1'),
('2016-03-30', 145, 1, 1, b'1'),
('2016-03-30', 146, 1, 1, b'1'),
('2016-03-30', 147, 1, 1, b'1'),
('2016-03-30', 148, 1, 1, b'1'),
('2016-03-30', 149, 1, 1, b'1'),
('2016-03-30', 150, 1, 1, b'1'),
('2016-03-30', 151, 1, 1, b'1'),
('2016-03-30', 152, 1, 1, b'1'),
('2016-03-30', 153, 1, 1, b'1'),
('2016-03-30', 154, 1, 1, b'1'),
('2016-03-30', 155, 1, 1, b'1'),
('2016-03-30', 156, 1, 1, b'1'),
('2016-03-31', 79, 1, 1, b'0'),
('2016-03-31', 80, 1, 1, b'1'),
('2016-03-31', 81, 1, 1, b'1'),
('2016-03-31', 82, 1, 1, b'0'),
('2016-03-31', 83, 1, 1, b'1'),
('2016-03-31', 84, 1, 1, b'0'),
('2016-03-31', 85, 1, 1, b'1'),
('2016-03-31', 86, 1, 1, b'0'),
('2016-03-31', 87, 1, 1, b'1'),
('2016-03-31', 88, 1, 1, b'0'),
('2016-03-31', 89, 1, 1, b'1'),
('2016-03-31', 90, 1, 1, b'1'),
('2016-03-31', 91, 1, 1, b'1'),
('2016-03-31', 92, 1, 1, b'1'),
('2016-03-31', 93, 1, 1, b'1'),
('2016-03-31', 94, 1, 1, b'1'),
('2016-03-31', 95, 1, 1, b'1'),
('2016-03-31', 96, 1, 1, b'1'),
('2016-03-31', 97, 1, 1, b'1'),
('2016-03-31', 98, 1, 1, b'1'),
('2016-03-31', 99, 1, 1, b'1'),
('2016-03-31', 100, 1, 1, b'1'),
('2016-03-31', 101, 1, 1, b'1'),
('2016-03-31', 102, 1, 1, b'1'),
('2016-03-31', 103, 1, 1, b'1'),
('2016-03-31', 104, 1, 1, b'1'),
('2016-03-31', 105, 1, 1, b'1'),
('2016-03-31', 106, 1, 1, b'1'),
('2016-03-31', 107, 1, 1, b'1'),
('2016-03-31', 108, 1, 1, b'1'),
('2016-03-31', 109, 1, 1, b'1'),
('2016-03-31', 110, 1, 1, b'1'),
('2016-03-31', 111, 1, 1, b'1'),
('2016-03-31', 112, 1, 1, b'1'),
('2016-03-31', 113, 1, 1, b'1'),
('2016-03-31', 114, 1, 1, b'1'),
('2016-03-31', 115, 1, 1, b'1'),
('2016-03-31', 116, 1, 1, b'1'),
('2016-03-31', 117, 1, 1, b'1'),
('2016-03-31', 118, 1, 1, b'1'),
('2016-03-31', 119, 1, 1, b'1'),
('2016-03-31', 120, 1, 1, b'1'),
('2016-03-31', 121, 1, 1, b'1'),
('2016-03-31', 122, 1, 1, b'1'),
('2016-03-31', 123, 1, 1, b'1'),
('2016-03-31', 124, 1, 1, b'1'),
('2016-03-31', 125, 1, 1, b'1'),
('2016-03-31', 126, 1, 1, b'1'),
('2016-03-31', 127, 1, 1, b'1'),
('2016-03-31', 128, 1, 1, b'1'),
('2016-03-31', 129, 1, 1, b'1'),
('2016-03-31', 130, 1, 1, b'1'),
('2016-03-31', 131, 1, 1, b'1'),
('2016-03-31', 132, 1, 1, b'1'),
('2016-03-31', 133, 1, 1, b'1'),
('2016-03-31', 134, 1, 1, b'1'),
('2016-03-31', 135, 1, 1, b'1'),
('2016-03-31', 136, 1, 1, b'1'),
('2016-03-31', 137, 1, 1, b'1'),
('2016-03-31', 138, 1, 1, b'1'),
('2016-03-31', 139, 1, 1, b'1'),
('2016-03-31', 140, 1, 1, b'1'),
('2016-03-31', 141, 1, 1, b'1'),
('2016-03-31', 142, 1, 1, b'1'),
('2016-03-31', 143, 1, 1, b'1'),
('2016-03-31', 144, 1, 1, b'1'),
('2016-03-31', 145, 1, 1, b'1'),
('2016-03-31', 146, 1, 1, b'1'),
('2016-03-31', 147, 1, 1, b'1'),
('2016-03-31', 148, 1, 1, b'1'),
('2016-03-31', 149, 1, 1, b'1'),
('2016-03-31', 150, 1, 1, b'1'),
('2016-03-31', 151, 1, 1, b'1'),
('2016-03-31', 152, 1, 1, b'1'),
('2016-03-31', 153, 1, 1, b'1'),
('2016-03-31', 154, 1, 1, b'1'),
('2016-03-31', 155, 1, 1, b'1'),
('2016-03-31', 156, 1, 1, b'1'),
('2016-04-02', 79, 1, 1, b'1'),
('2016-04-02', 80, 1, 1, b'1'),
('2016-04-02', 81, 1, 1, b'1'),
('2016-04-02', 82, 1, 1, b'1'),
('2016-04-02', 83, 1, 1, b'1'),
('2016-04-02', 84, 1, 1, b'1'),
('2016-04-02', 85, 1, 1, b'1'),
('2016-04-02', 86, 1, 1, b'1'),
('2016-04-02', 87, 1, 1, b'1'),
('2016-04-02', 88, 1, 1, b'1'),
('2016-04-02', 89, 1, 1, b'1'),
('2016-04-02', 90, 1, 1, b'1'),
('2016-04-02', 91, 1, 1, b'0'),
('2016-04-02', 92, 1, 1, b'1'),
('2016-04-02', 93, 1, 1, b'1'),
('2016-04-02', 94, 1, 1, b'1'),
('2016-04-02', 95, 1, 1, b'1'),
('2016-04-02', 96, 1, 1, b'0'),
('2016-04-02', 97, 1, 1, b'1'),
('2016-04-02', 98, 1, 1, b'1'),
('2016-04-02', 99, 1, 1, b'1'),
('2016-04-02', 100, 1, 1, b'1'),
('2016-04-02', 101, 1, 1, b'1'),
('2016-04-02', 102, 1, 1, b'0'),
('2016-04-02', 103, 1, 1, b'1'),
('2016-04-02', 104, 1, 1, b'1'),
('2016-04-02', 105, 1, 1, b'1'),
('2016-04-02', 106, 1, 1, b'1'),
('2016-04-02', 107, 1, 1, b'1'),
('2016-04-02', 108, 1, 1, b'1'),
('2016-04-02', 109, 1, 1, b'1'),
('2016-04-02', 110, 1, 1, b'1'),
('2016-04-02', 111, 1, 1, b'1'),
('2016-04-02', 112, 1, 1, b'1'),
('2016-04-02', 113, 1, 1, b'1'),
('2016-04-02', 114, 1, 1, b'1'),
('2016-04-02', 115, 1, 1, b'1'),
('2016-04-02', 116, 1, 1, b'1'),
('2016-04-02', 117, 1, 1, b'1'),
('2016-04-02', 118, 1, 1, b'1'),
('2016-04-02', 119, 1, 1, b'1'),
('2016-04-02', 120, 1, 1, b'1'),
('2016-04-02', 121, 1, 1, b'1'),
('2016-04-02', 122, 1, 1, b'1'),
('2016-04-02', 123, 1, 1, b'1'),
('2016-04-02', 124, 1, 1, b'1'),
('2016-04-02', 125, 1, 1, b'1'),
('2016-04-02', 126, 1, 1, b'1'),
('2016-04-02', 127, 1, 1, b'1'),
('2016-04-02', 128, 1, 1, b'1'),
('2016-04-02', 129, 1, 1, b'1'),
('2016-04-02', 130, 1, 1, b'1'),
('2016-04-02', 131, 1, 1, b'1'),
('2016-04-02', 132, 1, 1, b'1'),
('2016-04-02', 133, 1, 1, b'1'),
('2016-04-02', 134, 1, 1, b'1'),
('2016-04-02', 135, 1, 1, b'1'),
('2016-04-02', 136, 1, 1, b'1'),
('2016-04-02', 137, 1, 1, b'1'),
('2016-04-02', 138, 1, 1, b'1'),
('2016-04-02', 139, 1, 1, b'1'),
('2016-04-02', 140, 1, 1, b'1'),
('2016-04-02', 141, 1, 1, b'1'),
('2016-04-02', 142, 1, 1, b'1'),
('2016-04-02', 143, 1, 1, b'1'),
('2016-04-02', 144, 1, 1, b'1'),
('2016-04-02', 145, 1, 1, b'1'),
('2016-04-02', 146, 1, 1, b'1'),
('2016-04-02', 147, 1, 1, b'1'),
('2016-04-02', 148, 1, 1, b'1'),
('2016-04-02', 149, 1, 1, b'1'),
('2016-04-02', 150, 1, 1, b'1'),
('2016-04-02', 151, 1, 1, b'1'),
('2016-04-02', 152, 1, 1, b'1'),
('2016-04-02', 153, 1, 1, b'1'),
('2016-04-02', 154, 1, 1, b'1'),
('2016-04-02', 155, 1, 1, b'1'),
('2016-04-02', 156, 1, 1, b'1'),
('2016-04-02', 388, 4, 1, b'1'),
('2016-04-02', 389, 4, 1, b'1'),
('2016-04-02', 390, 4, 1, b'1'),
('2016-04-02', 391, 4, 1, b'1'),
('2016-04-02', 392, 4, 1, b'1'),
('2016-04-02', 393, 4, 1, b'1'),
('2016-04-02', 394, 4, 1, b'1'),
('2016-04-02', 395, 4, 1, b'1'),
('2016-04-02', 396, 4, 1, b'1'),
('2016-04-02', 397, 4, 1, b'1'),
('2016-04-02', 398, 4, 1, b'1'),
('2016-04-02', 399, 4, 1, b'1'),
('2016-04-02', 400, 4, 1, b'1'),
('2016-04-02', 401, 4, 1, b'1'),
('2016-04-02', 402, 4, 1, b'1'),
('2016-04-02', 403, 4, 1, b'1'),
('2016-04-02', 404, 4, 1, b'1'),
('2016-04-02', 405, 4, 1, b'1'),
('2016-04-02', 406, 4, 1, b'1'),
('2016-04-02', 407, 4, 1, b'1'),
('2016-04-02', 408, 4, 1, b'1'),
('2016-04-02', 409, 4, 1, b'1'),
('2016-04-02', 410, 4, 1, b'1'),
('2016-04-02', 411, 4, 1, b'1'),
('2016-04-02', 412, 4, 1, b'1'),
('2016-04-02', 413, 4, 1, b'1'),
('2016-04-02', 414, 4, 1, b'1'),
('2016-04-02', 415, 4, 1, b'1'),
('2016-04-02', 416, 4, 1, b'1'),
('2016-04-02', 417, 4, 1, b'1'),
('2016-04-02', 418, 4, 1, b'1'),
('2016-04-02', 419, 4, 1, b'1'),
('2016-04-02', 420, 4, 1, b'1'),
('2016-04-02', 421, 4, 1, b'1'),
('2016-04-02', 422, 4, 1, b'1'),
('2016-04-02', 423, 4, 1, b'1'),
('2016-04-02', 424, 4, 1, b'1'),
('2016-04-02', 425, 4, 1, b'1'),
('2016-04-02', 426, 4, 1, b'1'),
('2016-04-02', 427, 4, 1, b'1'),
('2016-04-02', 428, 4, 1, b'1'),
('2016-04-02', 429, 4, 1, b'1'),
('2016-04-02', 430, 4, 1, b'1'),
('2016-04-02', 431, 4, 1, b'1'),
('2016-04-02', 432, 4, 1, b'1'),
('2016-04-02', 433, 4, 1, b'1'),
('2016-04-02', 434, 4, 1, b'1'),
('2016-04-02', 435, 4, 1, b'1'),
('2016-04-02', 436, 4, 1, b'1'),
('2016-04-02', 437, 4, 1, b'1'),
('2016-04-02', 438, 4, 1, b'1'),
('2016-04-02', 439, 4, 1, b'1'),
('2016-04-02', 440, 4, 1, b'1'),
('2016-04-02', 441, 4, 1, b'1'),
('2016-04-02', 442, 4, 1, b'1'),
('2016-04-02', 443, 4, 1, b'1'),
('2016-04-02', 444, 4, 1, b'1'),
('2016-04-02', 445, 4, 1, b'1'),
('2016-04-02', 446, 4, 1, b'1'),
('2016-04-02', 447, 4, 1, b'1'),
('2016-04-02', 448, 4, 1, b'1'),
('2016-04-02', 449, 4, 1, b'1'),
('2016-04-02', 450, 4, 1, b'1'),
('2016-04-02', 451, 4, 1, b'1'),
('2016-04-02', 452, 4, 1, b'1'),
('2016-04-02', 453, 4, 1, b'1'),
('2016-04-02', 454, 4, 1, b'1'),
('2016-04-02', 455, 4, 1, b'1'),
('2016-04-02', 456, 4, 1, b'1'),
('2016-04-02', 457, 4, 1, b'1'),
('2016-04-02', 458, 4, 1, b'1'),
('2016-04-02', 459, 4, 1, b'1'),
('2016-04-02', 460, 4, 1, b'1'),
('2016-04-02', 461, 4, 1, b'1'),
('2016-04-02', 462, 4, 1, b'1'),
('2016-04-02', 463, 4, 1, b'1'),
('2016-04-02', 464, 4, 1, b'1'),
('2016-04-03', 79, 1, 1, b'1'),
('2016-04-03', 80, 1, 1, b'0'),
('2016-04-03', 81, 1, 1, b'1'),
('2016-04-03', 82, 1, 1, b'0'),
('2016-04-03', 83, 1, 1, b'1'),
('2016-04-03', 84, 1, 1, b'1'),
('2016-04-03', 85, 1, 1, b'0'),
('2016-04-03', 86, 1, 1, b'1'),
('2016-04-03', 87, 1, 1, b'1'),
('2016-04-03', 88, 1, 1, b'0'),
('2016-04-03', 89, 1, 1, b'1'),
('2016-04-03', 90, 1, 1, b'1'),
('2016-04-03', 91, 1, 1, b'1'),
('2016-04-03', 92, 1, 1, b'1'),
('2016-04-03', 93, 1, 1, b'0'),
('2016-04-03', 94, 1, 1, b'1'),
('2016-04-03', 95, 1, 1, b'1'),
('2016-04-03', 96, 1, 1, b'1'),
('2016-04-03', 97, 1, 1, b'0'),
('2016-04-03', 98, 1, 1, b'1'),
('2016-04-03', 99, 1, 1, b'1'),
('2016-04-03', 100, 1, 1, b'1'),
('2016-04-03', 101, 1, 1, b'1'),
('2016-04-03', 102, 1, 1, b'1'),
('2016-04-03', 103, 1, 1, b'0'),
('2016-04-03', 104, 1, 1, b'1'),
('2016-04-03', 105, 1, 1, b'1'),
('2016-04-03', 106, 1, 1, b'1'),
('2016-04-03', 107, 1, 1, b'1'),
('2016-04-03', 108, 1, 1, b'1'),
('2016-04-03', 109, 1, 1, b'1'),
('2016-04-03', 110, 1, 1, b'1'),
('2016-04-03', 111, 1, 1, b'1'),
('2016-04-03', 112, 1, 1, b'1'),
('2016-04-03', 113, 1, 1, b'1'),
('2016-04-03', 114, 1, 1, b'1'),
('2016-04-03', 115, 1, 1, b'1'),
('2016-04-03', 116, 1, 1, b'1'),
('2016-04-03', 117, 1, 1, b'1'),
('2016-04-03', 118, 1, 1, b'1'),
('2016-04-03', 119, 1, 1, b'1'),
('2016-04-03', 120, 1, 1, b'1'),
('2016-04-03', 121, 1, 1, b'1'),
('2016-04-03', 122, 1, 1, b'1'),
('2016-04-03', 123, 1, 1, b'1'),
('2016-04-03', 124, 1, 1, b'1'),
('2016-04-03', 125, 1, 1, b'1'),
('2016-04-03', 126, 1, 1, b'1'),
('2016-04-03', 127, 1, 1, b'1'),
('2016-04-03', 128, 1, 1, b'1'),
('2016-04-03', 129, 1, 1, b'1'),
('2016-04-03', 130, 1, 1, b'1'),
('2016-04-03', 131, 1, 1, b'1'),
('2016-04-03', 132, 1, 1, b'1'),
('2016-04-03', 133, 1, 1, b'1'),
('2016-04-03', 134, 1, 1, b'1'),
('2016-04-03', 135, 1, 1, b'1'),
('2016-04-03', 136, 1, 1, b'1'),
('2016-04-03', 137, 1, 1, b'1'),
('2016-04-03', 138, 1, 1, b'1'),
('2016-04-03', 139, 1, 1, b'1'),
('2016-04-03', 140, 1, 1, b'1'),
('2016-04-03', 141, 1, 1, b'1'),
('2016-04-03', 142, 1, 1, b'1'),
('2016-04-03', 143, 1, 1, b'1'),
('2016-04-03', 144, 1, 1, b'1'),
('2016-04-03', 145, 1, 1, b'1'),
('2016-04-03', 146, 1, 1, b'1'),
('2016-04-03', 147, 1, 1, b'1'),
('2016-04-03', 148, 1, 1, b'1'),
('2016-04-03', 149, 1, 1, b'1'),
('2016-04-03', 150, 1, 1, b'1'),
('2016-04-03', 151, 1, 1, b'1'),
('2016-04-03', 152, 1, 1, b'1'),
('2016-04-03', 153, 1, 1, b'1'),
('2016-04-03', 154, 1, 1, b'1'),
('2016-04-03', 155, 1, 1, b'1'),
('2016-04-03', 156, 1, 1, b'1'),
('2016-04-07', 388, 4, 1, b'0'),
('2016-04-07', 389, 4, 1, b'1'),
('2016-04-07', 390, 4, 1, b'1'),
('2016-04-07', 391, 4, 1, b'1'),
('2016-04-07', 392, 4, 1, b'1'),
('2016-04-07', 393, 4, 1, b'1'),
('2016-04-07', 394, 4, 1, b'1'),
('2016-04-07', 395, 4, 1, b'1'),
('2016-04-07', 396, 4, 1, b'1'),
('2016-04-07', 397, 4, 1, b'1'),
('2016-04-07', 398, 4, 1, b'0'),
('2016-04-07', 399, 4, 1, b'1'),
('2016-04-07', 400, 4, 1, b'1'),
('2016-04-07', 401, 4, 1, b'1'),
('2016-04-07', 402, 4, 1, b'1'),
('2016-04-07', 403, 4, 1, b'1'),
('2016-04-07', 404, 4, 1, b'1'),
('2016-04-07', 405, 4, 1, b'0'),
('2016-04-07', 406, 4, 1, b'1'),
('2016-04-07', 407, 4, 1, b'1'),
('2016-04-07', 408, 4, 1, b'1'),
('2016-04-07', 409, 4, 1, b'1'),
('2016-04-07', 410, 4, 1, b'1'),
('2016-04-07', 411, 4, 1, b'1'),
('2016-04-07', 412, 4, 1, b'0'),
('2016-04-07', 413, 4, 1, b'1'),
('2016-04-07', 414, 4, 1, b'1'),
('2016-04-07', 415, 4, 1, b'1'),
('2016-04-07', 416, 4, 1, b'1'),
('2016-04-07', 417, 4, 1, b'1'),
('2016-04-07', 418, 4, 1, b'1'),
('2016-04-07', 419, 4, 1, b'1'),
('2016-04-07', 420, 4, 1, b'1'),
('2016-04-07', 421, 4, 1, b'1'),
('2016-04-07', 422, 4, 1, b'1'),
('2016-04-07', 423, 4, 1, b'1'),
('2016-04-07', 424, 4, 1, b'1'),
('2016-04-07', 425, 4, 1, b'1'),
('2016-04-07', 426, 4, 1, b'1'),
('2016-04-07', 427, 4, 1, b'1'),
('2016-04-07', 428, 4, 1, b'1'),
('2016-04-07', 429, 4, 1, b'1'),
('2016-04-07', 430, 4, 1, b'1'),
('2016-04-07', 431, 4, 1, b'1'),
('2016-04-07', 432, 4, 1, b'1'),
('2016-04-07', 433, 4, 1, b'1'),
('2016-04-07', 434, 4, 1, b'1'),
('2016-04-07', 435, 4, 1, b'1'),
('2016-04-07', 436, 4, 1, b'1'),
('2016-04-07', 437, 4, 1, b'1'),
('2016-04-07', 438, 4, 1, b'1'),
('2016-04-07', 439, 4, 1, b'1'),
('2016-04-07', 440, 4, 1, b'1'),
('2016-04-07', 441, 4, 1, b'1'),
('2016-04-07', 442, 4, 1, b'1'),
('2016-04-07', 443, 4, 1, b'1'),
('2016-04-07', 444, 4, 1, b'1'),
('2016-04-07', 445, 4, 1, b'1'),
('2016-04-07', 446, 4, 1, b'1'),
('2016-04-07', 447, 4, 1, b'1'),
('2016-04-07', 448, 4, 1, b'1'),
('2016-04-07', 449, 4, 1, b'1'),
('2016-04-07', 450, 4, 1, b'1'),
('2016-04-07', 451, 4, 1, b'1'),
('2016-04-07', 452, 4, 1, b'1'),
('2016-04-07', 453, 4, 1, b'1'),
('2016-04-07', 454, 4, 1, b'1'),
('2016-04-07', 455, 4, 1, b'1'),
('2016-04-07', 456, 4, 1, b'1'),
('2016-04-07', 457, 4, 1, b'1'),
('2016-04-07', 458, 4, 1, b'1'),
('2016-04-07', 459, 4, 1, b'1'),
('2016-04-07', 460, 4, 1, b'1'),
('2016-04-07', 461, 4, 1, b'1'),
('2016-04-07', 462, 4, 1, b'1'),
('2016-04-07', 463, 4, 1, b'1'),
('2016-04-07', 464, 4, 1, b'1'),
('2016-04-08', 79, 1, 1, b'0'),
('2016-04-08', 80, 1, 1, b'0'),
('2016-04-08', 81, 1, 1, b'1'),
('2016-04-08', 82, 1, 1, b'1'),
('2016-04-08', 83, 1, 1, b'1'),
('2016-04-08', 84, 1, 1, b'1'),
('2016-04-08', 85, 1, 1, b'1'),
('2016-04-08', 86, 1, 1, b'1'),
('2016-04-08', 87, 1, 1, b'1'),
('2016-04-08', 88, 1, 1, b'1'),
('2016-04-08', 89, 1, 1, b'1'),
('2016-04-08', 90, 1, 1, b'1'),
('2016-04-08', 91, 1, 1, b'0'),
('2016-04-08', 92, 1, 1, b'1'),
('2016-04-08', 93, 1, 1, b'1'),
('2016-04-08', 94, 1, 1, b'1'),
('2016-04-08', 95, 1, 1, b'1'),
('2016-04-08', 96, 1, 1, b'0'),
('2016-04-08', 97, 1, 1, b'1'),
('2016-04-08', 98, 1, 1, b'1'),
('2016-04-08', 99, 1, 1, b'1'),
('2016-04-08', 100, 1, 1, b'1'),
('2016-04-08', 101, 1, 1, b'1'),
('2016-04-08', 102, 1, 1, b'1'),
('2016-04-08', 103, 1, 1, b'0'),
('2016-04-08', 104, 1, 1, b'1'),
('2016-04-08', 105, 1, 1, b'1'),
('2016-04-08', 106, 1, 1, b'1'),
('2016-04-08', 107, 1, 1, b'1'),
('2016-04-08', 108, 1, 1, b'0'),
('2016-04-08', 109, 1, 1, b'1'),
('2016-04-08', 110, 1, 1, b'1'),
('2016-04-08', 111, 1, 1, b'1'),
('2016-04-08', 112, 1, 1, b'1'),
('2016-04-08', 113, 1, 1, b'1'),
('2016-04-08', 114, 1, 1, b'1'),
('2016-04-08', 115, 1, 1, b'1'),
('2016-04-08', 116, 1, 1, b'1'),
('2016-04-08', 117, 1, 1, b'0'),
('2016-04-08', 118, 1, 1, b'1'),
('2016-04-08', 119, 1, 1, b'1'),
('2016-04-08', 120, 1, 1, b'1'),
('2016-04-08', 121, 1, 1, b'1'),
('2016-04-08', 122, 1, 1, b'1'),
('2016-04-08', 123, 1, 1, b'1'),
('2016-04-08', 124, 1, 1, b'0'),
('2016-04-08', 125, 1, 1, b'1'),
('2016-04-08', 126, 1, 1, b'1'),
('2016-04-08', 127, 1, 1, b'1'),
('2016-04-08', 128, 1, 1, b'1'),
('2016-04-08', 129, 1, 1, b'1'),
('2016-04-08', 130, 1, 1, b'1'),
('2016-04-08', 131, 1, 1, b'1'),
('2016-04-08', 132, 1, 1, b'0'),
('2016-04-08', 133, 1, 1, b'1'),
('2016-04-08', 134, 1, 1, b'1'),
('2016-04-08', 135, 1, 1, b'1'),
('2016-04-08', 136, 1, 1, b'1'),
('2016-04-08', 137, 1, 1, b'1'),
('2016-04-08', 138, 1, 1, b'1'),
('2016-04-08', 139, 1, 1, b'1'),
('2016-04-08', 140, 1, 1, b'0'),
('2016-04-08', 141, 1, 1, b'1'),
('2016-04-08', 142, 1, 1, b'1'),
('2016-04-08', 143, 1, 1, b'1'),
('2016-04-08', 144, 1, 1, b'1'),
('2016-04-08', 145, 1, 1, b'1'),
('2016-04-08', 146, 1, 1, b'1'),
('2016-04-08', 147, 1, 1, b'1'),
('2016-04-08', 148, 1, 1, b'0'),
('2016-04-08', 149, 1, 1, b'1'),
('2016-04-08', 150, 1, 1, b'1'),
('2016-04-08', 151, 1, 1, b'1'),
('2016-04-08', 152, 1, 1, b'1'),
('2016-04-08', 153, 1, 1, b'0'),
('2016-04-08', 154, 1, 1, b'1'),
('2016-04-08', 155, 1, 1, b'1'),
('2016-04-08', 156, 1, 1, b'1'),
('2016-04-10', 79, 1, 1, b'1'),
('2016-04-10', 80, 1, 1, b'0'),
('2016-04-10', 81, 1, 1, b'1'),
('2016-04-10', 82, 1, 1, b'1'),
('2016-04-10', 83, 1, 1, b'1'),
('2016-04-10', 84, 1, 1, b'1'),
('2016-04-10', 85, 1, 1, b'0'),
('2016-04-10', 86, 1, 1, b'1'),
('2016-04-10', 87, 1, 1, b'0'),
('2016-04-10', 88, 1, 1, b'1'),
('2016-04-10', 89, 1, 1, b'1'),
('2016-04-10', 90, 1, 1, b'1'),
('2016-04-10', 91, 1, 1, b'0'),
('2016-04-10', 92, 1, 1, b'1'),
('2016-04-10', 93, 1, 1, b'1'),
('2016-04-10', 94, 1, 1, b'0'),
('2016-04-10', 95, 1, 1, b'1'),
('2016-04-10', 96, 1, 1, b'1'),
('2016-04-10', 97, 1, 1, b'1'),
('2016-04-10', 98, 1, 1, b'0'),
('2016-04-10', 99, 1, 1, b'1'),
('2016-04-10', 100, 1, 1, b'1'),
('2016-04-10', 101, 1, 1, b'0'),
('2016-04-10', 102, 1, 1, b'1'),
('2016-04-10', 103, 1, 1, b'0'),
('2016-04-10', 104, 1, 1, b'0'),
('2016-04-10', 105, 1, 1, b'1'),
('2016-04-10', 106, 1, 1, b'1'),
('2016-04-10', 107, 1, 1, b'1'),
('2016-04-10', 108, 1, 1, b'1'),
('2016-04-10', 109, 1, 1, b'0'),
('2016-04-10', 110, 1, 1, b'1'),
('2016-04-10', 111, 1, 1, b'1'),
('2016-04-10', 112, 1, 1, b'0'),
('2016-04-10', 113, 1, 1, b'1'),
('2016-04-10', 114, 1, 1, b'1'),
('2016-04-10', 115, 1, 1, b'0'),
('2016-04-10', 116, 1, 1, b'1'),
('2016-04-10', 117, 1, 1, b'1'),
('2016-04-10', 118, 1, 1, b'0'),
('2016-04-10', 119, 1, 1, b'1'),
('2016-04-10', 120, 1, 1, b'1'),
('2016-04-10', 121, 1, 1, b'1'),
('2016-04-10', 122, 1, 1, b'1'),
('2016-04-10', 123, 1, 1, b'1'),
('2016-04-10', 124, 1, 1, b'0'),
('2016-04-10', 125, 1, 1, b'1'),
('2016-04-10', 126, 1, 1, b'1'),
('2016-04-10', 127, 1, 1, b'1'),
('2016-04-10', 128, 1, 1, b'0'),
('2016-04-10', 129, 1, 1, b'1'),
('2016-04-10', 130, 1, 1, b'0'),
('2016-04-10', 131, 1, 1, b'1'),
('2016-04-10', 132, 1, 1, b'1'),
('2016-04-10', 133, 1, 1, b'1'),
('2016-04-10', 134, 1, 1, b'1'),
('2016-04-10', 135, 1, 1, b'1'),
('2016-04-10', 136, 1, 1, b'0'),
('2016-04-10', 137, 1, 1, b'1'),
('2016-04-10', 138, 1, 1, b'1'),
('2016-04-10', 139, 1, 1, b'1'),
('2016-04-10', 140, 1, 1, b'1'),
('2016-04-10', 141, 1, 1, b'1'),
('2016-04-10', 142, 1, 1, b'1'),
('2016-04-10', 143, 1, 1, b'1'),
('2016-04-10', 144, 1, 1, b'1'),
('2016-04-10', 145, 1, 1, b'1'),
('2016-04-10', 146, 1, 1, b'0'),
('2016-04-10', 147, 1, 1, b'1'),
('2016-04-10', 148, 1, 1, b'1'),
('2016-04-10', 149, 1, 1, b'1'),
('2016-04-10', 150, 1, 1, b'1'),
('2016-04-10', 151, 1, 1, b'1'),
('2016-04-10', 152, 1, 1, b'1'),
('2016-04-10', 153, 1, 1, b'0'),
('2016-04-10', 154, 1, 1, b'1'),
('2016-04-10', 155, 1, 1, b'1'),
('2016-04-10', 156, 1, 1, b'1'),
('2016-04-11', 79, 1, 1, b'1'),
('2016-04-11', 80, 1, 1, b'1'),
('2016-04-11', 81, 1, 1, b'1'),
('2016-04-11', 82, 1, 1, b'1'),
('2016-04-11', 83, 1, 1, b'1'),
('2016-04-11', 84, 1, 1, b'1'),
('2016-04-11', 85, 1, 1, b'1'),
('2016-04-11', 86, 1, 1, b'1'),
('2016-04-11', 87, 1, 1, b'1'),
('2016-04-11', 88, 1, 1, b'1'),
('2016-04-11', 89, 1, 1, b'1'),
('2016-04-11', 90, 1, 1, b'1'),
('2016-04-11', 91, 1, 1, b'1'),
('2016-04-11', 92, 1, 1, b'1'),
('2016-04-11', 93, 1, 1, b'1'),
('2016-04-11', 94, 1, 1, b'1'),
('2016-04-11', 95, 1, 1, b'1'),
('2016-04-11', 96, 1, 1, b'1'),
('2016-04-11', 97, 1, 1, b'1'),
('2016-04-11', 98, 1, 1, b'1'),
('2016-04-11', 99, 1, 1, b'1'),
('2016-04-11', 100, 1, 1, b'1'),
('2016-04-11', 101, 1, 1, b'1'),
('2016-04-11', 102, 1, 1, b'1'),
('2016-04-11', 103, 1, 1, b'1'),
('2016-04-11', 104, 1, 1, b'1'),
('2016-04-11', 105, 1, 1, b'1'),
('2016-04-11', 106, 1, 1, b'1'),
('2016-04-11', 107, 1, 1, b'1'),
('2016-04-11', 108, 1, 1, b'1'),
('2016-04-11', 109, 1, 1, b'1'),
('2016-04-11', 110, 1, 1, b'1'),
('2016-04-11', 111, 1, 1, b'1'),
('2016-04-11', 112, 1, 1, b'1'),
('2016-04-11', 113, 1, 1, b'1'),
('2016-04-11', 114, 1, 1, b'1'),
('2016-04-11', 115, 1, 1, b'1'),
('2016-04-11', 116, 1, 1, b'1'),
('2016-04-11', 117, 1, 1, b'1'),
('2016-04-11', 118, 1, 1, b'1'),
('2016-04-11', 119, 1, 1, b'1'),
('2016-04-11', 120, 1, 1, b'1'),
('2016-04-11', 121, 1, 1, b'1'),
('2016-04-11', 122, 1, 1, b'1'),
('2016-04-11', 123, 1, 1, b'1'),
('2016-04-11', 124, 1, 1, b'1'),
('2016-04-11', 125, 1, 1, b'1'),
('2016-04-11', 126, 1, 1, b'1'),
('2016-04-11', 127, 1, 1, b'1'),
('2016-04-11', 128, 1, 1, b'1'),
('2016-04-11', 129, 1, 1, b'1'),
('2016-04-11', 130, 1, 1, b'1'),
('2016-04-11', 131, 1, 1, b'1'),
('2016-04-11', 132, 1, 1, b'1'),
('2016-04-11', 133, 1, 1, b'1'),
('2016-04-11', 134, 1, 1, b'1'),
('2016-04-11', 135, 1, 1, b'1'),
('2016-04-11', 136, 1, 1, b'1'),
('2016-04-11', 137, 1, 1, b'1'),
('2016-04-11', 138, 1, 1, b'1'),
('2016-04-11', 139, 1, 1, b'1'),
('2016-04-11', 140, 1, 1, b'1'),
('2016-04-11', 141, 1, 1, b'1'),
('2016-04-11', 142, 1, 1, b'1'),
('2016-04-11', 143, 1, 1, b'1'),
('2016-04-11', 144, 1, 1, b'1'),
('2016-04-11', 145, 1, 1, b'1'),
('2016-04-11', 146, 1, 1, b'1'),
('2016-04-11', 147, 1, 1, b'1'),
('2016-04-11', 148, 1, 1, b'1'),
('2016-04-11', 149, 1, 1, b'1'),
('2016-04-11', 150, 1, 1, b'1'),
('2016-04-11', 151, 1, 1, b'1'),
('2016-04-11', 152, 1, 1, b'1'),
('2016-04-11', 153, 1, 1, b'1'),
('2016-04-11', 154, 1, 1, b'1'),
('2016-04-11', 155, 1, 1, b'1'),
('2016-04-11', 156, 1, 1, b'1'),
('2016-04-14', 79, 1, 1, b'1'),
('2016-04-14', 80, 1, 1, b'0'),
('2016-04-14', 81, 1, 1, b'1'),
('2016-04-14', 82, 1, 1, b'0'),
('2016-04-14', 83, 1, 1, b'1'),
('2016-04-14', 84, 1, 1, b'0'),
('2016-04-14', 85, 1, 1, b'1'),
('2016-04-14', 86, 1, 1, b'1'),
('2016-04-14', 87, 1, 1, b'1'),
('2016-04-14', 88, 1, 1, b'1'),
('2016-04-14', 89, 1, 1, b'1'),
('2016-04-14', 90, 1, 1, b'1'),
('2016-04-14', 91, 1, 1, b'1'),
('2016-04-14', 92, 1, 1, b'1'),
('2016-04-14', 93, 1, 1, b'1'),
('2016-04-14', 94, 1, 1, b'1'),
('2016-04-14', 95, 1, 1, b'1'),
('2016-04-14', 96, 1, 1, b'1'),
('2016-04-14', 97, 1, 1, b'1'),
('2016-04-14', 98, 1, 1, b'1'),
('2016-04-14', 99, 1, 1, b'1'),
('2016-04-14', 100, 1, 1, b'1'),
('2016-04-14', 101, 1, 1, b'1'),
('2016-04-14', 102, 1, 1, b'1'),
('2016-04-14', 103, 1, 1, b'1'),
('2016-04-14', 104, 1, 1, b'1'),
('2016-04-14', 105, 1, 1, b'1'),
('2016-04-14', 106, 1, 1, b'1'),
('2016-04-14', 107, 1, 1, b'1'),
('2016-04-14', 108, 1, 1, b'1'),
('2016-04-14', 109, 1, 1, b'1'),
('2016-04-14', 110, 1, 1, b'1'),
('2016-04-14', 111, 1, 1, b'1'),
('2016-04-14', 112, 1, 1, b'1'),
('2016-04-14', 113, 1, 1, b'1'),
('2016-04-14', 114, 1, 1, b'1'),
('2016-04-14', 115, 1, 1, b'1'),
('2016-04-14', 116, 1, 1, b'1'),
('2016-04-14', 117, 1, 1, b'1'),
('2016-04-14', 118, 1, 1, b'1'),
('2016-04-14', 119, 1, 1, b'1'),
('2016-04-14', 120, 1, 1, b'1'),
('2016-04-14', 121, 1, 1, b'1'),
('2016-04-14', 122, 1, 1, b'1'),
('2016-04-14', 123, 1, 1, b'1'),
('2016-04-14', 124, 1, 1, b'1'),
('2016-04-14', 125, 1, 1, b'1'),
('2016-04-14', 126, 1, 1, b'1'),
('2016-04-14', 127, 1, 1, b'1'),
('2016-04-14', 128, 1, 1, b'1'),
('2016-04-14', 129, 1, 1, b'1'),
('2016-04-14', 130, 1, 1, b'1'),
('2016-04-14', 131, 1, 1, b'1'),
('2016-04-14', 132, 1, 1, b'1'),
('2016-04-14', 133, 1, 1, b'1'),
('2016-04-14', 134, 1, 1, b'1'),
('2016-04-14', 135, 1, 1, b'1'),
('2016-04-14', 136, 1, 1, b'1'),
('2016-04-14', 137, 1, 1, b'1'),
('2016-04-14', 138, 1, 1, b'1'),
('2016-04-14', 139, 1, 1, b'1'),
('2016-04-14', 140, 1, 1, b'1'),
('2016-04-14', 141, 1, 1, b'1'),
('2016-04-14', 142, 1, 1, b'1'),
('2016-04-14', 143, 1, 1, b'1'),
('2016-04-14', 144, 1, 1, b'1'),
('2016-04-14', 145, 1, 1, b'1'),
('2016-04-14', 146, 1, 1, b'1'),
('2016-04-14', 147, 1, 1, b'1'),
('2016-04-14', 148, 1, 1, b'1'),
('2016-04-14', 149, 1, 1, b'1'),
('2016-04-14', 150, 1, 1, b'1'),
('2016-04-14', 151, 1, 1, b'1'),
('2016-04-14', 152, 1, 1, b'1'),
('2016-04-14', 153, 1, 1, b'1'),
('2016-04-14', 154, 1, 1, b'1'),
('2016-04-14', 155, 1, 1, b'1'),
('2016-04-14', 156, 1, 1, b'1'),
('2016-04-15', 79, 1, 1, b'1'),
('2016-04-15', 80, 1, 1, b'1'),
('2016-04-15', 81, 1, 1, b'1'),
('2016-04-15', 82, 1, 1, b'1'),
('2016-04-15', 83, 1, 1, b'1'),
('2016-04-15', 84, 1, 1, b'1'),
('2016-04-15', 85, 1, 1, b'1'),
('2016-04-15', 86, 1, 1, b'1'),
('2016-04-15', 87, 1, 1, b'1'),
('2016-04-15', 88, 1, 1, b'1'),
('2016-04-15', 89, 1, 1, b'1'),
('2016-04-15', 90, 1, 1, b'1'),
('2016-04-15', 91, 1, 1, b'1'),
('2016-04-15', 92, 1, 1, b'1'),
('2016-04-15', 93, 1, 1, b'1'),
('2016-04-15', 94, 1, 1, b'1'),
('2016-04-15', 95, 1, 1, b'1'),
('2016-04-15', 96, 1, 1, b'1'),
('2016-04-15', 97, 1, 1, b'1'),
('2016-04-15', 98, 1, 1, b'1'),
('2016-04-15', 99, 1, 1, b'1'),
('2016-04-15', 100, 1, 1, b'1'),
('2016-04-15', 101, 1, 1, b'1'),
('2016-04-15', 102, 1, 1, b'1'),
('2016-04-15', 103, 1, 1, b'1'),
('2016-04-15', 104, 1, 1, b'1'),
('2016-04-15', 105, 1, 1, b'1'),
('2016-04-15', 106, 1, 1, b'1'),
('2016-04-15', 107, 1, 1, b'1'),
('2016-04-15', 108, 1, 1, b'1'),
('2016-04-15', 109, 1, 1, b'1'),
('2016-04-15', 110, 1, 1, b'1'),
('2016-04-15', 111, 1, 1, b'1'),
('2016-04-15', 112, 1, 1, b'1'),
('2016-04-15', 113, 1, 1, b'1'),
('2016-04-15', 114, 1, 1, b'1'),
('2016-04-15', 115, 1, 1, b'1'),
('2016-04-15', 116, 1, 1, b'1'),
('2016-04-15', 117, 1, 1, b'1'),
('2016-04-15', 118, 1, 1, b'1'),
('2016-04-15', 119, 1, 1, b'1'),
('2016-04-15', 120, 1, 1, b'1'),
('2016-04-15', 121, 1, 1, b'1'),
('2016-04-15', 122, 1, 1, b'1'),
('2016-04-15', 123, 1, 1, b'1'),
('2016-04-15', 124, 1, 1, b'1'),
('2016-04-15', 125, 1, 1, b'1'),
('2016-04-15', 126, 1, 1, b'1'),
('2016-04-15', 127, 1, 1, b'1'),
('2016-04-15', 128, 1, 1, b'1'),
('2016-04-15', 129, 1, 1, b'1'),
('2016-04-15', 130, 1, 1, b'1'),
('2016-04-15', 131, 1, 1, b'1'),
('2016-04-15', 132, 1, 1, b'1'),
('2016-04-15', 133, 1, 1, b'1'),
('2016-04-15', 134, 1, 1, b'1'),
('2016-04-15', 135, 1, 1, b'1'),
('2016-04-15', 136, 1, 1, b'1'),
('2016-04-15', 137, 1, 1, b'1'),
('2016-04-15', 138, 1, 1, b'1'),
('2016-04-15', 139, 1, 1, b'1'),
('2016-04-15', 140, 1, 1, b'1'),
('2016-04-15', 141, 1, 1, b'1'),
('2016-04-15', 142, 1, 1, b'1'),
('2016-04-15', 143, 1, 1, b'1'),
('2016-04-15', 144, 1, 1, b'1'),
('2016-04-15', 145, 1, 1, b'1'),
('2016-04-15', 146, 1, 1, b'1'),
('2016-04-15', 147, 1, 1, b'1'),
('2016-04-15', 148, 1, 1, b'1'),
('2016-04-15', 149, 1, 1, b'1'),
('2016-04-15', 150, 1, 1, b'1'),
('2016-04-15', 151, 1, 1, b'1'),
('2016-04-15', 152, 1, 1, b'1'),
('2016-04-15', 153, 1, 1, b'1'),
('2016-04-15', 154, 1, 1, b'1'),
('2016-04-15', 155, 1, 1, b'1'),
('2016-04-15', 156, 1, 1, b'1'),
('2016-04-19', 79, 1, 1, b'0'),
('2016-04-19', 80, 1, 1, b'1'),
('2016-04-19', 81, 1, 1, b'1'),
('2016-04-19', 82, 1, 1, b'1'),
('2016-04-19', 83, 1, 1, b'1'),
('2016-04-19', 84, 1, 1, b'0'),
('2016-04-19', 85, 1, 1, b'1'),
('2016-04-19', 86, 1, 1, b'1'),
('2016-04-19', 87, 1, 1, b'0'),
('2016-04-19', 88, 1, 1, b'1'),
('2016-04-19', 89, 1, 1, b'1'),
('2016-04-19', 90, 1, 1, b'1'),
('2016-04-19', 91, 1, 1, b'1'),
('2016-04-19', 92, 1, 1, b'1'),
('2016-04-19', 93, 1, 1, b'1'),
('2016-04-19', 94, 1, 1, b'0'),
('2016-04-19', 95, 1, 1, b'1'),
('2016-04-19', 96, 1, 1, b'1'),
('2016-04-19', 97, 1, 1, b'1'),
('2016-04-19', 98, 1, 1, b'1'),
('2016-04-19', 99, 1, 1, b'1'),
('2016-04-19', 100, 1, 1, b'0'),
('2016-04-19', 101, 1, 1, b'1'),
('2016-04-19', 102, 1, 1, b'1'),
('2016-04-19', 103, 1, 1, b'1'),
('2016-04-19', 104, 1, 1, b'1'),
('2016-04-19', 105, 1, 1, b'1'),
('2016-04-19', 106, 1, 1, b'1'),
('2016-04-19', 107, 1, 1, b'1'),
('2016-04-19', 108, 1, 1, b'1'),
('2016-04-19', 109, 1, 1, b'1'),
('2016-04-19', 110, 1, 1, b'1'),
('2016-04-19', 111, 1, 1, b'1'),
('2016-04-19', 112, 1, 1, b'1'),
('2016-04-19', 113, 1, 1, b'1'),
('2016-04-19', 114, 1, 1, b'1'),
('2016-04-19', 115, 1, 1, b'1'),
('2016-04-19', 116, 1, 1, b'1'),
('2016-04-19', 117, 1, 1, b'1'),
('2016-04-19', 118, 1, 1, b'1'),
('2016-04-19', 119, 1, 1, b'1'),
('2016-04-19', 120, 1, 1, b'1'),
('2016-04-19', 121, 1, 1, b'1'),
('2016-04-19', 122, 1, 1, b'1'),
('2016-04-19', 123, 1, 1, b'1'),
('2016-04-19', 124, 1, 1, b'1'),
('2016-04-19', 125, 1, 1, b'1'),
('2016-04-19', 126, 1, 1, b'1'),
('2016-04-19', 127, 1, 1, b'1'),
('2016-04-19', 128, 1, 1, b'1'),
('2016-04-19', 129, 1, 1, b'1'),
('2016-04-19', 130, 1, 1, b'1'),
('2016-04-19', 131, 1, 1, b'1'),
('2016-04-19', 132, 1, 1, b'1'),
('2016-04-19', 133, 1, 1, b'1'),
('2016-04-19', 134, 1, 1, b'1'),
('2016-04-19', 135, 1, 1, b'1'),
('2016-04-19', 136, 1, 1, b'1'),
('2016-04-19', 137, 1, 1, b'1'),
('2016-04-19', 138, 1, 1, b'1'),
('2016-04-19', 139, 1, 1, b'1'),
('2016-04-19', 140, 1, 1, b'1'),
('2016-04-19', 141, 1, 1, b'1'),
('2016-04-19', 142, 1, 1, b'1'),
('2016-04-19', 143, 1, 1, b'1'),
('2016-04-19', 144, 1, 1, b'1'),
('2016-04-19', 145, 1, 1, b'1'),
('2016-04-19', 146, 1, 1, b'1'),
('2016-04-19', 147, 1, 1, b'1'),
('2016-04-19', 148, 1, 1, b'1'),
('2016-04-19', 149, 1, 1, b'1'),
('2016-04-19', 150, 1, 1, b'1'),
('2016-04-19', 151, 1, 1, b'1'),
('2016-04-19', 152, 1, 1, b'1'),
('2016-04-19', 153, 1, 1, b'1'),
('2016-04-19', 154, 1, 1, b'1'),
('2016-04-19', 155, 1, 1, b'1'),
('2016-04-19', 156, 1, 1, b'1'),
('2016-04-20', 388, 5, 1, b'0'),
('2016-04-20', 389, 5, 1, b'0'),
('2016-04-20', 390, 5, 1, b'0'),
('2016-04-20', 391, 5, 1, b'0'),
('2016-04-20', 392, 5, 1, b'1'),
('2016-04-20', 393, 5, 1, b'1'),
('2016-04-20', 394, 5, 1, b'1'),
('2016-04-20', 395, 5, 1, b'1'),
('2016-04-20', 396, 5, 1, b'1'),
('2016-04-20', 397, 5, 1, b'1'),
('2016-04-20', 398, 5, 1, b'1'),
('2016-04-20', 399, 5, 1, b'1'),
('2016-04-20', 400, 5, 1, b'1'),
('2016-04-20', 401, 5, 1, b'1'),
('2016-04-20', 402, 5, 1, b'1'),
('2016-04-20', 403, 5, 1, b'1'),
('2016-04-20', 404, 5, 1, b'1'),
('2016-04-20', 405, 5, 1, b'1'),
('2016-04-20', 406, 5, 1, b'1'),
('2016-04-20', 407, 5, 1, b'1'),
('2016-04-20', 408, 5, 1, b'1'),
('2016-04-20', 409, 5, 1, b'1'),
('2016-04-20', 410, 5, 1, b'1'),
('2016-04-20', 411, 5, 1, b'1'),
('2016-04-20', 412, 5, 1, b'1'),
('2016-04-20', 413, 5, 1, b'1'),
('2016-04-20', 414, 5, 1, b'1'),
('2016-04-20', 415, 5, 1, b'1'),
('2016-04-20', 416, 5, 1, b'1'),
('2016-04-20', 417, 5, 1, b'1'),
('2016-04-20', 418, 5, 1, b'1'),
('2016-04-20', 419, 5, 1, b'1'),
('2016-04-20', 420, 5, 1, b'1'),
('2016-04-20', 421, 5, 1, b'1'),
('2016-04-20', 422, 5, 1, b'1'),
('2016-04-20', 423, 5, 1, b'1'),
('2016-04-20', 424, 5, 1, b'1'),
('2016-04-20', 425, 5, 1, b'1'),
('2016-04-20', 426, 5, 1, b'1'),
('2016-04-20', 427, 5, 1, b'1'),
('2016-04-20', 428, 5, 1, b'1'),
('2016-04-20', 429, 5, 1, b'1'),
('2016-04-20', 430, 5, 1, b'1'),
('2016-04-20', 431, 5, 1, b'1'),
('2016-04-20', 432, 5, 1, b'1'),
('2016-04-20', 433, 5, 1, b'1'),
('2016-04-20', 434, 5, 1, b'1'),
('2016-04-20', 435, 5, 1, b'1'),
('2016-04-20', 436, 5, 1, b'1'),
('2016-04-20', 437, 5, 1, b'1'),
('2016-04-20', 438, 5, 1, b'1'),
('2016-04-20', 439, 5, 1, b'1'),
('2016-04-20', 440, 5, 1, b'1'),
('2016-04-20', 441, 5, 1, b'1'),
('2016-04-20', 442, 5, 1, b'1'),
('2016-04-20', 443, 5, 1, b'1'),
('2016-04-20', 444, 5, 1, b'1'),
('2016-04-20', 445, 5, 1, b'1'),
('2016-04-20', 446, 5, 1, b'1'),
('2016-04-20', 447, 5, 1, b'1'),
('2016-04-20', 448, 5, 1, b'1'),
('2016-04-20', 449, 5, 1, b'1'),
('2016-04-20', 450, 5, 1, b'1'),
('2016-04-20', 451, 5, 1, b'1'),
('2016-04-20', 452, 5, 1, b'1'),
('2016-04-20', 453, 5, 1, b'1'),
('2016-04-20', 454, 5, 1, b'1'),
('2016-04-20', 455, 5, 1, b'1'),
('2016-04-20', 456, 5, 1, b'1'),
('2016-04-20', 457, 5, 1, b'1'),
('2016-04-20', 458, 5, 1, b'1'),
('2016-04-20', 459, 5, 1, b'1'),
('2016-04-20', 460, 5, 1, b'1'),
('2016-04-20', 461, 5, 1, b'1'),
('2016-04-20', 462, 5, 1, b'1'),
('2016-04-20', 463, 5, 1, b'1'),
('2016-04-20', 464, 5, 1, b'1'),
('2016-04-23', 79, 1, 1, b'0'),
('2016-04-23', 80, 1, 1, b'0'),
('2016-04-23', 81, 1, 1, b'1'),
('2016-04-23', 82, 1, 1, b'0'),
('2016-04-23', 83, 1, 1, b'1'),
('2016-04-23', 84, 1, 1, b'1'),
('2016-04-23', 85, 1, 1, b'0'),
('2016-04-23', 86, 1, 1, b'1'),
('2016-04-23', 87, 1, 1, b'1'),
('2016-04-23', 88, 1, 1, b'1'),
('2016-04-23', 89, 1, 1, b'0'),
('2016-04-23', 90, 1, 1, b'1'),
('2016-04-23', 91, 1, 1, b'1'),
('2016-04-23', 92, 1, 1, b'0'),
('2016-04-23', 93, 1, 1, b'1'),
('2016-04-23', 94, 1, 1, b'1'),
('2016-04-23', 95, 1, 1, b'0'),
('2016-04-23', 96, 1, 1, b'1'),
('2016-04-23', 97, 1, 1, b'1'),
('2016-04-23', 98, 1, 1, b'1'),
('2016-04-23', 99, 1, 1, b'0'),
('2016-04-23', 100, 1, 1, b'1'),
('2016-04-23', 101, 1, 1, b'1'),
('2016-04-23', 102, 1, 1, b'0'),
('2016-04-23', 103, 1, 1, b'1'),
('2016-04-23', 104, 1, 1, b'0'),
('2016-04-23', 105, 1, 1, b'1'),
('2016-04-23', 106, 1, 1, b'1'),
('2016-04-23', 107, 1, 1, b'1'),
('2016-04-23', 108, 1, 1, b'0'),
('2016-04-23', 109, 1, 1, b'1'),
('2016-04-23', 110, 1, 1, b'1'),
('2016-04-23', 111, 1, 1, b'0'),
('2016-04-23', 112, 1, 1, b'1'),
('2016-04-23', 113, 1, 1, b'1'),
('2016-04-23', 114, 1, 1, b'0'),
('2016-04-23', 115, 1, 1, b'1'),
('2016-04-23', 116, 1, 1, b'1'),
('2016-04-23', 117, 1, 1, b'1'),
('2016-04-23', 118, 1, 1, b'1'),
('2016-04-23', 119, 1, 1, b'0'),
('2016-04-23', 120, 1, 1, b'1'),
('2016-04-23', 121, 1, 1, b'1'),
('2016-04-23', 122, 1, 1, b'0'),
('2016-04-23', 123, 1, 1, b'1'),
('2016-04-23', 124, 1, 1, b'1'),
('2016-04-23', 125, 1, 1, b'1'),
('2016-04-23', 126, 1, 1, b'1'),
('2016-04-23', 127, 1, 1, b'0'),
('2016-04-23', 128, 1, 1, b'1'),
('2016-04-23', 129, 1, 1, b'0'),
('2016-04-23', 130, 1, 1, b'1'),
('2016-04-23', 131, 1, 1, b'1'),
('2016-04-23', 132, 1, 1, b'1'),
('2016-04-23', 133, 1, 1, b'1'),
('2016-04-23', 134, 1, 1, b'1'),
('2016-04-23', 135, 1, 1, b'0'),
('2016-04-23', 136, 1, 1, b'1'),
('2016-04-23', 137, 1, 1, b'1'),
('2016-04-23', 138, 1, 1, b'1'),
('2016-04-23', 139, 1, 1, b'0'),
('2016-04-23', 140, 1, 1, b'1'),
('2016-04-23', 141, 1, 1, b'1'),
('2016-04-23', 142, 1, 1, b'1'),
('2016-04-23', 143, 1, 1, b'1'),
('2016-04-23', 144, 1, 1, b'0'),
('2016-04-23', 145, 1, 1, b'1'),
('2016-04-23', 146, 1, 1, b'1'),
('2016-04-23', 147, 1, 1, b'1'),
('2016-04-23', 148, 1, 1, b'1'),
('2016-04-23', 149, 1, 1, b'1'),
('2016-04-23', 150, 1, 1, b'1'),
('2016-04-23', 151, 1, 1, b'1'),
('2016-04-23', 152, 1, 1, b'0'),
('2016-04-23', 153, 1, 1, b'1'),
('2016-04-23', 154, 1, 1, b'1'),
('2016-04-23', 155, 1, 1, b'0'),
('2016-04-23', 156, 1, 1, b'1'),
('2016-04-26', 79, 2, 1, b'1'),
('2016-04-26', 80, 2, 1, b'1'),
('2016-04-26', 81, 2, 1, b'1'),
('2016-04-26', 82, 2, 1, b'1'),
('2016-04-26', 83, 2, 1, b'1'),
('2016-04-26', 84, 2, 1, b'1'),
('2016-04-26', 85, 2, 1, b'1'),
('2016-04-26', 86, 2, 1, b'1'),
('2016-04-26', 87, 2, 1, b'1'),
('2016-04-26', 88, 2, 1, b'1'),
('2016-04-26', 89, 2, 1, b'1'),
('2016-04-26', 90, 2, 1, b'1'),
('2016-04-26', 91, 2, 1, b'1'),
('2016-04-26', 92, 2, 1, b'1'),
('2016-04-26', 93, 2, 1, b'1'),
('2016-04-26', 94, 2, 1, b'1'),
('2016-04-26', 95, 2, 1, b'0'),
('2016-04-26', 96, 2, 1, b'1'),
('2016-04-26', 97, 2, 1, b'1'),
('2016-04-26', 98, 2, 1, b'1'),
('2016-04-26', 99, 2, 1, b'1'),
('2016-04-26', 100, 2, 1, b'1'),
('2016-04-26', 101, 2, 1, b'1'),
('2016-04-26', 102, 2, 1, b'1'),
('2016-04-26', 103, 2, 1, b'1'),
('2016-04-26', 104, 2, 1, b'1'),
('2016-04-26', 105, 2, 1, b'1'),
('2016-04-26', 106, 2, 1, b'1'),
('2016-04-26', 107, 2, 1, b'1'),
('2016-04-26', 108, 2, 1, b'1'),
('2016-04-26', 109, 2, 1, b'1'),
('2016-04-26', 110, 2, 1, b'1'),
('2016-04-26', 111, 2, 1, b'1'),
('2016-04-26', 112, 2, 1, b'1'),
('2016-04-26', 113, 2, 1, b'1'),
('2016-04-26', 114, 2, 1, b'1'),
('2016-04-26', 115, 2, 1, b'1'),
('2016-04-26', 116, 2, 1, b'1'),
('2016-04-26', 117, 2, 1, b'1'),
('2016-04-26', 118, 2, 1, b'1'),
('2016-04-26', 119, 2, 1, b'1'),
('2016-04-26', 120, 2, 1, b'1'),
('2016-04-26', 121, 2, 1, b'1'),
('2016-04-26', 122, 2, 1, b'1'),
('2016-04-26', 123, 2, 1, b'1'),
('2016-04-26', 124, 2, 1, b'1'),
('2016-04-26', 125, 2, 1, b'1'),
('2016-04-26', 126, 2, 1, b'1'),
('2016-04-26', 127, 2, 1, b'1'),
('2016-04-26', 128, 2, 1, b'1'),
('2016-04-26', 129, 2, 1, b'1'),
('2016-04-26', 130, 2, 1, b'1'),
('2016-04-26', 131, 2, 1, b'1'),
('2016-04-26', 132, 2, 1, b'1'),
('2016-04-26', 133, 2, 1, b'1'),
('2016-04-26', 134, 2, 1, b'1'),
('2016-04-26', 135, 2, 1, b'1'),
('2016-04-26', 136, 2, 1, b'1'),
('2016-04-26', 137, 2, 1, b'1'),
('2016-04-26', 138, 2, 1, b'1'),
('2016-04-26', 139, 2, 1, b'1'),
('2016-04-26', 140, 2, 1, b'1'),
('2016-04-26', 141, 2, 1, b'1'),
('2016-04-26', 142, 2, 1, b'1'),
('2016-04-26', 143, 2, 1, b'1'),
('2016-04-26', 144, 2, 1, b'1'),
('2016-04-26', 145, 2, 1, b'1'),
('2016-04-26', 146, 2, 1, b'1'),
('2016-04-26', 147, 2, 1, b'1'),
('2016-04-26', 148, 2, 1, b'1'),
('2016-04-26', 149, 2, 1, b'1'),
('2016-04-26', 150, 2, 1, b'1'),
('2016-04-26', 151, 2, 1, b'1'),
('2016-04-26', 152, 2, 1, b'1'),
('2016-04-26', 153, 2, 1, b'1'),
('2016-04-26', 154, 2, 1, b'1'),
('2016-04-26', 155, 2, 1, b'1'),
('2016-04-26', 156, 2, 1, b'1'),
('2016-04-28', 79, 1, 1, b'1'),
('2016-04-28', 79, 2, 1, b'1'),
('2016-04-28', 80, 1, 1, b'1'),
('2016-04-28', 80, 2, 1, b'1'),
('2016-04-28', 81, 1, 1, b'0'),
('2016-04-28', 81, 2, 1, b'1'),
('2016-04-28', 82, 1, 1, b'1'),
('2016-04-28', 82, 2, 1, b'1'),
('2016-04-28', 83, 1, 1, b'1'),
('2016-04-28', 83, 2, 1, b'1'),
('2016-04-28', 84, 1, 1, b'1'),
('2016-04-28', 84, 2, 1, b'1'),
('2016-04-28', 85, 1, 1, b'0'),
('2016-04-28', 85, 2, 1, b'1'),
('2016-04-28', 86, 1, 1, b'1'),
('2016-04-28', 86, 2, 1, b'0'),
('2016-04-28', 87, 1, 1, b'1'),
('2016-04-28', 87, 2, 1, b'1'),
('2016-04-28', 88, 1, 1, b'1'),
('2016-04-28', 88, 2, 1, b'1'),
('2016-04-28', 89, 1, 1, b'0'),
('2016-04-28', 89, 2, 1, b'1'),
('2016-04-28', 90, 1, 1, b'1'),
('2016-04-28', 90, 2, 1, b'1'),
('2016-04-28', 91, 1, 1, b'1'),
('2016-04-28', 91, 2, 1, b'1'),
('2016-04-28', 92, 1, 1, b'1'),
('2016-04-28', 92, 2, 1, b'0'),
('2016-04-28', 93, 1, 1, b'1'),
('2016-04-28', 93, 2, 1, b'1'),
('2016-04-28', 94, 1, 1, b'0'),
('2016-04-28', 94, 2, 1, b'1'),
('2016-04-28', 95, 1, 1, b'1'),
('2016-04-28', 95, 2, 1, b'0'),
('2016-04-28', 96, 1, 1, b'1'),
('2016-04-28', 96, 2, 1, b'1'),
('2016-04-28', 97, 1, 1, b'1'),
('2016-04-28', 97, 2, 1, b'1'),
('2016-04-28', 98, 1, 1, b'1'),
('2016-04-28', 98, 2, 1, b'1'),
('2016-04-28', 99, 1, 1, b'1'),
('2016-04-28', 99, 2, 1, b'1'),
('2016-04-28', 100, 1, 1, b'1'),
('2016-04-28', 100, 2, 1, b'1'),
('2016-04-28', 101, 1, 1, b'0'),
('2016-04-28', 101, 2, 1, b'1'),
('2016-04-28', 102, 1, 1, b'1'),
('2016-04-28', 102, 2, 1, b'1'),
('2016-04-28', 103, 1, 1, b'1'),
('2016-04-28', 103, 2, 1, b'1'),
('2016-04-28', 104, 1, 1, b'1'),
('2016-04-28', 104, 2, 1, b'1'),
('2016-04-28', 105, 1, 1, b'0'),
('2016-04-28', 105, 2, 1, b'1'),
('2016-04-28', 106, 1, 1, b'1'),
('2016-04-28', 106, 2, 1, b'1'),
('2016-04-28', 107, 1, 1, b'1'),
('2016-04-28', 107, 2, 1, b'1'),
('2016-04-28', 108, 1, 1, b'1'),
('2016-04-28', 108, 2, 1, b'1'),
('2016-04-28', 109, 1, 1, b'0'),
('2016-04-28', 109, 2, 1, b'1'),
('2016-04-28', 110, 1, 1, b'1'),
('2016-04-28', 110, 2, 1, b'1'),
('2016-04-28', 111, 1, 1, b'1'),
('2016-04-28', 111, 2, 1, b'1'),
('2016-04-28', 112, 1, 1, b'1'),
('2016-04-28', 112, 2, 1, b'1'),
('2016-04-28', 113, 1, 1, b'0'),
('2016-04-28', 113, 2, 1, b'1'),
('2016-04-28', 114, 1, 1, b'1'),
('2016-04-28', 114, 2, 1, b'1'),
('2016-04-28', 115, 1, 1, b'1'),
('2016-04-28', 115, 2, 1, b'1'),
('2016-04-28', 116, 1, 1, b'1'),
('2016-04-28', 116, 2, 1, b'1'),
('2016-04-28', 117, 1, 1, b'1'),
('2016-04-28', 117, 2, 1, b'1'),
('2016-04-28', 118, 1, 1, b'1'),
('2016-04-28', 118, 2, 1, b'1'),
('2016-04-28', 119, 1, 1, b'1'),
('2016-04-28', 119, 2, 1, b'1'),
('2016-04-28', 120, 1, 1, b'0'),
('2016-04-28', 120, 2, 1, b'1'),
('2016-04-28', 121, 1, 1, b'1'),
('2016-04-28', 121, 2, 1, b'1'),
('2016-04-28', 122, 1, 1, b'1'),
('2016-04-28', 122, 2, 1, b'1'),
('2016-04-28', 123, 1, 1, b'1'),
('2016-04-28', 123, 2, 1, b'1'),
('2016-04-28', 124, 1, 1, b'1'),
('2016-04-28', 124, 2, 1, b'1'),
('2016-04-28', 125, 1, 1, b'1'),
('2016-04-28', 125, 2, 1, b'1'),
('2016-04-28', 126, 1, 1, b'1'),
('2016-04-28', 126, 2, 1, b'1'),
('2016-04-28', 127, 1, 1, b'1'),
('2016-04-28', 127, 2, 1, b'1'),
('2016-04-28', 128, 1, 1, b'1'),
('2016-04-28', 128, 2, 1, b'1'),
('2016-04-28', 129, 1, 1, b'1'),
('2016-04-28', 129, 2, 1, b'1'),
('2016-04-28', 130, 1, 1, b'1'),
('2016-04-28', 130, 2, 1, b'1'),
('2016-04-28', 131, 1, 1, b'1'),
('2016-04-28', 131, 2, 1, b'1'),
('2016-04-28', 132, 1, 1, b'1'),
('2016-04-28', 132, 2, 1, b'1'),
('2016-04-28', 133, 1, 1, b'1'),
('2016-04-28', 133, 2, 1, b'1'),
('2016-04-28', 134, 1, 1, b'1'),
('2016-04-28', 134, 2, 1, b'1'),
('2016-04-28', 135, 1, 1, b'1'),
('2016-04-28', 135, 2, 1, b'1'),
('2016-04-28', 136, 1, 1, b'1'),
('2016-04-28', 136, 2, 1, b'1'),
('2016-04-28', 137, 1, 1, b'1'),
('2016-04-28', 137, 2, 1, b'1'),
('2016-04-28', 138, 1, 1, b'1'),
('2016-04-28', 138, 2, 1, b'1'),
('2016-04-28', 139, 1, 1, b'1'),
('2016-04-28', 139, 2, 1, b'1'),
('2016-04-28', 140, 1, 1, b'1'),
('2016-04-28', 140, 2, 1, b'1'),
('2016-04-28', 141, 1, 1, b'1'),
('2016-04-28', 141, 2, 1, b'1'),
('2016-04-28', 142, 1, 1, b'1'),
('2016-04-28', 142, 2, 1, b'1'),
('2016-04-28', 143, 1, 1, b'1'),
('2016-04-28', 143, 2, 1, b'1'),
('2016-04-28', 144, 1, 1, b'1'),
('2016-04-28', 144, 2, 1, b'1'),
('2016-04-28', 145, 1, 1, b'1'),
('2016-04-28', 145, 2, 1, b'1'),
('2016-04-28', 146, 1, 1, b'1'),
('2016-04-28', 146, 2, 1, b'1'),
('2016-04-28', 147, 1, 1, b'1'),
('2016-04-28', 147, 2, 1, b'1'),
('2016-04-28', 148, 1, 1, b'1'),
('2016-04-28', 148, 2, 1, b'1'),
('2016-04-28', 149, 1, 1, b'1'),
('2016-04-28', 149, 2, 1, b'1'),
('2016-04-28', 150, 1, 1, b'1'),
('2016-04-28', 150, 2, 1, b'1'),
('2016-04-28', 151, 1, 1, b'1'),
('2016-04-28', 151, 2, 1, b'1'),
('2016-04-28', 152, 1, 1, b'1'),
('2016-04-28', 152, 2, 1, b'1'),
('2016-04-28', 153, 1, 1, b'1'),
('2016-04-28', 153, 2, 1, b'1'),
('2016-04-28', 154, 1, 1, b'1'),
('2016-04-28', 154, 2, 1, b'1'),
('2016-04-28', 155, 1, 1, b'1'),
('2016-04-28', 155, 2, 1, b'1'),
('2016-04-28', 156, 1, 1, b'1'),
('2016-04-28', 156, 2, 1, b'1'),
('2016-04-30', 79, 2, 1, b'1'),
('2016-04-30', 80, 2, 1, b'1'),
('2016-04-30', 81, 2, 1, b'0'),
('2016-04-30', 82, 2, 1, b'1'),
('2016-04-30', 83, 2, 1, b'1'),
('2016-04-30', 84, 2, 1, b'1'),
('2016-04-30', 85, 2, 1, b'1'),
('2016-04-30', 86, 2, 1, b'1'),
('2016-04-30', 87, 2, 1, b'0'),
('2016-04-30', 88, 2, 1, b'1'),
('2016-04-30', 89, 2, 1, b'0'),
('2016-04-30', 90, 2, 1, b'1'),
('2016-04-30', 91, 2, 1, b'1'),
('2016-04-30', 92, 2, 1, b'1'),
('2016-04-30', 93, 2, 1, b'1'),
('2016-04-30', 94, 2, 1, b'1'),
('2016-04-30', 95, 2, 1, b'1'),
('2016-04-30', 96, 2, 1, b'1'),
('2016-04-30', 97, 2, 1, b'1'),
('2016-04-30', 98, 2, 1, b'1'),
('2016-04-30', 99, 2, 1, b'1'),
('2016-04-30', 100, 2, 1, b'1'),
('2016-04-30', 101, 2, 1, b'1'),
('2016-04-30', 102, 2, 1, b'1'),
('2016-04-30', 103, 2, 1, b'1'),
('2016-04-30', 104, 2, 1, b'1'),
('2016-04-30', 105, 2, 1, b'1'),
('2016-04-30', 106, 2, 1, b'1'),
('2016-04-30', 107, 2, 1, b'1'),
('2016-04-30', 108, 2, 1, b'1'),
('2016-04-30', 109, 2, 1, b'1'),
('2016-04-30', 110, 2, 1, b'0'),
('2016-04-30', 111, 2, 1, b'1'),
('2016-04-30', 112, 2, 1, b'1'),
('2016-04-30', 113, 2, 1, b'1'),
('2016-04-30', 114, 2, 1, b'1'),
('2016-04-30', 115, 2, 1, b'1'),
('2016-04-30', 116, 2, 1, b'1'),
('2016-04-30', 117, 2, 1, b'1'),
('2016-04-30', 118, 2, 1, b'0'),
('2016-04-30', 119, 2, 1, b'1'),
('2016-04-30', 120, 2, 1, b'1'),
('2016-04-30', 121, 2, 1, b'1'),
('2016-04-30', 122, 2, 1, b'1'),
('2016-04-30', 123, 2, 1, b'1'),
('2016-04-30', 124, 2, 1, b'0'),
('2016-04-30', 125, 2, 1, b'1'),
('2016-04-30', 126, 2, 1, b'1'),
('2016-04-30', 127, 2, 1, b'1'),
('2016-04-30', 128, 2, 1, b'1'),
('2016-04-30', 129, 2, 1, b'1'),
('2016-04-30', 130, 2, 1, b'1'),
('2016-04-30', 131, 2, 1, b'1'),
('2016-04-30', 132, 2, 1, b'0'),
('2016-04-30', 133, 2, 1, b'1'),
('2016-04-30', 134, 2, 1, b'1'),
('2016-04-30', 135, 2, 1, b'1'),
('2016-04-30', 136, 2, 1, b'1'),
('2016-04-30', 137, 2, 1, b'1'),
('2016-04-30', 138, 2, 1, b'1'),
('2016-04-30', 139, 2, 1, b'1'),
('2016-04-30', 140, 2, 1, b'1'),
('2016-04-30', 141, 2, 1, b'0'),
('2016-04-30', 142, 2, 1, b'1'),
('2016-04-30', 143, 2, 1, b'1'),
('2016-04-30', 144, 2, 1, b'1'),
('2016-04-30', 145, 2, 1, b'0'),
('2016-04-30', 146, 2, 1, b'1'),
('2016-04-30', 147, 2, 1, b'1'),
('2016-04-30', 148, 2, 1, b'1'),
('2016-04-30', 149, 2, 1, b'1'),
('2016-04-30', 150, 2, 1, b'1'),
('2016-04-30', 151, 2, 1, b'0'),
('2016-04-30', 152, 2, 1, b'1'),
('2016-04-30', 153, 2, 1, b'1'),
('2016-04-30', 154, 2, 1, b'0'),
('2016-04-30', 155, 2, 1, b'1'),
('2016-04-30', 156, 2, 1, b'0'),
('2016-05-03', 79, 2, 1, b'1'),
('2016-05-03', 80, 2, 1, b'1'),
('2016-05-03', 81, 2, 1, b'1'),
('2016-05-03', 82, 2, 1, b'1'),
('2016-05-03', 83, 2, 1, b'1'),
('2016-05-03', 84, 2, 1, b'1'),
('2016-05-03', 85, 2, 1, b'1'),
('2016-05-03', 86, 2, 1, b'1'),
('2016-05-03', 87, 2, 1, b'1'),
('2016-05-03', 88, 2, 1, b'1'),
('2016-05-03', 89, 2, 1, b'1'),
('2016-05-03', 90, 2, 1, b'1'),
('2016-05-03', 91, 2, 1, b'1'),
('2016-05-03', 92, 2, 1, b'1'),
('2016-05-03', 93, 2, 1, b'1'),
('2016-05-03', 94, 2, 1, b'1'),
('2016-05-03', 95, 2, 1, b'1'),
('2016-05-03', 96, 2, 1, b'1'),
('2016-05-03', 97, 2, 1, b'1'),
('2016-05-03', 98, 2, 1, b'1'),
('2016-05-03', 99, 2, 1, b'1'),
('2016-05-03', 100, 2, 1, b'1'),
('2016-05-03', 101, 2, 1, b'1'),
('2016-05-03', 102, 2, 1, b'1'),
('2016-05-03', 103, 2, 1, b'1'),
('2016-05-03', 104, 2, 1, b'1'),
('2016-05-03', 105, 2, 1, b'1'),
('2016-05-03', 106, 2, 1, b'1'),
('2016-05-03', 107, 2, 1, b'1'),
('2016-05-03', 108, 2, 1, b'1'),
('2016-05-03', 109, 2, 1, b'1'),
('2016-05-03', 110, 2, 1, b'1'),
('2016-05-03', 111, 2, 1, b'1'),
('2016-05-03', 112, 2, 1, b'1'),
('2016-05-03', 113, 2, 1, b'1'),
('2016-05-03', 114, 2, 1, b'1'),
('2016-05-03', 115, 2, 1, b'1'),
('2016-05-03', 116, 2, 1, b'1'),
('2016-05-03', 117, 2, 1, b'1'),
('2016-05-03', 118, 2, 1, b'1'),
('2016-05-03', 119, 2, 1, b'1'),
('2016-05-03', 120, 2, 1, b'1'),
('2016-05-03', 121, 2, 1, b'1'),
('2016-05-03', 122, 2, 1, b'1'),
('2016-05-03', 123, 2, 1, b'1'),
('2016-05-03', 124, 2, 1, b'1'),
('2016-05-03', 125, 2, 1, b'1'),
('2016-05-03', 126, 2, 1, b'1'),
('2016-05-03', 127, 2, 1, b'1'),
('2016-05-03', 128, 2, 1, b'1'),
('2016-05-03', 129, 2, 1, b'1'),
('2016-05-03', 130, 2, 1, b'1'),
('2016-05-03', 131, 2, 1, b'1'),
('2016-05-03', 132, 2, 1, b'1'),
('2016-05-03', 133, 2, 1, b'1'),
('2016-05-03', 134, 2, 1, b'1'),
('2016-05-03', 135, 2, 1, b'1'),
('2016-05-03', 136, 2, 1, b'1'),
('2016-05-03', 137, 2, 1, b'1'),
('2016-05-03', 138, 2, 1, b'1'),
('2016-05-03', 139, 2, 1, b'1'),
('2016-05-03', 140, 2, 1, b'1'),
('2016-05-03', 141, 2, 1, b'1'),
('2016-05-03', 142, 2, 1, b'1'),
('2016-05-03', 143, 2, 1, b'1'),
('2016-05-03', 144, 2, 1, b'1'),
('2016-05-03', 145, 2, 1, b'1'),
('2016-05-03', 146, 2, 1, b'1'),
('2016-05-03', 147, 2, 1, b'1'),
('2016-05-03', 148, 2, 1, b'1'),
('2016-05-03', 149, 2, 1, b'1'),
('2016-05-03', 150, 2, 1, b'1'),
('2016-05-03', 151, 2, 1, b'1'),
('2016-05-03', 152, 2, 1, b'1'),
('2016-05-03', 153, 2, 1, b'1'),
('2016-05-03', 154, 2, 1, b'1'),
('2016-05-03', 155, 2, 1, b'1'),
('2016-05-03', 156, 2, 1, b'1'),
('2016-05-06', 79, 1, 1, b'1'),
('2016-05-06', 80, 1, 1, b'0'),
('2016-05-06', 81, 1, 1, b'1'),
('2016-05-06', 82, 1, 1, b'1'),
('2016-05-06', 83, 1, 1, b'1'),
('2016-05-06', 84, 1, 1, b'0'),
('2016-05-06', 85, 1, 1, b'1'),
('2016-05-06', 86, 1, 1, b'1'),
('2016-05-06', 87, 1, 1, b'1'),
('2016-05-06', 88, 1, 1, b'1'),
('2016-05-06', 89, 1, 1, b'1'),
('2016-05-06', 90, 1, 1, b'0'),
('2016-05-06', 91, 1, 1, b'1'),
('2016-05-06', 92, 1, 1, b'0'),
('2016-05-06', 93, 1, 1, b'1'),
('2016-05-06', 94, 1, 1, b'1'),
('2016-05-06', 95, 1, 1, b'1'),
('2016-05-06', 96, 1, 1, b'0'),
('2016-05-06', 97, 1, 1, b'1'),
('2016-05-06', 98, 1, 1, b'1'),
('2016-05-06', 99, 1, 1, b'0'),
('2016-05-06', 100, 1, 1, b'1'),
('2016-05-06', 101, 1, 1, b'1'),
('2016-05-06', 102, 1, 1, b'1'),
('2016-05-06', 103, 1, 1, b'0'),
('2016-05-06', 104, 1, 1, b'1'),
('2016-05-06', 105, 1, 1, b'1'),
('2016-05-06', 106, 1, 1, b'1'),
('2016-05-06', 107, 1, 1, b'0'),
('2016-05-06', 108, 1, 1, b'1'),
('2016-05-06', 109, 1, 1, b'1'),
('2016-05-06', 110, 1, 1, b'1'),
('2016-05-06', 111, 1, 1, b'1'),
('2016-05-06', 112, 1, 1, b'1'),
('2016-05-06', 113, 1, 1, b'0'),
('2016-05-06', 114, 1, 1, b'1'),
('2016-05-06', 115, 1, 1, b'1'),
('2016-05-06', 116, 1, 1, b'1'),
('2016-05-06', 117, 1, 1, b'1'),
('2016-05-06', 118, 1, 1, b'1'),
('2016-05-06', 119, 1, 1, b'1'),
('2016-05-06', 120, 1, 1, b'0'),
('2016-05-06', 121, 1, 1, b'1'),
('2016-05-06', 122, 1, 1, b'1'),
('2016-05-06', 123, 1, 1, b'1'),
('2016-05-06', 124, 1, 1, b'0'),
('2016-05-06', 125, 1, 1, b'1'),
('2016-05-06', 126, 1, 1, b'1'),
('2016-05-06', 127, 1, 1, b'1'),
('2016-05-06', 128, 1, 1, b'0'),
('2016-05-06', 129, 1, 1, b'0'),
('2016-05-06', 130, 1, 1, b'1'),
('2016-05-06', 131, 1, 1, b'1'),
('2016-05-06', 132, 1, 1, b'1'),
('2016-05-06', 133, 1, 1, b'1'),
('2016-05-06', 134, 1, 1, b'1'),
('2016-05-06', 135, 1, 1, b'1'),
('2016-05-06', 136, 1, 1, b'1'),
('2016-05-06', 137, 1, 1, b'1'),
('2016-05-06', 138, 1, 1, b'1'),
('2016-05-06', 139, 1, 1, b'1'),
('2016-05-06', 140, 1, 1, b'0'),
('2016-05-06', 141, 1, 1, b'1'),
('2016-05-06', 142, 1, 1, b'1'),
('2016-05-06', 143, 1, 1, b'1'),
('2016-05-06', 144, 1, 1, b'1'),
('2016-05-06', 145, 1, 1, b'1'),
('2016-05-06', 146, 1, 1, b'1'),
('2016-05-06', 147, 1, 1, b'1'),
('2016-05-06', 148, 1, 1, b'1'),
('2016-05-06', 149, 1, 1, b'0'),
('2016-05-06', 150, 1, 1, b'1'),
('2016-05-06', 151, 1, 1, b'1'),
('2016-05-06', 152, 1, 1, b'1'),
('2016-05-06', 153, 1, 1, b'0'),
('2016-05-06', 154, 1, 1, b'0'),
('2016-05-06', 155, 1, 1, b'0'),
('2016-05-06', 156, 1, 1, b'0'),
('2016-05-10', 79, 1, 1, b'0'),
('2016-05-10', 80, 1, 1, b'1'),
('2016-05-10', 81, 1, 1, b'1'),
('2016-05-10', 82, 1, 1, b'1'),
('2016-05-10', 83, 1, 1, b'0'),
('2016-05-10', 84, 1, 1, b'1'),
('2016-05-10', 85, 1, 1, b'1'),
('2016-05-10', 86, 1, 1, b'1'),
('2016-05-10', 87, 1, 1, b'0'),
('2016-05-10', 88, 1, 1, b'1'),
('2016-05-10', 89, 1, 1, b'1'),
('2016-05-10', 90, 1, 1, b'1'),
('2016-05-10', 91, 1, 1, b'1'),
('2016-05-10', 92, 1, 1, b'1'),
('2016-05-10', 93, 1, 1, b'1'),
('2016-05-10', 94, 1, 1, b'0'),
('2016-05-10', 95, 1, 1, b'1'),
('2016-05-10', 96, 1, 1, b'1'),
('2016-05-10', 97, 1, 1, b'1'),
('2016-05-10', 98, 1, 1, b'1'),
('2016-05-10', 99, 1, 1, b'0'),
('2016-05-10', 100, 1, 1, b'1'),
('2016-05-10', 101, 1, 1, b'1'),
('2016-05-10', 102, 1, 1, b'1'),
('2016-05-10', 103, 1, 1, b'1'),
('2016-05-10', 104, 1, 1, b'1'),
('2016-05-10', 105, 1, 1, b'1'),
('2016-05-10', 106, 1, 1, b'0'),
('2016-05-10', 107, 1, 1, b'1'),
('2016-05-10', 108, 1, 1, b'1'),
('2016-05-10', 109, 1, 1, b'1'),
('2016-05-10', 110, 1, 1, b'1'),
('2016-05-10', 111, 1, 1, b'1'),
('2016-05-10', 112, 1, 1, b'1'),
('2016-05-10', 113, 1, 1, b'1'),
('2016-05-10', 114, 1, 1, b'0'),
('2016-05-10', 115, 1, 1, b'1'),
('2016-05-10', 116, 1, 1, b'1'),
('2016-05-10', 117, 1, 1, b'1'),
('2016-05-10', 118, 1, 1, b'1'),
('2016-05-10', 119, 1, 1, b'1'),
('2016-05-10', 120, 1, 1, b'1'),
('2016-05-10', 121, 1, 1, b'1'),
('2016-05-10', 122, 1, 1, b'0'),
('2016-05-10', 123, 1, 1, b'1'),
('2016-05-10', 124, 1, 1, b'1'),
('2016-05-10', 125, 1, 1, b'1'),
('2016-05-10', 126, 1, 1, b'0'),
('2016-05-10', 127, 1, 1, b'1'),
('2016-05-10', 128, 1, 1, b'1'),
('2016-05-10', 129, 1, 1, b'1'),
('2016-05-10', 130, 1, 1, b'0'),
('2016-05-10', 131, 1, 1, b'1'),
('2016-05-10', 132, 1, 1, b'1'),
('2016-05-10', 133, 1, 1, b'1'),
('2016-05-10', 134, 1, 1, b'1'),
('2016-05-10', 135, 1, 1, b'1'),
('2016-05-10', 136, 1, 1, b'1'),
('2016-05-10', 137, 1, 1, b'0'),
('2016-05-10', 138, 1, 1, b'1'),
('2016-05-10', 139, 1, 1, b'1'),
('2016-05-10', 140, 1, 1, b'1'),
('2016-05-10', 141, 1, 1, b'1'),
('2016-05-10', 142, 1, 1, b'1'),
('2016-05-10', 143, 1, 1, b'0'),
('2016-05-10', 144, 1, 1, b'1'),
('2016-05-10', 145, 1, 1, b'1'),
('2016-05-10', 146, 1, 1, b'1'),
('2016-05-10', 147, 1, 1, b'1'),
('2016-05-10', 148, 1, 1, b'1'),
('2016-05-10', 149, 1, 1, b'1'),
('2016-05-10', 150, 1, 1, b'1'),
('2016-05-10', 151, 1, 1, b'0'),
('2016-05-10', 152, 1, 1, b'1'),
('2016-05-10', 153, 1, 1, b'1'),
('2016-05-10', 154, 1, 1, b'1'),
('2016-05-10', 155, 1, 1, b'0'),
('2016-05-10', 156, 1, 1, b'0'),
('2016-05-28', 79, 1, 1, b'1'),
('2016-05-28', 80, 1, 1, b'0'),
('2016-05-28', 81, 1, 1, b'1'),
('2016-05-28', 82, 1, 1, b'1'),
('2016-05-28', 83, 1, 1, b'0'),
('2016-05-28', 84, 1, 1, b'1'),
('2016-05-28', 85, 1, 1, b'1'),
('2016-05-28', 86, 1, 1, b'0'),
('2016-05-28', 87, 1, 1, b'1'),
('2016-05-28', 88, 1, 1, b'1'),
('2016-05-28', 89, 1, 1, b'0'),
('2016-05-28', 90, 1, 1, b'1'),
('2016-05-28', 91, 1, 1, b'1'),
('2016-05-28', 92, 1, 1, b'0'),
('2016-05-28', 93, 1, 1, b'1'),
('2016-05-28', 94, 1, 1, b'1'),
('2016-05-28', 95, 1, 1, b'0'),
('2016-05-28', 96, 1, 1, b'1'),
('2016-05-28', 97, 1, 1, b'1'),
('2016-05-28', 98, 1, 1, b'1'),
('2016-05-28', 99, 1, 1, b'1'),
('2016-05-28', 100, 1, 1, b'1'),
('2016-05-28', 101, 1, 1, b'0'),
('2016-05-28', 102, 1, 1, b'1'),
('2016-05-28', 103, 1, 1, b'1'),
('2016-05-28', 104, 1, 1, b'1'),
('2016-05-28', 105, 1, 1, b'1'),
('2016-05-28', 106, 1, 1, b'1'),
('2016-05-28', 107, 1, 1, b'1'),
('2016-05-28', 108, 1, 1, b'1'),
('2016-05-28', 109, 1, 1, b'1'),
('2016-05-28', 110, 1, 1, b'1'),
('2016-05-28', 111, 1, 1, b'1'),
('2016-05-28', 112, 1, 1, b'1'),
('2016-05-28', 113, 1, 1, b'1'),
('2016-05-28', 114, 1, 1, b'1'),
('2016-05-28', 115, 1, 1, b'1'),
('2016-05-28', 116, 1, 1, b'1'),
('2016-05-28', 117, 1, 1, b'1'),
('2016-05-28', 118, 1, 1, b'1'),
('2016-05-28', 119, 1, 1, b'1'),
('2016-05-28', 120, 1, 1, b'1'),
('2016-05-28', 121, 1, 1, b'1'),
('2016-05-28', 122, 1, 1, b'1'),
('2016-05-28', 123, 1, 1, b'1'),
('2016-05-28', 124, 1, 1, b'1'),
('2016-05-28', 125, 1, 1, b'1'),
('2016-05-28', 126, 1, 1, b'1');
INSERT INTO `Record` (`Date`, `StudentId`, `SubjectId`, `Lec_no`, `PA`) VALUES
('2016-05-28', 127, 1, 1, b'1'),
('2016-05-28', 128, 1, 1, b'1'),
('2016-05-28', 129, 1, 1, b'1'),
('2016-05-28', 130, 1, 1, b'1'),
('2016-05-28', 131, 1, 1, b'1'),
('2016-05-28', 132, 1, 1, b'1'),
('2016-05-28', 133, 1, 1, b'1'),
('2016-05-28', 134, 1, 1, b'1'),
('2016-05-28', 135, 1, 1, b'1'),
('2016-05-28', 136, 1, 1, b'1'),
('2016-05-28', 137, 1, 1, b'1'),
('2016-05-28', 138, 1, 1, b'1'),
('2016-05-28', 139, 1, 1, b'1'),
('2016-05-28', 140, 1, 1, b'1'),
('2016-05-28', 141, 1, 1, b'1'),
('2016-05-28', 142, 1, 1, b'1'),
('2016-05-28', 143, 1, 1, b'1'),
('2016-05-28', 144, 1, 1, b'1'),
('2016-05-28', 145, 1, 1, b'1'),
('2016-05-28', 146, 1, 1, b'1'),
('2016-05-28', 147, 1, 1, b'1'),
('2016-05-28', 148, 1, 1, b'1'),
('2016-05-28', 149, 1, 1, b'1'),
('2016-05-28', 150, 1, 1, b'1'),
('2016-05-28', 151, 1, 1, b'1'),
('2016-05-28', 152, 1, 1, b'1'),
('2016-05-28', 153, 1, 1, b'1'),
('2016-05-28', 154, 1, 1, b'0'),
('2016-05-28', 155, 1, 1, b'1'),
('2016-05-28', 156, 1, 1, b'0'),
('2016-06-30', 79, 1, 1, b'1'),
('2016-06-30', 80, 1, 1, b'1'),
('2016-06-30', 81, 1, 1, b'0'),
('2016-06-30', 82, 1, 1, b'1'),
('2016-06-30', 83, 1, 1, b'1'),
('2016-06-30', 84, 1, 1, b'1'),
('2016-06-30', 85, 1, 1, b'1'),
('2016-06-30', 86, 1, 1, b'1'),
('2016-06-30', 87, 1, 1, b'1'),
('2016-06-30', 88, 1, 1, b'1'),
('2016-06-30', 89, 1, 1, b'1'),
('2016-06-30', 90, 1, 1, b'1'),
('2016-06-30', 91, 1, 1, b'1'),
('2016-06-30', 92, 1, 1, b'1'),
('2016-06-30', 93, 1, 1, b'1'),
('2016-06-30', 94, 1, 1, b'1'),
('2016-06-30', 95, 1, 1, b'1'),
('2016-06-30', 96, 1, 1, b'1'),
('2016-06-30', 97, 1, 1, b'1'),
('2016-06-30', 98, 1, 1, b'1'),
('2016-06-30', 99, 1, 1, b'1'),
('2016-06-30', 100, 1, 1, b'1'),
('2016-06-30', 101, 1, 1, b'1'),
('2016-06-30', 102, 1, 1, b'1'),
('2016-06-30', 103, 1, 1, b'1'),
('2016-06-30', 104, 1, 1, b'0'),
('2016-06-30', 105, 1, 1, b'1'),
('2016-06-30', 106, 1, 1, b'1'),
('2016-06-30', 107, 1, 1, b'1'),
('2016-06-30', 108, 1, 1, b'1'),
('2016-06-30', 109, 1, 1, b'1'),
('2016-06-30', 110, 1, 1, b'0'),
('2016-06-30', 111, 1, 1, b'1'),
('2016-06-30', 112, 1, 1, b'1'),
('2016-06-30', 113, 1, 1, b'1'),
('2016-06-30', 114, 1, 1, b'1'),
('2016-06-30', 115, 1, 1, b'1'),
('2016-06-30', 116, 1, 1, b'1'),
('2016-06-30', 117, 1, 1, b'1'),
('2016-06-30', 118, 1, 1, b'1'),
('2016-06-30', 119, 1, 1, b'0'),
('2016-06-30', 120, 1, 1, b'1'),
('2016-06-30', 121, 1, 1, b'1'),
('2016-06-30', 122, 1, 1, b'1'),
('2016-06-30', 123, 1, 1, b'1'),
('2016-06-30', 124, 1, 1, b'1'),
('2016-06-30', 125, 1, 1, b'1'),
('2016-06-30', 126, 1, 1, b'0'),
('2016-06-30', 127, 1, 1, b'1'),
('2016-06-30', 128, 1, 1, b'1'),
('2016-06-30', 129, 1, 1, b'0'),
('2016-06-30', 130, 1, 1, b'1'),
('2016-06-30', 131, 1, 1, b'1'),
('2016-06-30', 132, 1, 1, b'1'),
('2016-06-30', 133, 1, 1, b'1'),
('2016-06-30', 134, 1, 1, b'1'),
('2016-06-30', 135, 1, 1, b'0'),
('2016-06-30', 136, 1, 1, b'1'),
('2016-06-30', 137, 1, 1, b'1'),
('2016-06-30', 138, 1, 1, b'1'),
('2016-06-30', 139, 1, 1, b'0'),
('2016-06-30', 140, 1, 1, b'1'),
('2016-06-30', 141, 1, 1, b'1'),
('2016-06-30', 142, 1, 1, b'1'),
('2016-06-30', 143, 1, 1, b'0'),
('2016-06-30', 144, 1, 1, b'1'),
('2016-06-30', 145, 1, 1, b'1'),
('2016-06-30', 146, 1, 1, b'0'),
('2016-06-30', 147, 1, 1, b'1'),
('2016-06-30', 148, 1, 1, b'1'),
('2016-06-30', 149, 1, 1, b'1'),
('2016-06-30', 150, 1, 1, b'0'),
('2016-06-30', 151, 1, 1, b'1'),
('2016-06-30', 152, 1, 1, b'1'),
('2016-06-30', 153, 1, 1, b'0'),
('2016-06-30', 154, 1, 1, b'0'),
('2016-06-30', 155, 1, 1, b'0'),
('2016-06-30', 156, 1, 1, b'1'),
('2016-07-06', 79, 1, 1, b'1'),
('2016-07-06', 80, 1, 1, b'1'),
('2016-07-06', 81, 1, 1, b'0'),
('2016-07-06', 82, 1, 1, b'0'),
('2016-07-06', 83, 1, 1, b'1'),
('2016-07-06', 84, 1, 1, b'1'),
('2016-07-06', 85, 1, 1, b'1'),
('2016-07-06', 86, 1, 1, b'1'),
('2016-07-06', 87, 1, 1, b'1'),
('2016-07-06', 88, 1, 1, b'0'),
('2016-07-06', 89, 1, 1, b'1'),
('2016-07-06', 90, 1, 1, b'0'),
('2016-07-06', 91, 1, 1, b'1'),
('2016-07-06', 92, 1, 1, b'1'),
('2016-07-06', 93, 1, 1, b'1'),
('2016-07-06', 94, 1, 1, b'1'),
('2016-07-06', 95, 1, 1, b'1'),
('2016-07-06', 96, 1, 1, b'1'),
('2016-07-06', 97, 1, 1, b'0'),
('2016-07-06', 98, 1, 1, b'1'),
('2016-07-06', 99, 1, 1, b'0'),
('2016-07-06', 100, 1, 1, b'1'),
('2016-07-06', 101, 1, 1, b'1'),
('2016-07-06', 102, 1, 1, b'1'),
('2016-07-06', 103, 1, 1, b'1'),
('2016-07-06', 104, 1, 1, b'1'),
('2016-07-06', 105, 1, 1, b'1'),
('2016-07-06', 106, 1, 1, b'1'),
('2016-07-06', 107, 1, 1, b'1'),
('2016-07-06', 108, 1, 1, b'1'),
('2016-07-06', 109, 1, 1, b'1'),
('2016-07-06', 110, 1, 1, b'1'),
('2016-07-06', 111, 1, 1, b'1'),
('2016-07-06', 112, 1, 1, b'1'),
('2016-07-06', 113, 1, 1, b'1'),
('2016-07-06', 114, 1, 1, b'1'),
('2016-07-06', 115, 1, 1, b'1'),
('2016-07-06', 116, 1, 1, b'1'),
('2016-07-06', 117, 1, 1, b'1'),
('2016-07-06', 118, 1, 1, b'1'),
('2016-07-06', 119, 1, 1, b'1'),
('2016-07-06', 120, 1, 1, b'1'),
('2016-07-06', 121, 1, 1, b'1'),
('2016-07-06', 122, 1, 1, b'1'),
('2016-07-06', 123, 1, 1, b'1'),
('2016-07-06', 124, 1, 1, b'1'),
('2016-07-06', 125, 1, 1, b'1'),
('2016-07-06', 126, 1, 1, b'1'),
('2016-07-06', 127, 1, 1, b'1'),
('2016-07-06', 128, 1, 1, b'1'),
('2016-07-06', 129, 1, 1, b'1'),
('2016-07-06', 130, 1, 1, b'1'),
('2016-07-06', 131, 1, 1, b'1'),
('2016-07-06', 132, 1, 1, b'1'),
('2016-07-06', 133, 1, 1, b'1'),
('2016-07-06', 134, 1, 1, b'1'),
('2016-07-06', 135, 1, 1, b'1'),
('2016-07-06', 136, 1, 1, b'1'),
('2016-07-06', 137, 1, 1, b'1'),
('2016-07-06', 138, 1, 1, b'1'),
('2016-07-06', 139, 1, 1, b'1'),
('2016-07-06', 140, 1, 1, b'1'),
('2016-07-06', 141, 1, 1, b'1'),
('2016-07-06', 142, 1, 1, b'1'),
('2016-07-06', 143, 1, 1, b'1'),
('2016-07-06', 144, 1, 1, b'1'),
('2016-07-06', 145, 1, 1, b'1'),
('2016-07-06', 146, 1, 1, b'1'),
('2016-07-06', 147, 1, 1, b'1'),
('2016-07-06', 148, 1, 1, b'1'),
('2016-07-06', 149, 1, 1, b'1'),
('2016-07-06', 150, 1, 1, b'1'),
('2016-07-06', 151, 1, 1, b'1'),
('2016-07-06', 152, 1, 1, b'1'),
('2016-07-06', 153, 1, 1, b'1'),
('2016-07-06', 154, 1, 1, b'1'),
('2016-07-06', 155, 1, 1, b'1'),
('2016-07-06', 156, 1, 1, b'1'),
('2016-07-14', 79, 1, 1, b'0'),
('2016-07-14', 80, 1, 1, b'1'),
('2016-07-14', 81, 1, 1, b'1'),
('2016-07-14', 82, 1, 1, b'1'),
('2016-07-14', 83, 1, 1, b'1'),
('2016-07-14', 84, 1, 1, b'1'),
('2016-07-14', 85, 1, 1, b'1'),
('2016-07-14', 86, 1, 1, b'1'),
('2016-07-14', 87, 1, 1, b'0'),
('2016-07-14', 88, 1, 1, b'1'),
('2016-07-14', 89, 1, 1, b'1'),
('2016-07-14', 90, 1, 1, b'1'),
('2016-07-14', 91, 1, 1, b'1'),
('2016-07-14', 92, 1, 1, b'1'),
('2016-07-14', 93, 1, 1, b'1'),
('2016-07-14', 94, 1, 1, b'1'),
('2016-07-14', 95, 1, 1, b'0'),
('2016-07-14', 96, 1, 1, b'1'),
('2016-07-14', 97, 1, 1, b'1'),
('2016-07-14', 98, 1, 1, b'1'),
('2016-07-14', 99, 1, 1, b'1'),
('2016-07-14', 100, 1, 1, b'0'),
('2016-07-14', 101, 1, 1, b'1'),
('2016-07-14', 102, 1, 1, b'1'),
('2016-07-14', 103, 1, 1, b'1'),
('2016-07-14', 104, 1, 1, b'1'),
('2016-07-14', 105, 1, 1, b'1'),
('2016-07-14', 106, 1, 1, b'1'),
('2016-07-14', 107, 1, 1, b'1'),
('2016-07-14', 108, 1, 1, b'1'),
('2016-07-14', 109, 1, 1, b'1'),
('2016-07-14', 110, 1, 1, b'1'),
('2016-07-14', 111, 1, 1, b'1'),
('2016-07-14', 112, 1, 1, b'1'),
('2016-07-14', 113, 1, 1, b'1'),
('2016-07-14', 114, 1, 1, b'1'),
('2016-07-14', 115, 1, 1, b'1'),
('2016-07-14', 116, 1, 1, b'1'),
('2016-07-14', 117, 1, 1, b'1'),
('2016-07-14', 118, 1, 1, b'1'),
('2016-07-14', 119, 1, 1, b'1'),
('2016-07-14', 120, 1, 1, b'1'),
('2016-07-14', 121, 1, 1, b'1'),
('2016-07-14', 122, 1, 1, b'1'),
('2016-07-14', 123, 1, 1, b'1'),
('2016-07-14', 124, 1, 1, b'1'),
('2016-07-14', 125, 1, 1, b'1'),
('2016-07-14', 126, 1, 1, b'1'),
('2016-07-14', 127, 1, 1, b'1'),
('2016-07-14', 128, 1, 1, b'1'),
('2016-07-14', 129, 1, 1, b'1'),
('2016-07-14', 130, 1, 1, b'1'),
('2016-07-14', 131, 1, 1, b'1'),
('2016-07-14', 132, 1, 1, b'1'),
('2016-07-14', 133, 1, 1, b'1'),
('2016-07-14', 134, 1, 1, b'1'),
('2016-07-14', 135, 1, 1, b'1'),
('2016-07-14', 136, 1, 1, b'1'),
('2016-07-14', 137, 1, 1, b'1'),
('2016-07-14', 138, 1, 1, b'1'),
('2016-07-14', 139, 1, 1, b'1'),
('2016-07-14', 140, 1, 1, b'1'),
('2016-07-14', 141, 1, 1, b'1'),
('2016-07-14', 142, 1, 1, b'1'),
('2016-07-14', 143, 1, 1, b'1'),
('2016-07-14', 144, 1, 1, b'1'),
('2016-07-14', 145, 1, 1, b'1'),
('2016-07-14', 146, 1, 1, b'1'),
('2016-07-14', 147, 1, 1, b'1'),
('2016-07-14', 148, 1, 1, b'1'),
('2016-07-14', 149, 1, 1, b'1'),
('2016-07-14', 150, 1, 1, b'1'),
('2016-07-14', 151, 1, 1, b'1'),
('2016-07-14', 152, 1, 1, b'1'),
('2016-07-14', 153, 1, 1, b'1'),
('2016-07-14', 154, 1, 1, b'1'),
('2016-07-14', 155, 1, 1, b'1'),
('2016-07-14', 156, 1, 1, b'1'),
('2016-07-30', 79, 1, 1, b'0'),
('2016-07-30', 80, 1, 1, b'1'),
('2016-07-30', 81, 1, 1, b'1'),
('2016-07-30', 82, 1, 1, b'1'),
('2016-07-30', 83, 1, 1, b'1'),
('2016-07-30', 84, 1, 1, b'1'),
('2016-07-30', 85, 1, 1, b'0'),
('2016-07-30', 86, 1, 1, b'1'),
('2016-07-30', 87, 1, 1, b'1'),
('2016-07-30', 88, 1, 1, b'1'),
('2016-07-30', 89, 1, 1, b'1'),
('2016-07-30', 90, 1, 1, b'1'),
('2016-07-30', 91, 1, 1, b'1'),
('2016-07-30', 92, 1, 1, b'1'),
('2016-07-30', 93, 1, 1, b'1'),
('2016-07-30', 94, 1, 1, b'0'),
('2016-07-30', 95, 1, 1, b'1'),
('2016-07-30', 96, 1, 1, b'1'),
('2016-07-30', 97, 1, 1, b'1'),
('2016-07-30', 98, 1, 1, b'1'),
('2016-07-30', 99, 1, 1, b'1'),
('2016-07-30', 100, 1, 1, b'1'),
('2016-07-30', 101, 1, 1, b'0'),
('2016-07-30', 102, 1, 1, b'1'),
('2016-07-30', 103, 1, 1, b'1'),
('2016-07-30', 104, 1, 1, b'1'),
('2016-07-30', 105, 1, 1, b'0'),
('2016-07-30', 106, 1, 1, b'1'),
('2016-07-30', 107, 1, 1, b'1'),
('2016-07-30', 108, 1, 1, b'1'),
('2016-07-30', 109, 1, 1, b'1'),
('2016-07-30', 110, 1, 1, b'0'),
('2016-07-30', 111, 1, 1, b'1'),
('2016-07-30', 112, 1, 1, b'1'),
('2016-07-30', 113, 1, 1, b'1'),
('2016-07-30', 114, 1, 1, b'1'),
('2016-07-30', 115, 1, 1, b'1'),
('2016-07-30', 116, 1, 1, b'1'),
('2016-07-30', 117, 1, 1, b'0'),
('2016-07-30', 118, 1, 1, b'1'),
('2016-07-30', 119, 1, 1, b'1'),
('2016-07-30', 120, 1, 1, b'1'),
('2016-07-30', 121, 1, 1, b'1'),
('2016-07-30', 122, 1, 1, b'1'),
('2016-07-30', 123, 1, 1, b'1'),
('2016-07-30', 124, 1, 1, b'1'),
('2016-07-30', 125, 1, 1, b'0'),
('2016-07-30', 126, 1, 1, b'1'),
('2016-07-30', 127, 1, 1, b'1'),
('2016-07-30', 128, 1, 1, b'1'),
('2016-07-30', 129, 1, 1, b'1'),
('2016-07-30', 130, 1, 1, b'0'),
('2016-07-30', 131, 1, 1, b'1'),
('2016-07-30', 132, 1, 1, b'1'),
('2016-07-30', 133, 1, 1, b'1'),
('2016-07-30', 134, 1, 1, b'1'),
('2016-07-30', 135, 1, 1, b'1'),
('2016-07-30', 136, 1, 1, b'1'),
('2016-07-30', 137, 1, 1, b'0'),
('2016-07-30', 138, 1, 1, b'1'),
('2016-07-30', 139, 1, 1, b'1'),
('2016-07-30', 140, 1, 1, b'1'),
('2016-07-30', 141, 1, 1, b'1'),
('2016-07-30', 142, 1, 1, b'1'),
('2016-07-30', 143, 1, 1, b'1'),
('2016-07-30', 144, 1, 1, b'1'),
('2016-07-30', 145, 1, 1, b'1'),
('2016-07-30', 146, 1, 1, b'0'),
('2016-07-30', 147, 1, 1, b'1'),
('2016-07-30', 148, 1, 1, b'1'),
('2016-07-30', 149, 1, 1, b'1'),
('2016-07-30', 150, 1, 1, b'1'),
('2016-07-30', 151, 1, 1, b'0'),
('2016-07-30', 152, 1, 1, b'1'),
('2016-07-30', 153, 1, 1, b'1'),
('2016-07-30', 154, 1, 1, b'0'),
('2016-07-30', 155, 1, 1, b'1'),
('2016-07-30', 156, 1, 1, b'0'),
('2016-08-08', 79, 1, 1, b'0'),
('2016-08-08', 80, 1, 1, b'0'),
('2016-08-08', 81, 1, 1, b'0'),
('2016-08-08', 82, 1, 1, b'1'),
('2016-08-08', 83, 1, 1, b'1'),
('2016-08-08', 84, 1, 1, b'1'),
('2016-08-08', 85, 1, 1, b'1'),
('2016-08-08', 86, 1, 1, b'1'),
('2016-08-08', 87, 1, 1, b'1'),
('2016-08-08', 88, 1, 1, b'1'),
('2016-08-08', 89, 1, 1, b'1'),
('2016-08-08', 90, 1, 1, b'1'),
('2016-08-08', 91, 1, 1, b'1'),
('2016-08-08', 92, 1, 1, b'1'),
('2016-08-08', 93, 1, 1, b'1'),
('2016-08-08', 94, 1, 1, b'1'),
('2016-08-08', 95, 1, 1, b'1'),
('2016-08-08', 96, 1, 1, b'1'),
('2016-08-08', 97, 1, 1, b'1'),
('2016-08-08', 98, 1, 1, b'1'),
('2016-08-08', 99, 1, 1, b'1'),
('2016-08-08', 100, 1, 1, b'1'),
('2016-08-08', 101, 1, 1, b'1'),
('2016-08-08', 102, 1, 1, b'1'),
('2016-08-08', 103, 1, 1, b'1'),
('2016-08-08', 104, 1, 1, b'1'),
('2016-08-08', 105, 1, 1, b'1'),
('2016-08-08', 106, 1, 1, b'1'),
('2016-08-08', 107, 1, 1, b'1'),
('2016-08-08', 108, 1, 1, b'1'),
('2016-08-08', 109, 1, 1, b'1'),
('2016-08-08', 110, 1, 1, b'1'),
('2016-08-08', 111, 1, 1, b'1'),
('2016-08-08', 112, 1, 1, b'1'),
('2016-08-08', 113, 1, 1, b'1'),
('2016-08-08', 114, 1, 1, b'1'),
('2016-08-08', 115, 1, 1, b'1'),
('2016-08-08', 116, 1, 1, b'1'),
('2016-08-08', 117, 1, 1, b'1'),
('2016-08-08', 118, 1, 1, b'1'),
('2016-08-08', 119, 1, 1, b'1'),
('2016-08-08', 120, 1, 1, b'1'),
('2016-08-08', 121, 1, 1, b'1'),
('2016-08-08', 122, 1, 1, b'1'),
('2016-08-08', 123, 1, 1, b'1'),
('2016-08-08', 124, 1, 1, b'1'),
('2016-08-08', 125, 1, 1, b'1'),
('2016-08-08', 126, 1, 1, b'1'),
('2016-08-08', 127, 1, 1, b'1'),
('2016-08-08', 128, 1, 1, b'1'),
('2016-08-08', 129, 1, 1, b'1'),
('2016-08-08', 130, 1, 1, b'1'),
('2016-08-08', 131, 1, 1, b'1'),
('2016-08-08', 132, 1, 1, b'1'),
('2016-08-08', 133, 1, 1, b'1'),
('2016-08-08', 134, 1, 1, b'1'),
('2016-08-08', 135, 1, 1, b'1'),
('2016-08-08', 136, 1, 1, b'1'),
('2016-08-08', 137, 1, 1, b'1'),
('2016-08-08', 138, 1, 1, b'1'),
('2016-08-08', 139, 1, 1, b'1'),
('2016-08-08', 140, 1, 1, b'1'),
('2016-08-08', 141, 1, 1, b'1'),
('2016-08-08', 142, 1, 1, b'1'),
('2016-08-08', 143, 1, 1, b'1'),
('2016-08-08', 144, 1, 1, b'1'),
('2016-08-08', 145, 1, 1, b'1'),
('2016-08-08', 146, 1, 1, b'1'),
('2016-08-08', 147, 1, 1, b'1'),
('2016-08-08', 148, 1, 1, b'1'),
('2016-08-08', 149, 1, 1, b'1'),
('2016-08-08', 150, 1, 1, b'1'),
('2016-08-08', 151, 1, 1, b'1'),
('2016-08-08', 152, 1, 1, b'1'),
('2016-08-08', 153, 1, 1, b'1'),
('2016-08-08', 154, 1, 1, b'1'),
('2016-08-08', 155, 1, 1, b'1'),
('2016-08-08', 156, 1, 1, b'1'),
('2016-08-09', 79, 1, 1, b'0'),
('2016-08-09', 80, 1, 1, b'0'),
('2016-08-09', 81, 1, 1, b'0'),
('2016-08-09', 82, 1, 1, b'1'),
('2016-08-09', 83, 1, 1, b'1'),
('2016-08-09', 84, 1, 1, b'1'),
('2016-08-09', 85, 1, 1, b'1'),
('2016-08-09', 86, 1, 1, b'1'),
('2016-08-09', 87, 1, 1, b'1'),
('2016-08-09', 88, 1, 1, b'1'),
('2016-08-09', 89, 1, 1, b'1'),
('2016-08-09', 90, 1, 1, b'1'),
('2016-08-09', 91, 1, 1, b'1'),
('2016-08-09', 92, 1, 1, b'1'),
('2016-08-09', 93, 1, 1, b'1'),
('2016-08-09', 94, 1, 1, b'1'),
('2016-08-09', 95, 1, 1, b'1'),
('2016-08-09', 96, 1, 1, b'1'),
('2016-08-09', 97, 1, 1, b'1'),
('2016-08-09', 98, 1, 1, b'1'),
('2016-08-09', 99, 1, 1, b'1'),
('2016-08-09', 100, 1, 1, b'1'),
('2016-08-09', 101, 1, 1, b'1'),
('2016-08-09', 102, 1, 1, b'1'),
('2016-08-09', 103, 1, 1, b'1'),
('2016-08-09', 104, 1, 1, b'1'),
('2016-08-09', 105, 1, 1, b'1'),
('2016-08-09', 106, 1, 1, b'1'),
('2016-08-09', 107, 1, 1, b'1'),
('2016-08-09', 108, 1, 1, b'1'),
('2016-08-09', 109, 1, 1, b'1'),
('2016-08-09', 110, 1, 1, b'1'),
('2016-08-09', 111, 1, 1, b'1'),
('2016-08-09', 112, 1, 1, b'1'),
('2016-08-09', 113, 1, 1, b'1'),
('2016-08-09', 114, 1, 1, b'1'),
('2016-08-09', 115, 1, 1, b'1'),
('2016-08-09', 116, 1, 1, b'1'),
('2016-08-09', 117, 1, 1, b'1'),
('2016-08-09', 118, 1, 1, b'1'),
('2016-08-09', 119, 1, 1, b'1'),
('2016-08-09', 120, 1, 1, b'1'),
('2016-08-09', 121, 1, 1, b'1'),
('2016-08-09', 122, 1, 1, b'1'),
('2016-08-09', 123, 1, 1, b'1'),
('2016-08-09', 124, 1, 1, b'1'),
('2016-08-09', 125, 1, 1, b'1'),
('2016-08-09', 126, 1, 1, b'1'),
('2016-08-09', 127, 1, 1, b'1'),
('2016-08-09', 128, 1, 1, b'1'),
('2016-08-09', 129, 1, 1, b'1'),
('2016-08-09', 130, 1, 1, b'1'),
('2016-08-09', 131, 1, 1, b'1'),
('2016-08-09', 132, 1, 1, b'1'),
('2016-08-09', 133, 1, 1, b'1'),
('2016-08-09', 134, 1, 1, b'1'),
('2016-08-09', 135, 1, 1, b'1'),
('2016-08-09', 136, 1, 1, b'1'),
('2016-08-09', 137, 1, 1, b'1'),
('2016-08-09', 138, 1, 1, b'1'),
('2016-08-09', 139, 1, 1, b'1'),
('2016-08-09', 140, 1, 1, b'1'),
('2016-08-09', 141, 1, 1, b'1'),
('2016-08-09', 142, 1, 1, b'1'),
('2016-08-09', 143, 1, 1, b'1'),
('2016-08-09', 144, 1, 1, b'1'),
('2016-08-09', 145, 1, 1, b'1'),
('2016-08-09', 146, 1, 1, b'1'),
('2016-08-09', 147, 1, 1, b'1'),
('2016-08-09', 148, 1, 1, b'1'),
('2016-08-09', 149, 1, 1, b'1'),
('2016-08-09', 150, 1, 1, b'1'),
('2016-08-09', 151, 1, 1, b'1'),
('2016-08-09', 152, 1, 1, b'1'),
('2016-08-09', 153, 1, 1, b'1'),
('2016-08-09', 154, 1, 1, b'1'),
('2016-08-09', 155, 1, 1, b'1'),
('2016-08-09', 156, 1, 1, b'1'),
('2016-09-01', 79, 13, 1, b'1'),
('2016-09-01', 80, 13, 1, b'1'),
('2016-09-01', 81, 13, 1, b'1'),
('2016-09-01', 82, 13, 1, b'1'),
('2016-09-01', 83, 13, 1, b'0'),
('2016-09-01', 84, 13, 1, b'1'),
('2016-09-02', 79, 1, 1, b'0'),
('2016-09-02', 79, 13, 1, b'0'),
('2016-09-02', 80, 1, 1, b'1'),
('2016-09-02', 80, 13, 1, b'0'),
('2016-09-02', 81, 1, 1, b'1'),
('2016-09-02', 81, 13, 1, b'0'),
('2016-09-02', 82, 1, 1, b'0'),
('2016-09-02', 82, 13, 1, b'0'),
('2016-09-02', 83, 1, 1, b'1'),
('2016-09-02', 83, 13, 1, b'0'),
('2016-09-02', 84, 1, 1, b'1'),
('2016-09-02', 84, 13, 1, b'0'),
('2016-09-02', 85, 1, 1, b'1'),
('2016-09-02', 86, 1, 1, b'1'),
('2016-09-02', 87, 1, 1, b'1'),
('2016-09-02', 88, 1, 1, b'0'),
('2016-09-02', 89, 1, 1, b'1'),
('2016-09-02', 90, 1, 1, b'0'),
('2016-09-02', 91, 1, 1, b'1'),
('2016-09-02', 92, 1, 1, b'1'),
('2016-09-02', 93, 1, 1, b'0'),
('2016-09-02', 94, 1, 1, b'1'),
('2016-09-02', 95, 1, 1, b'0'),
('2016-09-02', 96, 1, 1, b'1'),
('2016-09-02', 97, 1, 1, b'1'),
('2016-09-02', 98, 1, 1, b'1'),
('2016-09-02', 99, 1, 1, b'1'),
('2016-09-02', 100, 1, 1, b'0'),
('2016-09-02', 101, 1, 1, b'1'),
('2016-09-02', 102, 1, 1, b'0'),
('2016-09-02', 103, 1, 1, b'1'),
('2016-09-02', 104, 1, 1, b'1'),
('2016-09-02', 105, 1, 1, b'1'),
('2016-09-02', 106, 1, 1, b'1'),
('2016-09-02', 107, 1, 1, b'1'),
('2016-09-02', 108, 1, 1, b'1'),
('2016-09-02', 109, 1, 1, b'1'),
('2016-09-02', 110, 1, 1, b'1'),
('2016-09-02', 111, 1, 1, b'1'),
('2016-09-02', 112, 1, 1, b'1'),
('2016-09-02', 113, 1, 1, b'1'),
('2016-09-02', 114, 1, 1, b'1'),
('2016-09-02', 115, 1, 1, b'1'),
('2016-09-02', 116, 1, 1, b'1'),
('2016-09-02', 117, 1, 1, b'1'),
('2016-09-02', 118, 1, 1, b'1'),
('2016-09-02', 119, 1, 1, b'1'),
('2016-09-02', 120, 1, 1, b'1'),
('2016-09-02', 121, 1, 1, b'1'),
('2016-09-02', 122, 1, 1, b'1'),
('2016-09-02', 123, 1, 1, b'1'),
('2016-09-02', 124, 1, 1, b'1'),
('2016-09-02', 125, 1, 1, b'1'),
('2016-09-02', 126, 1, 1, b'1'),
('2016-09-02', 127, 1, 1, b'1'),
('2016-09-02', 128, 1, 1, b'1'),
('2016-09-02', 129, 1, 1, b'1'),
('2016-09-02', 130, 1, 1, b'1'),
('2016-09-02', 131, 1, 1, b'1'),
('2016-09-02', 132, 1, 1, b'0'),
('2016-09-02', 133, 1, 1, b'1'),
('2016-09-02', 134, 1, 1, b'1'),
('2016-09-02', 135, 1, 1, b'1'),
('2016-09-02', 136, 1, 1, b'1'),
('2016-09-02', 137, 1, 1, b'0'),
('2016-09-02', 138, 1, 1, b'1'),
('2016-09-02', 139, 1, 1, b'1'),
('2016-09-02', 140, 1, 1, b'1'),
('2016-09-02', 141, 1, 1, b'1'),
('2016-09-02', 142, 1, 1, b'1'),
('2016-09-02', 143, 1, 1, b'1'),
('2016-09-02', 144, 1, 1, b'0'),
('2016-09-02', 145, 1, 1, b'0'),
('2016-09-02', 146, 1, 1, b'1'),
('2016-09-02', 147, 1, 1, b'1'),
('2016-09-02', 148, 1, 1, b'0'),
('2016-09-02', 149, 1, 1, b'1'),
('2016-09-02', 150, 1, 1, b'1'),
('2016-09-02', 151, 1, 1, b'1'),
('2016-09-02', 152, 1, 1, b'1'),
('2016-09-02', 153, 1, 1, b'0'),
('2016-09-02', 154, 1, 1, b'0'),
('2016-09-02', 155, 1, 1, b'1'),
('2016-09-02', 156, 1, 1, b'0'),
('2016-09-03', 79, 1, 1, b'1'),
('2016-09-03', 79, 13, 1, b'1'),
('2016-09-03', 80, 1, 1, b'1'),
('2016-09-03', 80, 13, 1, b'0'),
('2016-09-03', 81, 1, 1, b'1'),
('2016-09-03', 81, 13, 1, b'0'),
('2016-09-03', 82, 1, 1, b'1'),
('2016-09-03', 82, 13, 1, b'1'),
('2016-09-03', 83, 13, 1, b'1'),
('2016-09-03', 84, 13, 1, b'1'),
('2016-09-04', 79, 1, 1, b'0'),
('2016-09-04', 80, 1, 1, b'0'),
('2016-09-04', 81, 1, 1, b'0'),
('2016-09-04', 82, 1, 1, b'1'),
('2016-09-04', 83, 1, 1, b'1'),
('2016-09-04', 83, 13, 1, b'0'),
('2016-09-04', 84, 1, 1, b'1'),
('2016-09-04', 84, 13, 1, b'1'),
('2016-09-04', 85, 1, 1, b'0'),
('2016-09-04', 86, 1, 1, b'1'),
('2016-09-04', 87, 1, 1, b'1'),
('2016-09-04', 88, 1, 1, b'1'),
('2016-09-04', 89, 1, 1, b'1'),
('2016-09-04', 90, 1, 1, b'1'),
('2016-09-04', 91, 1, 1, b'1'),
('2016-09-04', 92, 1, 1, b'1'),
('2016-09-04', 93, 1, 1, b'1'),
('2016-09-04', 94, 1, 1, b'1'),
('2016-09-04', 95, 1, 1, b'1'),
('2016-09-04', 96, 1, 1, b'1'),
('2016-09-04', 97, 1, 1, b'1'),
('2016-09-04', 98, 1, 1, b'1'),
('2016-09-04', 99, 1, 1, b'1'),
('2016-09-04', 100, 1, 1, b'1'),
('2016-09-04', 101, 1, 1, b'1'),
('2016-09-04', 102, 1, 1, b'1'),
('2016-09-04', 103, 1, 1, b'1'),
('2016-09-04', 104, 1, 1, b'1'),
('2016-09-04', 105, 1, 1, b'1'),
('2016-09-04', 106, 1, 1, b'1'),
('2016-09-04', 107, 1, 1, b'1'),
('2016-09-04', 108, 1, 1, b'1'),
('2016-09-04', 109, 1, 1, b'1'),
('2016-09-04', 110, 1, 1, b'1'),
('2016-09-04', 111, 1, 1, b'1'),
('2016-09-04', 112, 1, 1, b'1'),
('2016-09-04', 113, 1, 1, b'1'),
('2016-09-04', 114, 1, 1, b'1'),
('2016-09-04', 115, 1, 1, b'1'),
('2016-09-04', 116, 1, 1, b'1'),
('2016-09-04', 117, 1, 1, b'1'),
('2016-09-04', 118, 1, 1, b'1'),
('2016-09-04', 119, 1, 1, b'1'),
('2016-09-04', 120, 1, 1, b'1'),
('2016-09-04', 121, 1, 1, b'1'),
('2016-09-04', 122, 1, 1, b'1'),
('2016-09-04', 123, 1, 1, b'1'),
('2016-09-04', 124, 1, 1, b'1'),
('2016-09-04', 125, 1, 1, b'1'),
('2016-09-04', 126, 1, 1, b'1'),
('2016-09-04', 127, 1, 1, b'1'),
('2016-09-04', 128, 1, 1, b'1'),
('2016-09-04', 129, 1, 1, b'1'),
('2016-09-04', 130, 1, 1, b'1'),
('2016-09-04', 131, 1, 1, b'1'),
('2016-09-04', 132, 1, 1, b'1'),
('2016-09-04', 133, 1, 1, b'1'),
('2016-09-04', 134, 1, 1, b'1'),
('2016-09-04', 135, 1, 1, b'1'),
('2016-09-04', 136, 1, 1, b'1'),
('2016-09-04', 137, 1, 1, b'1'),
('2016-09-04', 138, 1, 1, b'1'),
('2016-09-04', 139, 1, 1, b'1'),
('2016-09-04', 140, 1, 1, b'1'),
('2016-09-04', 141, 1, 1, b'1'),
('2016-09-04', 142, 1, 1, b'1'),
('2016-09-04', 143, 1, 1, b'1'),
('2016-09-04', 144, 1, 1, b'1'),
('2016-09-04', 145, 1, 1, b'1'),
('2016-09-04', 146, 1, 1, b'1'),
('2016-09-04', 147, 1, 1, b'1'),
('2016-09-04', 148, 1, 1, b'1'),
('2016-09-04', 149, 1, 1, b'1'),
('2016-09-04', 150, 1, 1, b'1'),
('2016-09-04', 151, 1, 1, b'1'),
('2016-09-04', 152, 1, 1, b'1'),
('2016-09-04', 153, 1, 1, b'1'),
('2016-09-04', 154, 1, 1, b'1'),
('2016-09-05', 79, 2, 1, b'1'),
('2016-09-05', 80, 2, 1, b'0'),
('2016-09-05', 81, 2, 1, b'0'),
('2016-09-05', 82, 2, 1, b'1'),
('2016-09-05', 83, 2, 1, b'1'),
('2016-09-05', 83, 15, 1, b'1'),
('2016-09-05', 84, 2, 1, b'1'),
('2016-09-05', 84, 15, 1, b'1'),
('2016-09-05', 85, 2, 1, b'1'),
('2016-09-05', 85, 13, 1, b'1'),
('2016-09-05', 86, 2, 1, b'1'),
('2016-09-05', 86, 13, 1, b'0'),
('2016-09-05', 87, 2, 1, b'0'),
('2016-09-05', 87, 13, 1, b'0'),
('2016-09-05', 88, 2, 1, b'1'),
('2016-09-05', 89, 2, 1, b'0'),
('2016-09-05', 90, 2, 1, b'1'),
('2016-09-05', 91, 2, 1, b'1'),
('2016-09-05', 92, 2, 1, b'1'),
('2016-09-05', 93, 2, 1, b'1'),
('2016-09-05', 94, 2, 1, b'1'),
('2016-09-05', 95, 2, 1, b'1'),
('2016-09-05', 96, 2, 1, b'0'),
('2016-09-05', 97, 2, 1, b'1'),
('2016-09-05', 98, 2, 1, b'1'),
('2016-09-05', 99, 2, 1, b'1'),
('2016-09-05', 100, 2, 1, b'1'),
('2016-09-05', 101, 2, 1, b'1'),
('2016-09-05', 102, 2, 1, b'0'),
('2016-09-05', 103, 2, 1, b'1'),
('2016-09-05', 104, 2, 1, b'1'),
('2016-09-05', 105, 2, 1, b'1'),
('2016-09-05', 106, 2, 1, b'1'),
('2016-09-05', 107, 2, 1, b'0'),
('2016-09-05', 108, 2, 1, b'1'),
('2016-09-05', 109, 2, 1, b'1'),
('2016-09-05', 110, 2, 1, b'1'),
('2016-09-05', 111, 2, 1, b'1'),
('2016-09-05', 112, 2, 1, b'0'),
('2016-09-05', 113, 2, 1, b'1'),
('2016-09-05', 114, 2, 1, b'1'),
('2016-09-05', 115, 2, 1, b'1'),
('2016-09-05', 116, 2, 1, b'1'),
('2016-09-05', 117, 2, 1, b'1'),
('2016-09-05', 118, 2, 1, b'1'),
('2016-09-05', 119, 2, 1, b'0'),
('2016-09-05', 120, 2, 1, b'1'),
('2016-09-05', 121, 2, 1, b'1'),
('2016-09-05', 122, 2, 1, b'1'),
('2016-09-05', 123, 2, 1, b'1'),
('2016-09-05', 124, 2, 1, b'0'),
('2016-09-05', 125, 2, 1, b'1'),
('2016-09-05', 126, 2, 1, b'1'),
('2016-09-05', 127, 2, 1, b'1'),
('2016-09-05', 128, 2, 1, b'0'),
('2016-09-05', 129, 2, 1, b'1'),
('2016-09-05', 130, 2, 1, b'0'),
('2016-09-05', 131, 2, 1, b'1'),
('2016-09-05', 132, 2, 1, b'1'),
('2016-09-05', 133, 2, 1, b'0'),
('2016-09-05', 134, 2, 1, b'1'),
('2016-09-05', 135, 2, 1, b'1'),
('2016-09-05', 136, 2, 1, b'0'),
('2016-09-05', 137, 2, 1, b'1'),
('2016-09-05', 138, 2, 1, b'1'),
('2016-09-05', 139, 2, 1, b'1'),
('2016-09-05', 140, 2, 1, b'0'),
('2016-09-05', 141, 2, 1, b'1'),
('2016-09-05', 142, 2, 1, b'1'),
('2016-09-05', 143, 2, 1, b'1'),
('2016-09-05', 144, 2, 1, b'1'),
('2016-09-05', 145, 2, 1, b'1'),
('2016-09-05', 146, 2, 1, b'1'),
('2016-09-05', 147, 2, 1, b'1'),
('2016-09-05', 148, 2, 1, b'0'),
('2016-09-05', 149, 2, 1, b'1'),
('2016-09-05', 150, 2, 1, b'1'),
('2016-09-05', 151, 2, 1, b'0'),
('2016-09-05', 152, 2, 1, b'1'),
('2016-09-05', 153, 2, 1, b'1'),
('2016-09-05', 154, 2, 1, b'0'),
('2016-09-05', 155, 2, 1, b'1'),
('2016-09-05', 156, 2, 1, b'0'),
('2016-09-07', 79, 15, 1, b'1'),
('2016-09-07', 80, 15, 1, b'0'),
('2016-09-07', 81, 15, 1, b'0'),
('2016-09-07', 82, 15, 1, b'1'),
('2016-09-07', 83, 17, 1, b'1'),
('2016-09-07', 84, 17, 1, b'1'),
('2016-09-08', 79, 1, 1, b'1'),
('2016-09-08', 79, 2, 1, b'1'),
('2016-09-08', 79, 15, 1, b'1'),
('2016-09-08', 80, 1, 1, b'1'),
('2016-09-08', 80, 2, 1, b'1'),
('2016-09-08', 80, 15, 1, b'0'),
('2016-09-08', 81, 1, 1, b'1'),
('2016-09-08', 81, 2, 1, b'1'),
('2016-09-08', 81, 15, 1, b'1'),
('2016-09-08', 82, 1, 1, b'1'),
('2016-09-08', 82, 2, 1, b'1'),
('2016-09-08', 82, 15, 1, b'0'),
('2016-09-08', 83, 1, 1, b'1'),
('2016-09-08', 83, 2, 1, b'1'),
('2016-09-08', 83, 15, 1, b'1'),
('2016-09-08', 83, 17, 1, b'1'),
('2016-09-08', 84, 1, 1, b'1'),
('2016-09-08', 84, 2, 1, b'1'),
('2016-09-08', 84, 15, 1, b'0'),
('2016-09-08', 84, 17, 1, b'1'),
('2016-09-08', 85, 1, 1, b'1'),
('2016-09-08', 85, 2, 1, b'0'),
('2016-09-08', 85, 13, 1, b'1'),
('2016-09-08', 86, 1, 1, b'1'),
('2016-09-08', 86, 2, 1, b'1'),
('2016-09-08', 86, 13, 1, b'0'),
('2016-09-08', 87, 1, 1, b'1'),
('2016-09-08', 87, 2, 1, b'1'),
('2016-09-08', 87, 13, 1, b'0'),
('2016-09-08', 88, 1, 1, b'1'),
('2016-09-08', 88, 2, 1, b'0'),
('2016-09-08', 89, 1, 1, b'1'),
('2016-09-08', 89, 2, 1, b'1'),
('2016-09-08', 90, 1, 1, b'1'),
('2016-09-08', 90, 2, 1, b'1'),
('2016-09-08', 91, 1, 1, b'1'),
('2016-09-08', 91, 2, 1, b'1'),
('2016-09-08', 92, 1, 1, b'1'),
('2016-09-08', 92, 2, 1, b'1'),
('2016-09-08', 93, 1, 1, b'1'),
('2016-09-08', 93, 2, 1, b'0'),
('2016-09-08', 94, 1, 1, b'1'),
('2016-09-08', 94, 2, 1, b'1'),
('2016-09-08', 95, 1, 1, b'1'),
('2016-09-08', 95, 2, 1, b'1'),
('2016-09-08', 96, 1, 1, b'1'),
('2016-09-08', 96, 2, 1, b'1'),
('2016-09-08', 97, 1, 1, b'1'),
('2016-09-08', 97, 2, 1, b'1'),
('2016-09-08', 98, 1, 1, b'1'),
('2016-09-08', 98, 2, 1, b'0'),
('2016-09-08', 99, 1, 1, b'1'),
('2016-09-08', 99, 2, 1, b'1'),
('2016-09-08', 100, 1, 1, b'1'),
('2016-09-08', 100, 2, 1, b'0'),
('2016-09-08', 101, 1, 1, b'1'),
('2016-09-08', 101, 2, 1, b'1'),
('2016-09-08', 102, 1, 1, b'1'),
('2016-09-08', 102, 2, 1, b'1'),
('2016-09-08', 103, 1, 1, b'1'),
('2016-09-08', 103, 2, 1, b'0'),
('2016-09-08', 104, 1, 1, b'1'),
('2016-09-08', 104, 2, 1, b'0'),
('2016-09-08', 105, 1, 1, b'1'),
('2016-09-08', 105, 2, 1, b'1'),
('2016-09-08', 106, 1, 1, b'1'),
('2016-09-08', 106, 2, 1, b'1'),
('2016-09-08', 107, 1, 1, b'1'),
('2016-09-08', 107, 2, 1, b'1'),
('2016-09-08', 108, 1, 1, b'1'),
('2016-09-08', 108, 2, 1, b'0'),
('2016-09-08', 109, 1, 1, b'1'),
('2016-09-08', 109, 2, 1, b'1'),
('2016-09-08', 110, 1, 1, b'1'),
('2016-09-08', 110, 2, 1, b'1'),
('2016-09-08', 111, 1, 1, b'1'),
('2016-09-08', 111, 2, 1, b'1'),
('2016-09-08', 112, 1, 1, b'1'),
('2016-09-08', 112, 2, 1, b'1'),
('2016-09-08', 113, 1, 1, b'1'),
('2016-09-08', 113, 2, 1, b'1'),
('2016-09-08', 114, 1, 1, b'1'),
('2016-09-08', 114, 2, 1, b'0'),
('2016-09-08', 115, 1, 1, b'1'),
('2016-09-08', 115, 2, 1, b'1'),
('2016-09-08', 116, 1, 1, b'1'),
('2016-09-08', 116, 2, 1, b'1'),
('2016-09-08', 117, 1, 1, b'1'),
('2016-09-08', 117, 2, 1, b'0'),
('2016-09-08', 118, 1, 1, b'1'),
('2016-09-08', 118, 2, 1, b'1'),
('2016-09-08', 119, 1, 1, b'1'),
('2016-09-08', 119, 2, 1, b'0'),
('2016-09-08', 120, 1, 1, b'1'),
('2016-09-08', 120, 2, 1, b'1'),
('2016-09-08', 121, 1, 1, b'1'),
('2016-09-08', 121, 2, 1, b'1'),
('2016-09-08', 122, 1, 1, b'1'),
('2016-09-08', 122, 2, 1, b'1'),
('2016-09-08', 123, 1, 1, b'1'),
('2016-09-08', 123, 2, 1, b'0'),
('2016-09-08', 124, 1, 1, b'1'),
('2016-09-08', 124, 2, 1, b'1'),
('2016-09-08', 125, 1, 1, b'1'),
('2016-09-08', 125, 2, 1, b'1'),
('2016-09-08', 126, 1, 1, b'1'),
('2016-09-08', 126, 2, 1, b'1'),
('2016-09-08', 127, 1, 1, b'1'),
('2016-09-08', 127, 2, 1, b'1'),
('2016-09-08', 128, 1, 1, b'1'),
('2016-09-08', 128, 2, 1, b'1'),
('2016-09-08', 129, 1, 1, b'1'),
('2016-09-08', 129, 2, 1, b'1'),
('2016-09-08', 130, 1, 1, b'1'),
('2016-09-08', 130, 2, 1, b'1'),
('2016-09-08', 131, 1, 1, b'1'),
('2016-09-08', 131, 2, 1, b'1'),
('2016-09-08', 132, 1, 1, b'1'),
('2016-09-08', 132, 2, 1, b'1'),
('2016-09-08', 133, 1, 1, b'1'),
('2016-09-08', 133, 2, 1, b'1'),
('2016-09-08', 134, 1, 1, b'1'),
('2016-09-08', 134, 2, 1, b'1'),
('2016-09-08', 135, 1, 1, b'1'),
('2016-09-08', 135, 2, 1, b'1'),
('2016-09-08', 136, 1, 1, b'1'),
('2016-09-08', 136, 2, 1, b'1'),
('2016-09-08', 137, 1, 1, b'1'),
('2016-09-08', 137, 2, 1, b'1'),
('2016-09-08', 138, 1, 1, b'1'),
('2016-09-08', 138, 2, 1, b'1'),
('2016-09-08', 139, 1, 1, b'1'),
('2016-09-08', 139, 2, 1, b'1'),
('2016-09-08', 140, 1, 1, b'1'),
('2016-09-08', 140, 2, 1, b'1'),
('2016-09-08', 141, 1, 1, b'1'),
('2016-09-08', 141, 2, 1, b'1'),
('2016-09-08', 142, 1, 1, b'1'),
('2016-09-08', 142, 2, 1, b'1'),
('2016-09-08', 143, 1, 1, b'1'),
('2016-09-08', 143, 2, 1, b'1'),
('2016-09-08', 144, 1, 1, b'1'),
('2016-09-08', 144, 2, 1, b'1'),
('2016-09-08', 145, 1, 1, b'1'),
('2016-09-08', 145, 2, 1, b'1'),
('2016-09-08', 146, 1, 1, b'1'),
('2016-09-08', 146, 2, 1, b'1'),
('2016-09-08', 147, 1, 1, b'1'),
('2016-09-08', 147, 2, 1, b'1'),
('2016-09-08', 148, 1, 1, b'1'),
('2016-09-08', 148, 2, 1, b'1'),
('2016-09-08', 149, 1, 1, b'1'),
('2016-09-08', 149, 2, 1, b'1'),
('2016-09-08', 150, 1, 1, b'1'),
('2016-09-08', 150, 2, 1, b'1'),
('2016-09-08', 151, 1, 1, b'1'),
('2016-09-08', 151, 2, 1, b'1'),
('2016-09-08', 152, 1, 1, b'1'),
('2016-09-08', 152, 2, 1, b'1'),
('2016-09-08', 153, 1, 1, b'1'),
('2016-09-08', 153, 2, 1, b'1'),
('2016-09-08', 154, 1, 1, b'0'),
('2016-09-08', 154, 2, 1, b'1'),
('2016-09-08', 155, 1, 1, b'0'),
('2016-09-08', 155, 2, 1, b'1'),
('2016-09-08', 156, 1, 1, b'0'),
('2016-09-08', 156, 2, 1, b'1'),
('2016-09-09', 79, 1, 1, b'0'),
('2016-09-09', 80, 1, 1, b'0'),
('2016-09-09', 81, 1, 1, b'0'),
('2016-09-09', 82, 1, 1, b'0'),
('2016-09-09', 83, 1, 1, b'0'),
('2016-09-09', 83, 17, 1, b'1'),
('2016-09-09', 84, 1, 1, b'1'),
('2016-09-09', 84, 17, 1, b'1'),
('2016-09-09', 85, 1, 1, b'1'),
('2016-09-09', 86, 1, 1, b'1'),
('2016-09-09', 87, 1, 1, b'1'),
('2016-09-09', 88, 1, 1, b'1'),
('2016-09-09', 89, 1, 1, b'1'),
('2016-09-09', 90, 1, 1, b'1'),
('2016-09-09', 91, 1, 1, b'1'),
('2016-09-09', 92, 1, 1, b'1'),
('2016-09-09', 93, 1, 1, b'1'),
('2016-09-09', 94, 1, 1, b'1'),
('2016-09-09', 95, 1, 1, b'1'),
('2016-09-09', 96, 1, 1, b'1'),
('2016-09-09', 97, 1, 1, b'1'),
('2016-09-09', 98, 1, 1, b'1'),
('2016-09-09', 99, 1, 1, b'1'),
('2016-09-09', 100, 1, 1, b'1'),
('2016-09-09', 101, 1, 1, b'1'),
('2016-09-09', 102, 1, 1, b'1'),
('2016-09-09', 103, 1, 1, b'1'),
('2016-09-09', 104, 1, 1, b'1'),
('2016-09-09', 105, 1, 1, b'1'),
('2016-09-09', 106, 1, 1, b'1'),
('2016-09-09', 107, 1, 1, b'1'),
('2016-09-09', 108, 1, 1, b'1'),
('2016-09-09', 109, 1, 1, b'1'),
('2016-09-09', 110, 1, 1, b'1'),
('2016-09-09', 111, 1, 1, b'1'),
('2016-09-09', 112, 1, 1, b'1'),
('2016-09-09', 113, 1, 1, b'1'),
('2016-09-09', 114, 1, 1, b'1'),
('2016-09-09', 115, 1, 1, b'1'),
('2016-09-09', 116, 1, 1, b'1'),
('2016-09-09', 117, 1, 1, b'1'),
('2016-09-09', 118, 1, 1, b'1'),
('2016-09-09', 119, 1, 1, b'1'),
('2016-09-09', 120, 1, 1, b'1'),
('2016-09-09', 121, 1, 1, b'1'),
('2016-09-09', 122, 1, 1, b'1'),
('2016-09-09', 123, 1, 1, b'1'),
('2016-09-09', 124, 1, 1, b'1'),
('2016-09-09', 125, 1, 1, b'1'),
('2016-09-09', 126, 1, 1, b'1'),
('2016-09-09', 127, 1, 1, b'1'),
('2016-09-09', 128, 1, 1, b'1'),
('2016-09-09', 129, 1, 1, b'1'),
('2016-09-09', 130, 1, 1, b'1'),
('2016-09-09', 131, 1, 1, b'1'),
('2016-09-09', 132, 1, 1, b'1'),
('2016-09-09', 133, 1, 1, b'1'),
('2016-09-09', 134, 1, 1, b'1'),
('2016-09-09', 135, 1, 1, b'1'),
('2016-09-09', 136, 1, 1, b'1'),
('2016-09-09', 137, 1, 1, b'1'),
('2016-09-09', 138, 1, 1, b'1'),
('2016-09-09', 139, 1, 1, b'1'),
('2016-09-09', 140, 1, 1, b'1'),
('2016-09-09', 141, 1, 1, b'1'),
('2016-09-09', 142, 1, 1, b'1'),
('2016-09-09', 143, 1, 1, b'1'),
('2016-09-09', 144, 1, 1, b'1'),
('2016-09-09', 145, 1, 1, b'1'),
('2016-09-09', 146, 1, 1, b'1'),
('2016-09-09', 147, 1, 1, b'1'),
('2016-09-09', 148, 1, 1, b'1'),
('2016-09-09', 149, 1, 1, b'1'),
('2016-09-09', 150, 1, 1, b'1'),
('2016-09-09', 151, 1, 1, b'1'),
('2016-09-09', 152, 1, 1, b'1'),
('2016-09-09', 153, 1, 1, b'1'),
('2016-09-09', 154, 1, 1, b'1'),
('2016-09-10', 79, 1, 1, b'1'),
('2016-09-10', 79, 15, 1, b'1'),
('2016-09-10', 79, 16, 1, b'0'),
('2016-09-10', 80, 1, 1, b'1'),
('2016-09-10', 80, 15, 1, b'0'),
('2016-09-10', 80, 16, 1, b'1'),
('2016-09-10', 81, 1, 1, b'1'),
('2016-09-10', 81, 15, 1, b'1'),
('2016-09-10', 81, 16, 1, b'0'),
('2016-09-10', 82, 1, 1, b'1'),
('2016-09-10', 82, 15, 1, b'0'),
('2016-09-10', 82, 16, 1, b'1'),
('2016-09-10', 83, 1, 1, b'1'),
('2016-09-10', 83, 17, 1, b'1'),
('2016-09-10', 84, 1, 1, b'1'),
('2016-09-10', 84, 17, 1, b'0'),
('2016-09-10', 85, 1, 1, b'1'),
('2016-09-10', 86, 1, 1, b'1'),
('2016-09-10', 87, 1, 1, b'1'),
('2016-09-10', 88, 1, 1, b'1'),
('2016-09-10', 89, 1, 1, b'1'),
('2016-09-10', 90, 1, 1, b'1'),
('2016-09-10', 91, 1, 1, b'1'),
('2016-09-10', 92, 1, 1, b'1'),
('2016-09-10', 93, 1, 1, b'1'),
('2016-09-10', 94, 1, 1, b'1'),
('2016-09-10', 95, 1, 1, b'1'),
('2016-09-10', 96, 1, 1, b'1'),
('2016-09-10', 97, 1, 1, b'1'),
('2016-09-10', 98, 1, 1, b'1'),
('2016-09-10', 99, 1, 1, b'1'),
('2016-09-10', 100, 1, 1, b'1'),
('2016-09-10', 101, 1, 1, b'1'),
('2016-09-10', 102, 1, 1, b'1'),
('2016-09-10', 103, 1, 1, b'1'),
('2016-09-10', 104, 1, 1, b'1'),
('2016-09-10', 105, 1, 1, b'1'),
('2016-09-10', 106, 1, 1, b'1'),
('2016-09-10', 107, 1, 1, b'1'),
('2016-09-10', 108, 1, 1, b'1'),
('2016-09-10', 109, 1, 1, b'1'),
('2016-09-10', 110, 1, 1, b'1'),
('2016-09-10', 111, 1, 1, b'1'),
('2016-09-10', 112, 1, 1, b'1'),
('2016-09-10', 113, 1, 1, b'1'),
('2016-09-10', 114, 1, 1, b'1'),
('2016-09-10', 115, 1, 1, b'1'),
('2016-09-10', 116, 1, 1, b'1'),
('2016-09-10', 117, 1, 1, b'1'),
('2016-09-10', 118, 1, 1, b'1'),
('2016-09-10', 119, 1, 1, b'1'),
('2016-09-10', 120, 1, 1, b'1'),
('2016-09-10', 121, 1, 1, b'1'),
('2016-09-10', 122, 1, 1, b'1'),
('2016-09-10', 123, 1, 1, b'1'),
('2016-09-10', 124, 1, 1, b'1'),
('2016-09-10', 125, 1, 1, b'1'),
('2016-09-10', 126, 1, 1, b'1'),
('2016-09-10', 127, 1, 1, b'1'),
('2016-09-10', 128, 1, 1, b'1'),
('2016-09-10', 129, 1, 1, b'1'),
('2016-09-10', 130, 1, 1, b'1'),
('2016-09-10', 131, 1, 1, b'1'),
('2016-09-10', 132, 1, 1, b'1'),
('2016-09-10', 133, 1, 1, b'1'),
('2016-09-10', 134, 1, 1, b'1'),
('2016-09-10', 135, 1, 1, b'1'),
('2016-09-10', 136, 1, 1, b'1'),
('2016-09-10', 137, 1, 1, b'1'),
('2016-09-10', 138, 1, 1, b'1'),
('2016-09-10', 139, 1, 1, b'1'),
('2016-09-10', 140, 1, 1, b'1'),
('2016-09-10', 141, 1, 1, b'1'),
('2016-09-10', 142, 1, 1, b'1'),
('2016-09-10', 143, 1, 1, b'1'),
('2016-09-10', 144, 1, 1, b'1'),
('2016-09-10', 145, 1, 1, b'1'),
('2016-09-10', 146, 1, 1, b'1'),
('2016-09-10', 147, 1, 1, b'1'),
('2016-09-10', 148, 1, 1, b'1'),
('2016-09-10', 149, 1, 1, b'1'),
('2016-09-10', 150, 1, 1, b'1'),
('2016-09-10', 151, 1, 1, b'1'),
('2016-09-10', 152, 1, 1, b'1'),
('2016-09-10', 153, 1, 1, b'1'),
('2016-09-10', 154, 1, 1, b'1'),
('2016-09-10', 155, 1, 1, b'1'),
('2016-09-10', 156, 1, 1, b'1'),
('2016-09-11', 79, 15, 1, b'1'),
('2016-09-11', 80, 15, 1, b'1'),
('2016-09-11', 81, 15, 1, b'1'),
('2016-09-11', 82, 15, 1, b'1'),
('2016-09-12', 388, 14, 1, b'1'),
('2016-09-12', 389, 14, 1, b'1'),
('2016-09-12', 390, 14, 1, b'1'),
('2016-09-13', 79, 1, 1, b'1'),
('2016-09-13', 79, 13, 1, b'1'),
('2016-09-13', 80, 1, 1, b'0'),
('2016-09-13', 80, 13, 1, b'1'),
('2016-09-13', 81, 1, 1, b'1'),
('2016-09-13', 81, 13, 1, b'1'),
('2016-09-13', 82, 1, 1, b'0'),
('2016-09-13', 82, 13, 1, b'1'),
('2016-09-13', 83, 1, 1, b'1'),
('2016-09-13', 84, 1, 1, b'1'),
('2016-09-13', 85, 1, 1, b'1'),
('2016-09-13', 86, 1, 1, b'1'),
('2016-09-13', 87, 1, 1, b'1'),
('2016-09-13', 88, 1, 1, b'1'),
('2016-09-13', 89, 1, 1, b'1'),
('2016-09-13', 90, 1, 1, b'1'),
('2016-09-13', 91, 1, 1, b'1'),
('2016-09-13', 92, 1, 1, b'1'),
('2016-09-13', 93, 1, 1, b'1'),
('2016-09-13', 94, 1, 1, b'1'),
('2016-09-13', 95, 1, 1, b'1'),
('2016-09-13', 96, 1, 1, b'1'),
('2016-09-13', 97, 1, 1, b'1'),
('2016-09-13', 98, 1, 1, b'1'),
('2016-09-13', 99, 1, 1, b'1'),
('2016-09-13', 100, 1, 1, b'1'),
('2016-09-13', 101, 1, 1, b'1'),
('2016-09-13', 102, 1, 1, b'1'),
('2016-09-13', 103, 1, 1, b'1'),
('2016-09-13', 104, 1, 1, b'1'),
('2016-09-13', 105, 1, 1, b'1'),
('2016-09-13', 105, 13, 1, b'1'),
('2016-09-13', 106, 1, 1, b'1'),
('2016-09-13', 106, 13, 1, b'0'),
('2016-09-13', 107, 1, 1, b'1'),
('2016-09-13', 107, 13, 1, b'1'),
('2016-09-13', 108, 1, 1, b'1'),
('2016-09-13', 108, 13, 1, b'1'),
('2016-09-13', 109, 1, 1, b'1'),
('2016-09-13', 109, 13, 1, b'0'),
('2016-09-13', 110, 1, 1, b'1'),
('2016-09-13', 110, 13, 1, b'0'),
('2016-09-13', 111, 1, 1, b'1'),
('2016-09-13', 111, 13, 1, b'1'),
('2016-09-13', 112, 1, 1, b'1'),
('2016-09-13', 112, 13, 1, b'0'),
('2016-09-13', 113, 1, 1, b'1'),
('2016-09-13', 113, 13, 1, b'1'),
('2016-09-13', 114, 1, 1, b'1'),
('2016-09-13', 114, 13, 1, b'0'),
('2016-09-13', 115, 1, 1, b'1'),
('2016-09-13', 115, 13, 1, b'1'),
('2016-09-13', 116, 1, 1, b'1'),
('2016-09-13', 116, 13, 1, b'1'),
('2016-09-13', 117, 1, 1, b'1'),
('2016-09-13', 117, 13, 1, b'0'),
('2016-09-13', 118, 1, 1, b'1'),
('2016-09-13', 118, 13, 1, b'1'),
('2016-09-13', 119, 1, 1, b'1'),
('2016-09-13', 119, 13, 1, b'1'),
('2016-09-13', 120, 1, 1, b'1'),
('2016-09-13', 120, 13, 1, b'1'),
('2016-09-13', 121, 1, 1, b'1'),
('2016-09-13', 121, 13, 1, b'1'),
('2016-09-13', 122, 1, 1, b'1'),
('2016-09-13', 122, 13, 1, b'0'),
('2016-09-13', 123, 1, 1, b'1'),
('2016-09-13', 123, 13, 1, b'1'),
('2016-09-13', 124, 1, 1, b'1'),
('2016-09-13', 124, 13, 1, b'1'),
('2016-09-13', 125, 1, 1, b'1'),
('2016-09-13', 125, 13, 1, b'1'),
('2016-09-13', 126, 1, 1, b'1'),
('2016-09-13', 126, 13, 1, b'0'),
('2016-09-13', 127, 1, 1, b'1'),
('2016-09-13', 127, 13, 1, b'1'),
('2016-09-13', 128, 1, 1, b'1'),
('2016-09-13', 128, 13, 1, b'1'),
('2016-09-13', 129, 1, 1, b'1'),
('2016-09-13', 129, 13, 1, b'1'),
('2016-09-13', 130, 1, 1, b'1'),
('2016-09-13', 130, 13, 1, b'0'),
('2016-09-13', 131, 1, 1, b'1'),
('2016-09-13', 132, 1, 1, b'1'),
('2016-09-13', 133, 1, 1, b'1'),
('2016-09-13', 134, 1, 1, b'1'),
('2016-09-13', 135, 1, 1, b'1'),
('2016-09-13', 136, 1, 1, b'1'),
('2016-09-13', 137, 1, 1, b'1'),
('2016-09-13', 138, 1, 1, b'1'),
('2016-09-13', 139, 1, 1, b'1'),
('2016-09-13', 140, 1, 1, b'1'),
('2016-09-13', 141, 1, 1, b'1'),
('2016-09-13', 142, 1, 1, b'1'),
('2016-09-13', 143, 1, 1, b'1'),
('2016-09-13', 144, 1, 1, b'1'),
('2016-09-13', 145, 1, 1, b'1'),
('2016-09-13', 146, 1, 1, b'1'),
('2016-09-13', 147, 1, 1, b'1'),
('2016-09-13', 148, 1, 1, b'1'),
('2016-09-13', 149, 1, 1, b'1'),
('2016-09-13', 150, 1, 1, b'1'),
('2016-09-13', 151, 1, 1, b'1'),
('2016-09-13', 152, 1, 1, b'1'),
('2016-09-13', 153, 1, 1, b'1'),
('2016-09-13', 154, 1, 1, b'1'),
('2016-09-13', 155, 1, 1, b'1'),
('2016-09-13', 156, 1, 1, b'1'),
('2016-09-14', 79, 13, 1, b'1'),
('2016-09-14', 80, 13, 1, b'1'),
('2016-09-14', 81, 13, 1, b'1'),
('2016-09-14', 82, 13, 1, b'1'),
('2016-09-14', 388, 5, 1, b'1'),
('2016-09-14', 389, 5, 1, b'0'),
('2016-09-14', 390, 5, 1, b'1'),
('2016-09-14', 391, 5, 1, b'1'),
('2016-09-14', 392, 5, 1, b'1'),
('2016-09-14', 393, 5, 1, b'1'),
('2016-09-14', 394, 5, 1, b'1'),
('2016-09-14', 395, 5, 1, b'1'),
('2016-09-14', 396, 5, 1, b'1'),
('2016-09-14', 397, 5, 1, b'1'),
('2016-09-14', 398, 5, 1, b'1'),
('2016-09-14', 399, 5, 1, b'1'),
('2016-09-14', 400, 5, 1, b'1'),
('2016-09-14', 401, 5, 1, b'1'),
('2016-09-14', 402, 5, 1, b'1'),
('2016-09-14', 403, 5, 1, b'1'),
('2016-09-14', 404, 5, 1, b'1'),
('2016-09-14', 405, 5, 1, b'1'),
('2016-09-14', 406, 5, 1, b'1'),
('2016-09-14', 407, 5, 1, b'1'),
('2016-09-14', 408, 5, 1, b'1'),
('2016-09-14', 409, 5, 1, b'1'),
('2016-09-14', 410, 5, 1, b'1'),
('2016-09-14', 411, 5, 1, b'1'),
('2016-09-14', 412, 5, 1, b'1'),
('2016-09-14', 413, 5, 1, b'1'),
('2016-09-14', 414, 5, 1, b'1'),
('2016-09-14', 415, 5, 1, b'1'),
('2016-09-14', 416, 5, 1, b'1'),
('2016-09-14', 417, 5, 1, b'1'),
('2016-09-14', 418, 5, 1, b'1'),
('2016-09-14', 419, 5, 1, b'1'),
('2016-09-14', 420, 5, 1, b'1'),
('2016-09-14', 421, 5, 1, b'1'),
('2016-09-14', 422, 5, 1, b'1'),
('2016-09-14', 423, 5, 1, b'1'),
('2016-09-14', 424, 5, 1, b'1'),
('2016-09-14', 425, 5, 1, b'1'),
('2016-09-14', 426, 5, 1, b'1'),
('2016-09-14', 427, 5, 1, b'1'),
('2016-09-14', 428, 5, 1, b'1'),
('2016-09-14', 429, 5, 1, b'1'),
('2016-09-14', 430, 5, 1, b'1'),
('2016-09-14', 431, 5, 1, b'1'),
('2016-09-14', 432, 5, 1, b'1'),
('2016-09-14', 433, 5, 1, b'1'),
('2016-09-14', 434, 5, 1, b'1'),
('2016-09-14', 435, 5, 1, b'1'),
('2016-09-14', 436, 5, 1, b'1'),
('2016-09-14', 437, 5, 1, b'1'),
('2016-09-14', 438, 5, 1, b'1'),
('2016-09-14', 439, 5, 1, b'1'),
('2016-09-14', 440, 5, 1, b'1'),
('2016-09-14', 441, 5, 1, b'1'),
('2016-09-14', 442, 5, 1, b'1'),
('2016-09-14', 443, 5, 1, b'1'),
('2016-09-14', 444, 5, 1, b'1'),
('2016-09-14', 445, 5, 1, b'1'),
('2016-09-14', 446, 5, 1, b'1'),
('2016-09-14', 447, 5, 1, b'1'),
('2016-09-14', 448, 5, 1, b'1'),
('2016-09-14', 449, 5, 1, b'1'),
('2016-09-14', 450, 5, 1, b'1'),
('2016-09-14', 451, 5, 1, b'1'),
('2016-09-14', 452, 5, 1, b'1'),
('2016-09-14', 453, 5, 1, b'1'),
('2016-09-14', 454, 5, 1, b'1'),
('2016-09-14', 455, 5, 1, b'1'),
('2016-09-14', 456, 5, 1, b'1'),
('2016-09-14', 457, 5, 1, b'1'),
('2016-09-14', 458, 5, 1, b'1'),
('2016-09-14', 459, 5, 1, b'1'),
('2016-09-14', 460, 5, 1, b'1'),
('2016-09-14', 461, 5, 1, b'1'),
('2016-09-14', 462, 5, 1, b'1'),
('2016-09-14', 463, 5, 1, b'1'),
('2016-09-14', 464, 5, 1, b'1'),
('2016-09-15', 79, 1, 1, b'1'),
('2016-09-15', 79, 13, 1, b'0'),
('2016-09-15', 80, 1, 1, b'1'),
('2016-09-15', 80, 13, 1, b'1'),
('2016-09-15', 81, 1, 1, b'0'),
('2016-09-15', 81, 13, 1, b'0'),
('2016-09-15', 82, 1, 1, b'0'),
('2016-09-15', 82, 13, 1, b'1'),
('2016-09-15', 83, 1, 1, b'0'),
('2016-09-15', 84, 1, 1, b'0'),
('2016-09-15', 85, 1, 1, b'1'),
('2016-09-15', 86, 1, 1, b'1'),
('2016-09-15', 87, 1, 1, b'0'),
('2016-09-15', 88, 1, 1, b'1'),
('2016-09-15', 89, 1, 1, b'0'),
('2016-09-15', 90, 1, 1, b'1'),
('2016-09-15', 91, 1, 1, b'1'),
('2016-09-15', 92, 1, 1, b'0'),
('2016-09-15', 93, 1, 1, b'1'),
('2016-09-15', 94, 1, 1, b'0'),
('2016-09-15', 95, 1, 1, b'1'),
('2016-09-15', 96, 1, 1, b'1'),
('2016-09-15', 97, 1, 1, b'0'),
('2016-09-15', 98, 1, 1, b'1'),
('2016-09-15', 99, 1, 1, b'1'),
('2016-09-15', 100, 1, 1, b'0'),
('2016-09-15', 101, 1, 1, b'1'),
('2016-09-15', 102, 1, 1, b'0'),
('2016-09-15', 103, 1, 1, b'1'),
('2016-09-15', 104, 1, 1, b'0'),
('2016-09-15', 105, 1, 1, b'1'),
('2016-09-15', 106, 1, 1, b'1'),
('2016-09-15', 107, 1, 1, b'1'),
('2016-09-15', 108, 1, 1, b'1'),
('2016-09-15', 109, 1, 1, b'1'),
('2016-09-15', 110, 1, 1, b'1'),
('2016-09-15', 111, 1, 1, b'1'),
('2016-09-15', 112, 1, 1, b'0'),
('2016-09-15', 113, 1, 1, b'1'),
('2016-09-15', 114, 1, 1, b'0'),
('2016-09-15', 115, 1, 1, b'1'),
('2016-09-15', 116, 1, 1, b'1'),
('2016-09-15', 117, 1, 1, b'1'),
('2016-09-15', 118, 1, 1, b'0'),
('2016-09-15', 119, 1, 1, b'1'),
('2016-09-15', 120, 1, 1, b'1'),
('2016-09-15', 121, 1, 1, b'1'),
('2016-09-15', 122, 1, 1, b'1'),
('2016-09-15', 123, 1, 1, b'1'),
('2016-09-15', 124, 1, 1, b'1'),
('2016-09-15', 125, 1, 1, b'0'),
('2016-09-15', 126, 1, 1, b'1'),
('2016-09-15', 127, 1, 1, b'1'),
('2016-09-15', 128, 1, 1, b'1'),
('2016-09-15', 129, 1, 1, b'1'),
('2016-09-15', 130, 1, 1, b'1'),
('2016-09-15', 131, 1, 1, b'1'),
('2016-09-15', 132, 1, 1, b'1'),
('2016-09-15', 133, 1, 1, b'1'),
('2016-09-15', 134, 1, 1, b'0'),
('2016-09-15', 135, 1, 1, b'1'),
('2016-09-15', 136, 1, 1, b'1'),
('2016-09-15', 137, 1, 1, b'1'),
('2016-09-15', 138, 1, 1, b'1'),
('2016-09-15', 139, 1, 1, b'0'),
('2016-09-15', 140, 1, 1, b'1'),
('2016-09-15', 141, 1, 1, b'1'),
('2016-09-15', 142, 1, 1, b'1'),
('2016-09-15', 143, 1, 1, b'0'),
('2016-09-15', 144, 1, 1, b'1'),
('2016-09-15', 145, 1, 1, b'0'),
('2016-09-15', 146, 1, 1, b'1'),
('2016-09-15', 147, 1, 1, b'1'),
('2016-09-15', 148, 1, 1, b'0'),
('2016-09-15', 149, 1, 1, b'1'),
('2016-09-15', 150, 1, 1, b'0'),
('2016-09-15', 151, 1, 1, b'1'),
('2016-09-15', 152, 1, 1, b'1'),
('2016-09-15', 153, 1, 1, b'0'),
('2016-09-15', 154, 1, 1, b'0'),
('2016-09-15', 155, 1, 1, b'0'),
('2016-09-15', 156, 1, 1, b'0'),
('2016-09-17', 388, 4, 1, b'1'),
('2016-09-17', 389, 4, 1, b'0'),
('2016-09-17', 390, 4, 1, b'1'),
('2016-09-17', 391, 4, 1, b'1'),
('2016-09-17', 392, 4, 1, b'0'),
('2016-09-17', 393, 4, 1, b'1'),
('2016-09-17', 394, 4, 1, b'1'),
('2016-09-17', 395, 4, 1, b'1'),
('2016-09-17', 396, 4, 1, b'0'),
('2016-09-17', 397, 4, 1, b'1'),
('2016-09-17', 398, 4, 1, b'1'),
('2016-09-17', 399, 4, 1, b'0'),
('2016-09-17', 400, 4, 1, b'1'),
('2016-09-17', 401, 4, 1, b'0'),
('2016-09-17', 402, 4, 1, b'1'),
('2016-09-17', 403, 4, 1, b'0'),
('2016-09-17', 404, 4, 1, b'1'),
('2016-09-17', 405, 4, 1, b'0'),
('2016-09-17', 406, 4, 1, b'1'),
('2016-09-17', 407, 4, 1, b'1'),
('2016-09-17', 408, 4, 1, b'0'),
('2016-09-17', 409, 4, 1, b'1'),
('2016-09-17', 410, 4, 1, b'1'),
('2016-09-17', 411, 4, 1, b'0'),
('2016-09-17', 412, 4, 1, b'1'),
('2016-09-17', 413, 4, 1, b'1'),
('2016-09-17', 414, 4, 1, b'0'),
('2016-09-17', 415, 4, 1, b'1'),
('2016-09-17', 416, 4, 1, b'1'),
('2016-09-17', 417, 4, 1, b'1'),
('2016-09-17', 418, 4, 1, b'0'),
('2016-09-17', 419, 4, 1, b'1'),
('2016-09-17', 420, 4, 1, b'1'),
('2016-09-17', 421, 4, 1, b'1'),
('2016-09-17', 422, 4, 1, b'0'),
('2016-09-17', 423, 4, 1, b'1'),
('2016-09-17', 424, 4, 1, b'0'),
('2016-09-17', 425, 4, 1, b'1'),
('2016-09-17', 426, 4, 1, b'1'),
('2016-09-17', 427, 4, 1, b'0'),
('2016-09-17', 428, 4, 1, b'1'),
('2016-09-17', 429, 4, 1, b'1'),
('2016-09-17', 430, 4, 1, b'0'),
('2016-09-17', 431, 4, 1, b'1'),
('2016-09-17', 432, 4, 1, b'1'),
('2016-09-17', 433, 4, 1, b'0'),
('2016-09-17', 434, 4, 1, b'1'),
('2016-09-17', 435, 4, 1, b'0'),
('2016-09-17', 436, 4, 1, b'1'),
('2016-09-17', 437, 4, 1, b'1'),
('2016-09-17', 438, 4, 1, b'1'),
('2016-09-17', 439, 4, 1, b'0'),
('2016-09-17', 440, 4, 1, b'1'),
('2016-09-17', 441, 4, 1, b'1'),
('2016-09-17', 442, 4, 1, b'0'),
('2016-09-17', 443, 4, 1, b'1'),
('2016-09-17', 444, 4, 1, b'0'),
('2016-09-17', 445, 4, 1, b'1'),
('2016-09-17', 446, 4, 1, b'1'),
('2016-09-17', 447, 4, 1, b'0'),
('2016-09-17', 448, 4, 1, b'1'),
('2016-09-17', 449, 4, 1, b'1'),
('2016-09-17', 450, 4, 1, b'1'),
('2016-09-17', 451, 4, 1, b'1'),
('2016-09-17', 452, 4, 1, b'0'),
('2016-09-17', 453, 4, 1, b'1'),
('2016-09-17', 454, 4, 1, b'0'),
('2016-09-17', 455, 4, 1, b'1'),
('2016-09-17', 456, 4, 1, b'0'),
('2016-09-17', 457, 4, 1, b'1'),
('2016-09-17', 458, 4, 1, b'1'),
('2016-09-17', 459, 4, 1, b'0'),
('2016-09-17', 460, 4, 1, b'1'),
('2016-09-17', 461, 4, 1, b'1'),
('2016-09-17', 462, 4, 1, b'1'),
('2016-09-17', 463, 4, 1, b'0'),
('2016-09-17', 464, 4, 1, b'0'),
('2016-09-22', 79, 1, 1, b'1'),
('2016-09-22', 80, 1, 1, b'1'),
('2016-09-22', 81, 1, 1, b'1'),
('2016-09-22', 82, 1, 1, b'1'),
('2016-09-22', 83, 1, 1, b'1'),
('2016-09-22', 84, 1, 1, b'1'),
('2016-09-22', 85, 1, 1, b'1'),
('2016-09-22', 86, 1, 1, b'1'),
('2016-09-22', 87, 1, 1, b'1'),
('2016-09-22', 88, 1, 1, b'1'),
('2016-09-22', 89, 1, 1, b'1'),
('2016-09-22', 90, 1, 1, b'1'),
('2016-09-22', 91, 1, 1, b'1'),
('2016-09-22', 92, 1, 1, b'1'),
('2016-09-22', 93, 1, 1, b'1'),
('2016-09-22', 94, 1, 1, b'1'),
('2016-09-22', 95, 1, 1, b'1'),
('2016-09-22', 96, 1, 1, b'1'),
('2016-09-22', 97, 1, 1, b'1'),
('2016-09-22', 98, 1, 1, b'1'),
('2016-09-22', 99, 1, 1, b'1'),
('2016-09-22', 100, 1, 1, b'1'),
('2016-09-22', 101, 1, 1, b'1'),
('2016-09-22', 102, 1, 1, b'1'),
('2016-09-22', 103, 1, 1, b'1'),
('2016-09-22', 104, 1, 1, b'1'),
('2016-09-22', 105, 1, 1, b'1'),
('2016-09-22', 106, 1, 1, b'1'),
('2016-09-22', 107, 1, 1, b'1'),
('2016-09-22', 108, 1, 1, b'1'),
('2016-09-22', 109, 1, 1, b'1'),
('2016-09-22', 110, 1, 1, b'1'),
('2016-09-22', 111, 1, 1, b'1'),
('2016-09-22', 112, 1, 1, b'1'),
('2016-09-22', 113, 1, 1, b'1'),
('2016-09-22', 114, 1, 1, b'1'),
('2016-09-22', 115, 1, 1, b'1'),
('2016-09-22', 116, 1, 1, b'1'),
('2016-09-22', 117, 1, 1, b'1'),
('2016-09-22', 118, 1, 1, b'1'),
('2016-09-22', 119, 1, 1, b'1'),
('2016-09-22', 120, 1, 1, b'1'),
('2016-09-22', 121, 1, 1, b'1'),
('2016-09-22', 122, 1, 1, b'1'),
('2016-09-22', 123, 1, 1, b'1'),
('2016-09-22', 124, 1, 1, b'1'),
('2016-09-22', 125, 1, 1, b'1'),
('2016-09-22', 126, 1, 1, b'1'),
('2016-09-22', 127, 1, 1, b'1'),
('2016-09-22', 128, 1, 1, b'1'),
('2016-09-22', 129, 1, 1, b'1'),
('2016-09-22', 130, 1, 1, b'1'),
('2016-09-22', 131, 1, 1, b'1'),
('2016-09-22', 132, 1, 1, b'1'),
('2016-09-22', 133, 1, 1, b'1'),
('2016-09-22', 134, 1, 1, b'1'),
('2016-09-22', 135, 1, 1, b'1'),
('2016-09-22', 136, 1, 1, b'1'),
('2016-09-22', 137, 1, 1, b'1'),
('2016-09-22', 138, 1, 1, b'1'),
('2016-09-22', 139, 1, 1, b'1'),
('2016-09-22', 140, 1, 1, b'1'),
('2016-09-22', 141, 1, 1, b'1'),
('2016-09-22', 142, 1, 1, b'1'),
('2016-09-22', 143, 1, 1, b'1'),
('2016-09-22', 144, 1, 1, b'1'),
('2016-09-22', 145, 1, 1, b'1'),
('2016-09-22', 146, 1, 1, b'1'),
('2016-09-22', 147, 1, 1, b'1'),
('2016-09-22', 148, 1, 1, b'1'),
('2016-09-22', 149, 1, 1, b'1'),
('2016-09-22', 150, 1, 1, b'1'),
('2016-09-22', 151, 1, 1, b'1'),
('2016-09-22', 152, 1, 1, b'1'),
('2016-09-22', 153, 1, 1, b'1'),
('2016-09-22', 154, 1, 1, b'1'),
('2016-09-22', 155, 1, 1, b'1'),
('2016-09-22', 156, 1, 1, b'1'),
('2016-09-25', 105, 17, 1, b'0'),
('2016-09-25', 106, 17, 1, b'1'),
('2016-09-25', 107, 17, 1, b'1'),
('2016-09-25', 108, 17, 1, b'1'),
('2016-09-25', 109, 17, 1, b'1'),
('2016-09-25', 110, 17, 1, b'1'),
('2016-09-25', 111, 17, 1, b'0'),
('2016-09-25', 112, 17, 1, b'1'),
('2016-09-25', 113, 17, 1, b'1'),
('2016-09-25', 114, 17, 1, b'1'),
('2016-09-25', 115, 17, 1, b'1'),
('2016-09-25', 116, 17, 1, b'1'),
('2016-09-25', 117, 17, 1, b'0'),
('2016-09-25', 118, 17, 1, b'1'),
('2016-09-25', 119, 17, 1, b'1'),
('2016-09-25', 120, 17, 1, b'1'),
('2016-09-25', 121, 17, 1, b'1'),
('2016-09-25', 122, 17, 1, b'0'),
('2016-09-25', 123, 17, 1, b'1'),
('2016-09-25', 124, 17, 1, b'1'),
('2016-09-25', 125, 17, 1, b'1'),
('2016-09-25', 126, 17, 1, b'1'),
('2016-09-25', 127, 17, 1, b'1'),
('2016-09-25', 128, 17, 1, b'1'),
('2016-09-25', 129, 17, 1, b'0'),
('2016-09-25', 130, 17, 1, b'0'),
('2016-10-01', 79, 1, 1, b'1'),
('2016-10-01', 79, 15, 1, b'1'),
('2016-10-01', 79, 16, 1, b'1'),
('2016-10-01', 80, 1, 1, b'0'),
('2016-10-01', 80, 15, 1, b'1'),
('2016-10-01', 80, 16, 1, b'1'),
('2016-10-01', 81, 1, 1, b'1'),
('2016-10-01', 81, 15, 1, b'1'),
('2016-10-01', 81, 16, 1, b'1'),
('2016-10-01', 82, 1, 1, b'0'),
('2016-10-01', 82, 15, 1, b'1'),
('2016-10-01', 82, 16, 1, b'1'),
('2016-10-01', 83, 1, 1, b'1'),
('2016-10-01', 83, 15, 1, b'1'),
('2016-10-01', 83, 16, 1, b'1'),
('2016-10-01', 84, 1, 1, b'1'),
('2016-10-01', 84, 15, 1, b'1'),
('2016-10-01', 84, 16, 1, b'1'),
('2016-10-01', 85, 1, 1, b'1'),
('2016-10-01', 85, 15, 1, b'1'),
('2016-10-01', 85, 16, 1, b'1'),
('2016-10-01', 86, 1, 1, b'1'),
('2016-10-01', 86, 15, 1, b'1'),
('2016-10-01', 86, 16, 1, b'1'),
('2016-10-01', 87, 1, 1, b'1'),
('2016-10-01', 87, 15, 1, b'1'),
('2016-10-01', 87, 16, 1, b'1'),
('2016-10-01', 88, 1, 1, b'0'),
('2016-10-01', 88, 15, 1, b'1'),
('2016-10-01', 88, 16, 1, b'1'),
('2016-10-01', 89, 1, 1, b'1'),
('2016-10-01', 89, 15, 1, b'1'),
('2016-10-01', 89, 16, 1, b'1'),
('2016-10-01', 90, 1, 1, b'0'),
('2016-10-01', 90, 15, 1, b'1'),
('2016-10-01', 90, 16, 1, b'1'),
('2016-10-01', 91, 1, 1, b'1'),
('2016-10-01', 91, 15, 1, b'1'),
('2016-10-01', 91, 16, 1, b'1'),
('2016-10-01', 92, 1, 1, b'1'),
('2016-10-01', 92, 15, 1, b'1'),
('2016-10-01', 92, 16, 1, b'1'),
('2016-10-01', 93, 1, 1, b'1'),
('2016-10-01', 93, 15, 1, b'1'),
('2016-10-01', 93, 16, 1, b'1'),
('2016-10-01', 94, 1, 1, b'1'),
('2016-10-01', 94, 15, 1, b'1'),
('2016-10-01', 94, 16, 1, b'1'),
('2016-10-01', 95, 1, 1, b'1'),
('2016-10-01', 95, 15, 1, b'1'),
('2016-10-01', 95, 16, 1, b'1'),
('2016-10-01', 96, 1, 1, b'0'),
('2016-10-01', 96, 15, 1, b'1'),
('2016-10-01', 96, 16, 1, b'1'),
('2016-10-01', 97, 1, 1, b'1'),
('2016-10-01', 97, 15, 1, b'1'),
('2016-10-01', 97, 16, 1, b'1'),
('2016-10-01', 98, 1, 1, b'1'),
('2016-10-01', 98, 15, 1, b'1'),
('2016-10-01', 98, 16, 1, b'1'),
('2016-10-01', 99, 1, 1, b'1'),
('2016-10-01', 99, 15, 1, b'1'),
('2016-10-01', 99, 16, 1, b'1');
INSERT INTO `Record` (`Date`, `StudentId`, `SubjectId`, `Lec_no`, `PA`) VALUES
('2016-10-01', 100, 1, 1, b'1'),
('2016-10-01', 100, 15, 1, b'1'),
('2016-10-01', 100, 16, 1, b'1'),
('2016-10-01', 101, 1, 1, b'1'),
('2016-10-01', 101, 15, 1, b'1'),
('2016-10-01', 101, 16, 1, b'1'),
('2016-10-01', 102, 1, 1, b'0'),
('2016-10-01', 102, 15, 1, b'1'),
('2016-10-01', 102, 16, 1, b'1'),
('2016-10-01', 103, 1, 1, b'1'),
('2016-10-01', 103, 15, 1, b'1'),
('2016-10-01', 103, 16, 1, b'1'),
('2016-10-01', 104, 1, 1, b'0'),
('2016-10-01', 104, 15, 1, b'1'),
('2016-10-01', 104, 16, 1, b'1'),
('2016-10-01', 105, 1, 1, b'1'),
('2016-10-01', 105, 15, 1, b'1'),
('2016-10-01', 106, 1, 1, b'1'),
('2016-10-01', 106, 15, 1, b'1'),
('2016-10-01', 107, 1, 1, b'1'),
('2016-10-01', 107, 15, 1, b'0'),
('2016-10-01', 108, 1, 1, b'0'),
('2016-10-01', 108, 15, 1, b'1'),
('2016-10-01', 109, 1, 1, b'1'),
('2016-10-01', 109, 15, 1, b'1'),
('2016-10-01', 110, 1, 1, b'1'),
('2016-10-01', 110, 15, 1, b'1'),
('2016-10-01', 111, 1, 1, b'1'),
('2016-10-01', 111, 15, 1, b'0'),
('2016-10-01', 112, 1, 1, b'1'),
('2016-10-01', 112, 15, 1, b'1'),
('2016-10-01', 113, 1, 1, b'0'),
('2016-10-01', 113, 15, 1, b'1'),
('2016-10-01', 114, 1, 1, b'1'),
('2016-10-01', 114, 15, 1, b'1'),
('2016-10-01', 115, 1, 1, b'1'),
('2016-10-01', 115, 15, 1, b'0'),
('2016-10-01', 116, 1, 1, b'1'),
('2016-10-01', 116, 15, 1, b'1'),
('2016-10-01', 117, 1, 1, b'1'),
('2016-10-01', 117, 15, 1, b'1'),
('2016-10-01', 118, 1, 1, b'1'),
('2016-10-01', 118, 15, 1, b'1'),
('2016-10-01', 119, 1, 1, b'1'),
('2016-10-01', 119, 15, 1, b'0'),
('2016-10-01', 120, 1, 1, b'0'),
('2016-10-01', 120, 15, 1, b'1'),
('2016-10-01', 121, 1, 1, b'1'),
('2016-10-01', 121, 15, 1, b'1'),
('2016-10-01', 122, 1, 1, b'1'),
('2016-10-01', 122, 15, 1, b'1'),
('2016-10-01', 123, 1, 1, b'1'),
('2016-10-01', 123, 15, 1, b'0'),
('2016-10-01', 124, 1, 1, b'1'),
('2016-10-01', 124, 15, 1, b'1'),
('2016-10-01', 125, 1, 1, b'1'),
('2016-10-01', 125, 15, 1, b'1'),
('2016-10-01', 126, 1, 1, b'0'),
('2016-10-01', 126, 15, 1, b'1'),
('2016-10-01', 127, 1, 1, b'1'),
('2016-10-01', 127, 15, 1, b'1'),
('2016-10-01', 128, 1, 1, b'0'),
('2016-10-01', 128, 15, 1, b'1'),
('2016-10-01', 129, 1, 1, b'0'),
('2016-10-01', 129, 15, 1, b'0'),
('2016-10-01', 130, 1, 1, b'1'),
('2016-10-01', 131, 1, 1, b'1'),
('2016-10-01', 132, 1, 1, b'1'),
('2016-10-01', 133, 1, 1, b'1'),
('2016-10-01', 134, 1, 1, b'0'),
('2016-10-01', 135, 1, 1, b'1'),
('2016-10-01', 136, 1, 1, b'1'),
('2016-10-01', 137, 1, 1, b'1'),
('2016-10-01', 138, 1, 1, b'1'),
('2016-10-01', 139, 1, 1, b'1'),
('2016-10-01', 140, 1, 1, b'0'),
('2016-10-01', 141, 1, 1, b'1'),
('2016-10-01', 142, 1, 1, b'1'),
('2016-10-01', 143, 1, 1, b'1'),
('2016-10-01', 144, 1, 1, b'1'),
('2016-10-01', 145, 1, 1, b'1'),
('2016-10-01', 146, 1, 1, b'1'),
('2016-10-01', 147, 1, 1, b'0'),
('2016-10-01', 148, 1, 1, b'1'),
('2016-10-01', 149, 1, 1, b'1'),
('2016-10-01', 150, 1, 1, b'0'),
('2016-10-01', 151, 1, 1, b'0'),
('2016-10-01', 152, 1, 1, b'1'),
('2016-10-01', 153, 1, 1, b'0'),
('2016-10-01', 154, 1, 1, b'0'),
('2016-10-01', 155, 1, 1, b'0'),
('2016-10-01', 156, 1, 1, b'0'),
('2016-10-01', 388, 4, 1, b'1'),
('2016-10-01', 388, 14, 1, b'1'),
('2016-10-01', 389, 4, 1, b'0'),
('2016-10-01', 389, 14, 1, b'1'),
('2016-10-01', 390, 4, 1, b'1'),
('2016-10-01', 390, 14, 1, b'0'),
('2016-10-01', 391, 4, 1, b'1'),
('2016-10-01', 391, 14, 1, b'1'),
('2016-10-01', 392, 4, 1, b'1'),
('2016-10-01', 392, 14, 1, b'1'),
('2016-10-01', 393, 4, 1, b'0'),
('2016-10-01', 393, 14, 1, b'1'),
('2016-10-01', 394, 4, 1, b'1'),
('2016-10-01', 394, 14, 1, b'0'),
('2016-10-01', 395, 4, 1, b'1'),
('2016-10-01', 395, 14, 1, b'1'),
('2016-10-01', 396, 4, 1, b'1'),
('2016-10-01', 396, 14, 1, b'1'),
('2016-10-01', 397, 4, 1, b'1'),
('2016-10-01', 397, 14, 1, b'1'),
('2016-10-01', 398, 4, 1, b'1'),
('2016-10-01', 398, 14, 1, b'0'),
('2016-10-01', 399, 4, 1, b'1'),
('2016-10-01', 399, 14, 1, b'1'),
('2016-10-01', 400, 4, 1, b'1'),
('2016-10-01', 400, 14, 1, b'1'),
('2016-10-01', 401, 4, 1, b'0'),
('2016-10-01', 401, 14, 1, b'1'),
('2016-10-01', 402, 4, 1, b'1'),
('2016-10-01', 402, 14, 1, b'1'),
('2016-10-01', 403, 4, 1, b'0'),
('2016-10-01', 403, 14, 1, b'0'),
('2016-10-01', 404, 4, 1, b'1'),
('2016-10-01', 404, 14, 1, b'1'),
('2016-10-01', 405, 4, 1, b'1'),
('2016-10-01', 405, 14, 1, b'1'),
('2016-10-01', 406, 4, 1, b'1'),
('2016-10-01', 406, 14, 1, b'1'),
('2016-10-01', 407, 4, 1, b'0'),
('2016-10-01', 407, 14, 1, b'1'),
('2016-10-01', 408, 4, 1, b'1'),
('2016-10-01', 408, 14, 1, b'0'),
('2016-10-01', 409, 4, 1, b'1'),
('2016-10-01', 409, 14, 1, b'1'),
('2016-10-01', 410, 4, 1, b'1'),
('2016-10-01', 410, 14, 1, b'1'),
('2016-10-01', 411, 4, 1, b'1'),
('2016-10-01', 411, 14, 1, b'0'),
('2016-10-01', 412, 4, 1, b'0'),
('2016-10-01', 412, 14, 1, b'1'),
('2016-10-01', 413, 4, 1, b'1'),
('2016-10-01', 413, 14, 1, b'0'),
('2016-10-01', 414, 4, 1, b'1'),
('2016-10-01', 415, 4, 1, b'1'),
('2016-10-01', 416, 4, 1, b'1'),
('2016-10-01', 417, 4, 1, b'0'),
('2016-10-01', 418, 4, 1, b'1'),
('2016-10-01', 419, 4, 1, b'1'),
('2016-10-01', 420, 4, 1, b'1'),
('2016-10-01', 421, 4, 1, b'0'),
('2016-10-01', 422, 4, 1, b'1'),
('2016-10-01', 423, 4, 1, b'1'),
('2016-10-01', 424, 4, 1, b'1'),
('2016-10-01', 425, 4, 1, b'1'),
('2016-10-01', 426, 4, 1, b'0'),
('2016-10-01', 427, 4, 1, b'1'),
('2016-10-01', 428, 4, 1, b'1'),
('2016-10-01', 429, 4, 1, b'1'),
('2016-10-01', 430, 4, 1, b'0'),
('2016-10-01', 431, 4, 1, b'1'),
('2016-10-01', 432, 4, 1, b'1'),
('2016-10-01', 433, 4, 1, b'1'),
('2016-10-01', 434, 4, 1, b'1'),
('2016-10-01', 435, 4, 1, b'0'),
('2016-10-01', 436, 4, 1, b'1'),
('2016-10-01', 437, 4, 1, b'1'),
('2016-10-01', 438, 4, 1, b'1'),
('2016-10-01', 439, 4, 1, b'1'),
('2016-10-01', 440, 4, 1, b'0'),
('2016-10-01', 441, 4, 1, b'1'),
('2016-10-01', 442, 4, 1, b'1'),
('2016-10-01', 443, 4, 1, b'1'),
('2016-10-01', 444, 4, 1, b'1'),
('2016-10-01', 445, 4, 1, b'1'),
('2016-10-01', 446, 4, 1, b'0'),
('2016-10-01', 447, 4, 1, b'1'),
('2016-10-01', 448, 4, 1, b'1'),
('2016-10-01', 449, 4, 1, b'1'),
('2016-10-01', 450, 4, 1, b'1'),
('2016-10-01', 451, 4, 1, b'1'),
('2016-10-01', 452, 4, 1, b'0'),
('2016-10-01', 453, 4, 1, b'1'),
('2016-10-01', 454, 4, 1, b'1'),
('2016-10-01', 455, 4, 1, b'1'),
('2016-10-01', 456, 4, 1, b'1'),
('2016-10-01', 457, 4, 1, b'1'),
('2016-10-01', 458, 4, 1, b'1'),
('2016-10-01', 459, 4, 1, b'0'),
('2016-10-01', 460, 4, 1, b'1'),
('2016-10-01', 461, 4, 1, b'0'),
('2016-10-01', 462, 4, 1, b'1'),
('2016-10-01', 463, 4, 1, b'0'),
('2016-10-01', 464, 4, 1, b'0'),
('2016-10-05', 79, 1, 1, b'1'),
('2016-10-05', 80, 1, 1, b'1'),
('2016-10-05', 81, 1, 1, b'0'),
('2016-10-05', 82, 1, 1, b'1'),
('2016-10-05', 83, 1, 1, b'1'),
('2016-10-05', 84, 1, 1, b'1'),
('2016-10-05', 85, 1, 1, b'1'),
('2016-10-05', 86, 1, 1, b'1'),
('2016-10-05', 87, 1, 1, b'1'),
('2016-10-05', 88, 1, 1, b'1'),
('2016-10-05', 89, 1, 1, b'1'),
('2016-10-05', 90, 1, 1, b'1'),
('2016-10-05', 91, 1, 1, b'1'),
('2016-10-05', 92, 1, 1, b'1'),
('2016-10-05', 93, 1, 1, b'1'),
('2016-10-05', 94, 1, 1, b'1'),
('2016-10-05', 95, 1, 1, b'1'),
('2016-10-05', 96, 1, 1, b'1'),
('2016-10-05', 97, 1, 1, b'1'),
('2016-10-05', 98, 1, 1, b'1'),
('2016-10-05', 99, 1, 1, b'0'),
('2016-10-05', 100, 1, 1, b'1'),
('2016-10-05', 101, 1, 1, b'1'),
('2016-10-05', 102, 1, 1, b'1'),
('2016-10-05', 103, 1, 1, b'1'),
('2016-10-05', 104, 1, 1, b'1'),
('2016-10-05', 105, 1, 1, b'1'),
('2016-10-05', 106, 1, 1, b'1'),
('2016-10-05', 107, 1, 1, b'1'),
('2016-10-05', 108, 1, 1, b'1'),
('2016-10-05', 109, 1, 1, b'1'),
('2016-10-05', 110, 1, 1, b'1'),
('2016-10-05', 111, 1, 1, b'1'),
('2016-10-05', 112, 1, 1, b'1'),
('2016-10-05', 113, 1, 1, b'1'),
('2016-10-05', 114, 1, 1, b'1'),
('2016-10-05', 115, 1, 1, b'1'),
('2016-10-05', 116, 1, 1, b'1'),
('2016-10-05', 117, 1, 1, b'1'),
('2016-10-05', 118, 1, 1, b'1'),
('2016-10-05', 119, 1, 1, b'1'),
('2016-10-05', 120, 1, 1, b'1'),
('2016-10-05', 121, 1, 1, b'1'),
('2016-10-05', 122, 1, 1, b'1'),
('2016-10-05', 123, 1, 1, b'1'),
('2016-10-05', 124, 1, 1, b'1'),
('2016-10-05', 125, 1, 1, b'1'),
('2016-10-05', 126, 1, 1, b'1'),
('2016-10-05', 127, 1, 1, b'1'),
('2016-10-05', 128, 1, 1, b'1'),
('2016-10-05', 129, 1, 1, b'1'),
('2016-10-05', 130, 1, 1, b'1'),
('2016-10-05', 131, 1, 1, b'1'),
('2016-10-05', 132, 1, 1, b'1'),
('2016-10-05', 133, 1, 1, b'1'),
('2016-10-05', 134, 1, 1, b'1'),
('2016-10-05', 135, 1, 1, b'1'),
('2016-10-05', 136, 1, 1, b'1'),
('2016-10-05', 137, 1, 1, b'1'),
('2016-10-05', 138, 1, 1, b'1'),
('2016-10-05', 139, 1, 1, b'1'),
('2016-10-05', 140, 1, 1, b'1'),
('2016-10-05', 141, 1, 1, b'1'),
('2016-10-05', 142, 1, 1, b'1'),
('2016-10-05', 143, 1, 1, b'1'),
('2016-10-05', 144, 1, 1, b'1'),
('2016-10-05', 145, 1, 1, b'1'),
('2016-10-05', 146, 1, 1, b'1'),
('2016-10-05', 147, 1, 1, b'1'),
('2016-10-05', 148, 1, 1, b'1'),
('2016-10-05', 149, 1, 1, b'1'),
('2016-10-05', 150, 1, 1, b'1'),
('2016-10-05', 151, 1, 1, b'1'),
('2016-10-05', 152, 1, 1, b'1'),
('2016-10-05', 153, 1, 1, b'1'),
('2016-10-05', 154, 1, 1, b'1'),
('2016-10-05', 155, 1, 1, b'1'),
('2016-10-05', 156, 1, 1, b'0'),
('2016-10-05', 546, 1, 1, b'1'),
('2016-10-07', 79, 1, 1, b'1'),
('2016-10-07', 80, 1, 1, b'1'),
('2016-10-07', 81, 1, 1, b'1'),
('2016-10-07', 82, 1, 1, b'0'),
('2016-10-07', 83, 1, 1, b'0'),
('2016-10-07', 84, 1, 1, b'1'),
('2016-10-07', 85, 1, 1, b'1'),
('2016-10-07', 86, 1, 1, b'1'),
('2016-10-07', 87, 1, 1, b'0'),
('2016-10-07', 88, 1, 1, b'1'),
('2016-10-07', 89, 1, 1, b'1'),
('2016-10-07', 90, 1, 1, b'1'),
('2016-10-07', 91, 1, 1, b'0'),
('2016-10-07', 92, 1, 1, b'1'),
('2016-10-07', 93, 1, 1, b'1'),
('2016-10-07', 94, 1, 1, b'0'),
('2016-10-07', 95, 1, 1, b'1'),
('2016-10-07', 96, 1, 1, b'1'),
('2016-10-07', 97, 1, 1, b'1'),
('2016-10-07', 98, 1, 1, b'0'),
('2016-10-07', 99, 1, 1, b'1'),
('2016-10-07', 100, 1, 1, b'1'),
('2016-10-07', 101, 1, 1, b'1'),
('2016-10-07', 102, 1, 1, b'1'),
('2016-10-07', 103, 1, 1, b'0'),
('2016-10-07', 104, 1, 1, b'1'),
('2016-10-07', 105, 1, 1, b'1'),
('2016-10-07', 106, 1, 1, b'1'),
('2016-10-07', 107, 1, 1, b'1'),
('2016-10-07', 108, 1, 1, b'1'),
('2016-10-07', 109, 1, 1, b'1'),
('2016-10-07', 110, 1, 1, b'1'),
('2016-10-07', 111, 1, 1, b'1'),
('2016-10-07', 112, 1, 1, b'1'),
('2016-10-07', 113, 1, 1, b'1'),
('2016-10-07', 114, 1, 1, b'1'),
('2016-10-07', 115, 1, 1, b'1'),
('2016-10-07', 116, 1, 1, b'1'),
('2016-10-07', 117, 1, 1, b'1'),
('2016-10-07', 118, 1, 1, b'1'),
('2016-10-07', 119, 1, 1, b'1'),
('2016-10-07', 120, 1, 1, b'1'),
('2016-10-07', 121, 1, 1, b'1'),
('2016-10-07', 122, 1, 1, b'1'),
('2016-10-07', 123, 1, 1, b'1'),
('2016-10-07', 124, 1, 1, b'1'),
('2016-10-07', 125, 1, 1, b'1'),
('2016-10-07', 126, 1, 1, b'1'),
('2016-10-07', 127, 1, 1, b'1'),
('2016-10-07', 128, 1, 1, b'1'),
('2016-10-07', 129, 1, 1, b'1'),
('2016-10-07', 130, 1, 1, b'1'),
('2016-10-07', 131, 1, 1, b'1'),
('2016-10-07', 132, 1, 1, b'1'),
('2016-10-07', 133, 1, 1, b'1'),
('2016-10-07', 134, 1, 1, b'1'),
('2016-10-07', 135, 1, 1, b'1'),
('2016-10-07', 136, 1, 1, b'1'),
('2016-10-07', 137, 1, 1, b'1'),
('2016-10-07', 138, 1, 1, b'1'),
('2016-10-07', 139, 1, 1, b'1'),
('2016-10-07', 140, 1, 1, b'1'),
('2016-10-07', 141, 1, 1, b'1'),
('2016-10-07', 142, 1, 1, b'1'),
('2016-10-07', 143, 1, 1, b'1'),
('2016-10-07', 144, 1, 1, b'1'),
('2016-10-07', 145, 1, 1, b'1'),
('2016-10-07', 146, 1, 1, b'1'),
('2016-10-07', 147, 1, 1, b'1'),
('2016-10-07', 148, 1, 1, b'1'),
('2016-10-07', 149, 1, 1, b'1'),
('2016-10-07', 150, 1, 1, b'1'),
('2016-10-07', 151, 1, 1, b'1'),
('2016-10-07', 152, 1, 1, b'1'),
('2016-10-07', 153, 1, 1, b'1'),
('2016-10-07', 154, 1, 1, b'1'),
('2016-10-07', 155, 1, 1, b'1'),
('2016-10-07', 156, 1, 1, b'1'),
('2016-10-07', 546, 1, 1, b'1'),
('2016-10-10', 79, 13, 1, b'1'),
('2016-10-10', 80, 13, 1, b'0'),
('2016-10-10', 81, 13, 1, b'1'),
('2016-10-10', 82, 13, 1, b'1'),
('2016-10-10', 83, 13, 1, b'1'),
('2016-10-10', 84, 13, 1, b'0'),
('2016-10-10', 85, 13, 1, b'1'),
('2016-10-10', 86, 13, 1, b'1'),
('2016-10-10', 87, 13, 1, b'1'),
('2016-10-10', 88, 13, 1, b'1'),
('2016-10-10', 89, 13, 1, b'1'),
('2016-10-10', 90, 13, 1, b'1'),
('2016-10-10', 91, 13, 1, b'1'),
('2016-10-10', 92, 13, 1, b'1'),
('2016-10-10', 93, 13, 1, b'1'),
('2016-10-10', 94, 13, 1, b'1'),
('2016-10-10', 95, 13, 1, b'1'),
('2016-10-10', 96, 13, 1, b'1'),
('2016-10-10', 97, 13, 1, b'1'),
('2016-10-10', 98, 13, 1, b'1'),
('2016-10-10', 99, 13, 1, b'1'),
('2016-10-10', 100, 13, 1, b'1'),
('2016-10-10', 101, 13, 1, b'1'),
('2016-10-10', 102, 13, 1, b'1'),
('2016-10-10', 103, 13, 1, b'1'),
('2016-10-10', 104, 13, 1, b'1'),
('2016-10-17', 105, 17, 1, b'1'),
('2016-10-17', 106, 17, 1, b'1'),
('2016-10-17', 107, 17, 1, b'0'),
('2016-10-17', 108, 17, 1, b'1'),
('2016-10-17', 109, 17, 1, b'1'),
('2016-10-17', 110, 17, 1, b'1'),
('2016-10-17', 111, 17, 1, b'1'),
('2016-10-17', 112, 17, 1, b'1'),
('2016-10-17', 113, 17, 1, b'1'),
('2016-10-17', 114, 17, 1, b'1'),
('2016-10-17', 115, 17, 1, b'1'),
('2016-10-17', 116, 17, 1, b'1'),
('2016-10-17', 117, 17, 1, b'1'),
('2016-10-17', 118, 17, 1, b'1'),
('2016-10-17', 119, 17, 1, b'1'),
('2016-10-17', 120, 17, 1, b'1'),
('2016-10-17', 121, 17, 1, b'1'),
('2016-10-17', 122, 17, 1, b'0'),
('2016-10-17', 123, 17, 1, b'1'),
('2016-10-17', 124, 17, 1, b'1'),
('2016-10-17', 125, 17, 1, b'1'),
('2016-10-17', 126, 17, 1, b'1'),
('2016-10-17', 127, 17, 1, b'1'),
('2016-10-17', 128, 17, 1, b'1'),
('2016-10-17', 129, 17, 1, b'0'),
('2016-11-01', 79, 1, 1, b'1'),
('2016-11-01', 80, 1, 1, b'1'),
('2016-11-01', 81, 1, 1, b'1'),
('2016-11-01', 82, 1, 1, b'1'),
('2016-11-01', 83, 1, 1, b'1'),
('2016-11-01', 84, 1, 1, b'1'),
('2016-11-01', 85, 1, 1, b'1'),
('2016-11-01', 86, 1, 1, b'1'),
('2016-11-01', 87, 1, 1, b'1'),
('2016-11-01', 88, 1, 1, b'1'),
('2016-11-01', 89, 1, 1, b'1'),
('2016-11-01', 90, 1, 1, b'1'),
('2016-11-01', 91, 1, 1, b'1'),
('2016-11-01', 92, 1, 1, b'1'),
('2016-11-01', 93, 1, 1, b'1'),
('2016-11-01', 94, 1, 1, b'1'),
('2016-11-01', 95, 1, 1, b'1'),
('2016-11-01', 96, 1, 1, b'1'),
('2016-11-01', 97, 1, 1, b'1'),
('2016-11-01', 98, 1, 1, b'1'),
('2016-11-01', 99, 1, 1, b'1'),
('2016-11-01', 100, 1, 1, b'1'),
('2016-11-01', 101, 1, 1, b'1'),
('2016-11-01', 102, 1, 1, b'1'),
('2016-11-01', 103, 1, 1, b'1'),
('2016-11-01', 104, 1, 1, b'1'),
('2016-11-01', 105, 1, 1, b'1'),
('2016-11-01', 106, 1, 1, b'1'),
('2016-11-01', 107, 1, 1, b'1'),
('2016-11-01', 108, 1, 1, b'1'),
('2016-11-01', 109, 1, 1, b'1'),
('2016-11-01', 110, 1, 1, b'1'),
('2016-11-01', 111, 1, 1, b'1'),
('2016-11-01', 112, 1, 1, b'1'),
('2016-11-01', 113, 1, 1, b'1'),
('2016-11-01', 114, 1, 1, b'1'),
('2016-11-01', 115, 1, 1, b'1'),
('2016-11-01', 116, 1, 1, b'1'),
('2016-11-01', 117, 1, 1, b'1'),
('2016-11-01', 118, 1, 1, b'1'),
('2016-11-01', 119, 1, 1, b'1'),
('2016-11-01', 120, 1, 1, b'1'),
('2016-11-01', 121, 1, 1, b'1'),
('2016-11-01', 122, 1, 1, b'1'),
('2016-11-01', 123, 1, 1, b'1'),
('2016-11-01', 124, 1, 1, b'1'),
('2016-11-01', 125, 1, 1, b'1'),
('2016-11-01', 126, 1, 1, b'1'),
('2016-11-01', 127, 1, 1, b'1'),
('2016-11-01', 128, 1, 1, b'1'),
('2016-11-01', 129, 1, 1, b'1'),
('2016-11-01', 130, 1, 1, b'1'),
('2016-11-01', 131, 1, 1, b'1'),
('2016-11-01', 132, 1, 1, b'1'),
('2016-11-01', 133, 1, 1, b'1'),
('2016-11-01', 134, 1, 1, b'1'),
('2016-11-01', 135, 1, 1, b'1'),
('2016-11-01', 136, 1, 1, b'1'),
('2016-11-01', 137, 1, 1, b'1'),
('2016-11-01', 138, 1, 1, b'1'),
('2016-11-01', 139, 1, 1, b'1'),
('2016-11-01', 140, 1, 1, b'1'),
('2016-11-01', 141, 1, 1, b'1'),
('2016-11-01', 142, 1, 1, b'1'),
('2016-11-01', 143, 1, 1, b'1'),
('2016-11-01', 144, 1, 1, b'1'),
('2016-11-01', 145, 1, 1, b'1'),
('2016-11-01', 146, 1, 1, b'1'),
('2016-11-01', 147, 1, 1, b'1'),
('2016-11-01', 148, 1, 1, b'1'),
('2016-11-01', 149, 1, 1, b'1'),
('2016-11-01', 150, 1, 1, b'1'),
('2016-11-01', 151, 1, 1, b'1'),
('2016-11-01', 152, 1, 1, b'1'),
('2016-11-01', 153, 1, 1, b'1'),
('2016-11-01', 154, 1, 1, b'1'),
('2016-11-01', 155, 1, 1, b'0'),
('2016-11-01', 156, 1, 1, b'1'),
('2016-11-01', 546, 1, 1, b'1'),
('2016-11-05', 79, 1, 1, b'1'),
('2016-11-05', 79, 13, 1, b'1'),
('2016-11-05', 80, 1, 1, b'1'),
('2016-11-05', 80, 13, 1, b'1'),
('2016-11-05', 81, 1, 1, b'1'),
('2016-11-05', 81, 13, 1, b'1'),
('2016-11-05', 82, 1, 1, b'0'),
('2016-11-05', 82, 13, 1, b'1'),
('2016-11-05', 83, 1, 1, b'1'),
('2016-11-05', 83, 13, 1, b'1'),
('2016-11-05', 84, 1, 1, b'0'),
('2016-11-05', 84, 13, 1, b'1'),
('2016-11-05', 85, 1, 1, b'1'),
('2016-11-05', 85, 13, 1, b'1'),
('2016-11-05', 86, 1, 1, b'1'),
('2016-11-05', 86, 13, 1, b'1'),
('2016-11-05', 87, 1, 1, b'1'),
('2016-11-05', 87, 13, 1, b'1'),
('2016-11-05', 88, 1, 1, b'1'),
('2016-11-05', 88, 13, 1, b'1'),
('2016-11-05', 89, 1, 1, b'1'),
('2016-11-05', 89, 13, 1, b'1'),
('2016-11-05', 90, 1, 1, b'1'),
('2016-11-05', 90, 13, 1, b'1'),
('2016-11-05', 91, 1, 1, b'0'),
('2016-11-05', 91, 13, 1, b'1'),
('2016-11-05', 92, 1, 1, b'1'),
('2016-11-05', 92, 13, 1, b'1'),
('2016-11-05', 93, 1, 1, b'1'),
('2016-11-05', 93, 13, 1, b'1'),
('2016-11-05', 94, 1, 1, b'1'),
('2016-11-05', 94, 13, 1, b'1'),
('2016-11-05', 95, 1, 1, b'1'),
('2016-11-05', 95, 13, 1, b'1'),
('2016-11-05', 96, 1, 1, b'1'),
('2016-11-05', 96, 13, 1, b'1'),
('2016-11-05', 97, 1, 1, b'1'),
('2016-11-05', 97, 13, 1, b'1'),
('2016-11-05', 98, 1, 1, b'1'),
('2016-11-05', 98, 13, 1, b'1'),
('2016-11-05', 99, 1, 1, b'1'),
('2016-11-05', 99, 13, 1, b'1'),
('2016-11-05', 100, 1, 1, b'0'),
('2016-11-05', 100, 13, 1, b'1'),
('2016-11-05', 101, 1, 1, b'1'),
('2016-11-05', 101, 13, 1, b'1'),
('2016-11-05', 102, 1, 1, b'1'),
('2016-11-05', 102, 13, 1, b'1'),
('2016-11-05', 103, 1, 1, b'0'),
('2016-11-05', 103, 13, 1, b'1'),
('2016-11-05', 104, 1, 1, b'1'),
('2016-11-05', 104, 13, 1, b'0'),
('2016-11-05', 105, 1, 1, b'0'),
('2016-11-05', 106, 1, 1, b'1'),
('2016-11-05', 107, 1, 1, b'1'),
('2016-11-05', 108, 1, 1, b'1'),
('2016-11-05', 109, 1, 1, b'1'),
('2016-11-05', 110, 1, 1, b'0'),
('2016-11-05', 111, 1, 1, b'1'),
('2016-11-05', 112, 1, 1, b'1'),
('2016-11-05', 113, 1, 1, b'1'),
('2016-11-05', 114, 1, 1, b'1'),
('2016-11-05', 115, 1, 1, b'1'),
('2016-11-05', 116, 1, 1, b'1'),
('2016-11-05', 117, 1, 1, b'1'),
('2016-11-05', 118, 1, 1, b'0'),
('2016-11-05', 119, 1, 1, b'1'),
('2016-11-05', 120, 1, 1, b'1'),
('2016-11-05', 121, 1, 1, b'1'),
('2016-11-05', 122, 1, 1, b'1'),
('2016-11-05', 123, 1, 1, b'1'),
('2016-11-05', 124, 1, 1, b'1'),
('2016-11-05', 125, 1, 1, b'1'),
('2016-11-05', 126, 1, 1, b'0'),
('2016-11-05', 127, 1, 1, b'1'),
('2016-11-05', 128, 1, 1, b'1'),
('2016-11-05', 129, 1, 1, b'0'),
('2016-11-05', 130, 1, 1, b'1'),
('2016-11-05', 131, 1, 1, b'1'),
('2016-11-05', 132, 1, 1, b'0'),
('2016-11-05', 133, 1, 1, b'1'),
('2016-11-05', 134, 1, 1, b'1'),
('2016-11-05', 135, 1, 1, b'1'),
('2016-11-05', 136, 1, 1, b'1'),
('2016-11-05', 137, 1, 1, b'1'),
('2016-11-05', 138, 1, 1, b'1'),
('2016-11-05', 139, 1, 1, b'1'),
('2016-11-05', 140, 1, 1, b'0'),
('2016-11-05', 141, 1, 1, b'1'),
('2016-11-05', 142, 1, 1, b'1'),
('2016-11-05', 143, 1, 1, b'1'),
('2016-11-05', 144, 1, 1, b'1'),
('2016-11-05', 145, 1, 1, b'1'),
('2016-11-05', 146, 1, 1, b'1'),
('2016-11-05', 147, 1, 1, b'1'),
('2016-11-05', 148, 1, 1, b'0'),
('2016-11-05', 149, 1, 1, b'1'),
('2016-11-05', 150, 1, 1, b'1'),
('2016-11-05', 151, 1, 1, b'1'),
('2016-11-05', 152, 1, 1, b'1'),
('2016-11-05', 153, 1, 1, b'0'),
('2016-11-05', 154, 1, 1, b'1'),
('2016-11-05', 155, 1, 1, b'1'),
('2016-11-05', 156, 1, 1, b'0'),
('2016-11-05', 388, 4, 1, b'0'),
('2016-11-05', 389, 4, 1, b'1'),
('2016-11-05', 390, 4, 1, b'1'),
('2016-11-05', 391, 4, 1, b'1'),
('2016-11-05', 392, 4, 1, b'1'),
('2016-11-05', 393, 4, 1, b'1'),
('2016-11-05', 394, 4, 1, b'1'),
('2016-11-05', 395, 4, 1, b'1'),
('2016-11-05', 396, 4, 1, b'1'),
('2016-11-05', 397, 4, 1, b'1'),
('2016-11-05', 398, 4, 1, b'1'),
('2016-11-05', 399, 4, 1, b'1'),
('2016-11-05', 400, 4, 1, b'1'),
('2016-11-05', 401, 4, 1, b'1'),
('2016-11-05', 402, 4, 1, b'1'),
('2016-11-05', 403, 4, 1, b'1'),
('2016-11-05', 404, 4, 1, b'1'),
('2016-11-05', 405, 4, 1, b'1'),
('2016-11-05', 406, 4, 1, b'1'),
('2016-11-05', 407, 4, 1, b'1'),
('2016-11-05', 408, 4, 1, b'1'),
('2016-11-05', 409, 4, 1, b'1'),
('2016-11-05', 410, 4, 1, b'1'),
('2016-11-05', 411, 4, 1, b'1'),
('2016-11-05', 412, 4, 1, b'1'),
('2016-11-05', 413, 4, 1, b'1'),
('2016-11-05', 414, 4, 1, b'1'),
('2016-11-05', 415, 4, 1, b'1'),
('2016-11-05', 416, 4, 1, b'1'),
('2016-11-05', 417, 4, 1, b'1'),
('2016-11-05', 418, 4, 1, b'1'),
('2016-11-05', 419, 4, 1, b'1'),
('2016-11-05', 420, 4, 1, b'1'),
('2016-11-05', 421, 4, 1, b'1'),
('2016-11-05', 422, 4, 1, b'1'),
('2016-11-05', 423, 4, 1, b'1'),
('2016-11-05', 424, 4, 1, b'1'),
('2016-11-05', 425, 4, 1, b'1'),
('2016-11-05', 426, 4, 1, b'1'),
('2016-11-05', 427, 4, 1, b'1'),
('2016-11-05', 428, 4, 1, b'1'),
('2016-11-05', 429, 4, 1, b'1'),
('2016-11-05', 430, 4, 1, b'1'),
('2016-11-05', 431, 4, 1, b'1'),
('2016-11-05', 432, 4, 1, b'1'),
('2016-11-05', 433, 4, 1, b'1'),
('2016-11-05', 434, 4, 1, b'1'),
('2016-11-05', 435, 4, 1, b'1'),
('2016-11-05', 436, 4, 1, b'1'),
('2016-11-05', 437, 4, 1, b'1'),
('2016-11-05', 438, 4, 1, b'1'),
('2016-11-05', 439, 4, 1, b'1'),
('2016-11-05', 440, 4, 1, b'1'),
('2016-11-05', 441, 4, 1, b'1'),
('2016-11-05', 442, 4, 1, b'1'),
('2016-11-05', 443, 4, 1, b'1'),
('2016-11-05', 444, 4, 1, b'1'),
('2016-11-05', 445, 4, 1, b'1'),
('2016-11-05', 446, 4, 1, b'1'),
('2016-11-05', 447, 4, 1, b'1'),
('2016-11-05', 448, 4, 1, b'1'),
('2016-11-05', 449, 4, 1, b'1'),
('2016-11-05', 450, 4, 1, b'1'),
('2016-11-05', 451, 4, 1, b'1'),
('2016-11-05', 452, 4, 1, b'1'),
('2016-11-05', 453, 4, 1, b'1'),
('2016-11-05', 454, 4, 1, b'1'),
('2016-11-05', 455, 4, 1, b'1'),
('2016-11-05', 456, 4, 1, b'1'),
('2016-11-05', 457, 4, 1, b'1'),
('2016-11-05', 458, 4, 1, b'1'),
('2016-11-05', 459, 4, 1, b'1'),
('2016-11-05', 460, 4, 1, b'1'),
('2016-11-05', 461, 4, 1, b'1'),
('2016-11-05', 462, 4, 1, b'1'),
('2016-11-05', 463, 4, 1, b'1'),
('2016-11-05', 464, 4, 1, b'1'),
('2016-11-05', 546, 1, 1, b'1'),
('2016-11-07', 388, 4, 1, b'1'),
('2016-11-07', 389, 4, 1, b'1'),
('2016-11-07', 390, 4, 1, b'1'),
('2016-11-07', 391, 4, 1, b'1'),
('2016-11-07', 392, 4, 1, b'0'),
('2016-11-07', 393, 4, 1, b'1'),
('2016-11-07', 394, 4, 1, b'1'),
('2016-11-07', 395, 4, 1, b'1'),
('2016-11-07', 396, 4, 1, b'0'),
('2016-11-07', 397, 4, 1, b'1'),
('2016-11-07', 398, 4, 1, b'1'),
('2016-11-07', 399, 4, 1, b'1'),
('2016-11-07', 400, 4, 1, b'1'),
('2016-11-07', 401, 4, 1, b'0'),
('2016-11-07', 402, 4, 1, b'1'),
('2016-11-07', 403, 4, 1, b'1'),
('2016-11-07', 404, 4, 1, b'1'),
('2016-11-07', 405, 4, 1, b'1'),
('2016-11-07', 406, 4, 1, b'1'),
('2016-11-07', 407, 4, 1, b'0'),
('2016-11-07', 408, 4, 1, b'1'),
('2016-11-07', 409, 4, 1, b'1'),
('2016-11-07', 410, 4, 1, b'1'),
('2016-11-07', 411, 4, 1, b'0'),
('2016-11-07', 412, 4, 1, b'1'),
('2016-11-07', 413, 4, 1, b'1'),
('2016-11-07', 414, 4, 1, b'1'),
('2016-11-07', 415, 4, 1, b'1'),
('2016-11-07', 416, 4, 1, b'1'),
('2016-11-07', 417, 4, 1, b'1'),
('2016-11-07', 418, 4, 1, b'1'),
('2016-11-07', 419, 4, 1, b'1'),
('2016-11-07', 420, 4, 1, b'1'),
('2016-11-07', 421, 4, 1, b'1'),
('2016-11-07', 422, 4, 1, b'1'),
('2016-11-07', 423, 4, 1, b'1'),
('2016-11-07', 424, 4, 1, b'1'),
('2016-11-07', 425, 4, 1, b'1'),
('2016-11-07', 426, 4, 1, b'1'),
('2016-11-07', 427, 4, 1, b'1'),
('2016-11-07', 428, 4, 1, b'1'),
('2016-11-07', 429, 4, 1, b'1'),
('2016-11-07', 430, 4, 1, b'1'),
('2016-11-07', 431, 4, 1, b'1'),
('2016-11-07', 432, 4, 1, b'1'),
('2016-11-07', 433, 4, 1, b'1'),
('2016-11-07', 434, 4, 1, b'1'),
('2016-11-07', 435, 4, 1, b'1'),
('2016-11-07', 436, 4, 1, b'1'),
('2016-11-07', 437, 4, 1, b'1'),
('2016-11-07', 438, 4, 1, b'1'),
('2016-11-07', 439, 4, 1, b'1'),
('2016-11-07', 440, 4, 1, b'1'),
('2016-11-07', 441, 4, 1, b'1'),
('2016-11-07', 442, 4, 1, b'1'),
('2016-11-07', 443, 4, 1, b'1'),
('2016-11-07', 444, 4, 1, b'1'),
('2016-11-07', 445, 4, 1, b'1'),
('2016-11-07', 446, 4, 1, b'1'),
('2016-11-07', 447, 4, 1, b'1'),
('2016-11-07', 448, 4, 1, b'1'),
('2016-11-07', 449, 4, 1, b'1'),
('2016-11-07', 450, 4, 1, b'1'),
('2016-11-07', 451, 4, 1, b'1'),
('2016-11-07', 452, 4, 1, b'1'),
('2016-11-07', 453, 4, 1, b'1'),
('2016-11-07', 454, 4, 1, b'1'),
('2016-11-07', 455, 4, 1, b'1'),
('2016-11-07', 456, 4, 1, b'1'),
('2016-11-07', 457, 4, 1, b'1'),
('2016-11-07', 458, 4, 1, b'1'),
('2016-11-07', 459, 4, 1, b'1'),
('2016-11-07', 460, 4, 1, b'1'),
('2016-11-07', 461, 4, 1, b'1'),
('2016-11-07', 462, 4, 1, b'1'),
('2016-11-07', 463, 4, 1, b'1'),
('2016-11-07', 464, 4, 1, b'1'),
('2016-11-08', 79, 13, 1, b'1'),
('2016-11-08', 80, 13, 1, b'0'),
('2016-11-08', 81, 13, 1, b'1'),
('2016-11-08', 82, 13, 1, b'1'),
('2016-11-08', 83, 13, 1, b'1'),
('2016-11-08', 84, 13, 1, b'1'),
('2016-11-08', 85, 13, 1, b'1'),
('2016-11-08', 86, 13, 1, b'0'),
('2016-11-08', 87, 13, 1, b'1'),
('2016-11-08', 88, 13, 1, b'1'),
('2016-11-08', 89, 13, 1, b'1'),
('2016-11-08', 90, 13, 1, b'1'),
('2016-11-08', 91, 13, 1, b'1'),
('2016-11-08', 92, 13, 1, b'1'),
('2016-11-08', 93, 13, 1, b'1'),
('2016-11-08', 94, 13, 1, b'0'),
('2016-11-08', 95, 13, 1, b'1'),
('2016-11-08', 96, 13, 1, b'1'),
('2016-11-08', 97, 13, 1, b'1'),
('2016-11-08', 98, 13, 1, b'1'),
('2016-11-08', 99, 13, 1, b'1'),
('2016-11-08', 100, 13, 1, b'1'),
('2016-11-08', 101, 13, 1, b'1'),
('2016-11-08', 102, 13, 1, b'1'),
('2016-11-08', 103, 13, 1, b'1'),
('2016-11-08', 104, 13, 1, b'1'),
('2016-11-09', 79, 1, 1, b'1'),
('2016-11-09', 80, 1, 1, b'0'),
('2016-11-09', 81, 1, 1, b'1'),
('2016-11-09', 82, 1, 1, b'1'),
('2016-11-09', 83, 1, 1, b'1'),
('2016-11-09', 84, 1, 1, b'1'),
('2016-11-09', 85, 1, 1, b'1'),
('2016-11-09', 86, 1, 1, b'1'),
('2016-11-09', 87, 1, 1, b'1'),
('2016-11-09', 88, 1, 1, b'0'),
('2016-11-09', 89, 1, 1, b'1'),
('2016-11-09', 90, 1, 1, b'1'),
('2016-11-09', 91, 1, 1, b'1'),
('2016-11-09', 92, 1, 1, b'1'),
('2016-11-09', 93, 1, 1, b'1'),
('2016-11-09', 94, 1, 1, b'1'),
('2016-11-09', 95, 1, 1, b'1'),
('2016-11-09', 96, 1, 1, b'0'),
('2016-11-09', 97, 1, 1, b'1'),
('2016-11-09', 98, 1, 1, b'1'),
('2016-11-09', 99, 1, 1, b'1'),
('2016-11-09', 100, 1, 1, b'1'),
('2016-11-09', 101, 1, 1, b'1'),
('2016-11-09', 102, 1, 1, b'1'),
('2016-11-09', 103, 1, 1, b'0'),
('2016-11-09', 104, 1, 1, b'1'),
('2016-11-09', 105, 1, 1, b'1'),
('2016-11-09', 105, 13, 1, b'1'),
('2016-11-09', 106, 1, 1, b'1'),
('2016-11-09', 106, 13, 1, b'1'),
('2016-11-09', 107, 1, 1, b'1'),
('2016-11-09', 107, 13, 1, b'1'),
('2016-11-09', 108, 1, 1, b'1'),
('2016-11-09', 108, 13, 1, b'1'),
('2016-11-09', 109, 1, 1, b'1'),
('2016-11-09', 109, 13, 1, b'0'),
('2016-11-09', 110, 1, 1, b'1'),
('2016-11-09', 110, 13, 1, b'1'),
('2016-11-09', 111, 1, 1, b'1'),
('2016-11-09', 111, 13, 1, b'1'),
('2016-11-09', 112, 1, 1, b'1'),
('2016-11-09', 112, 13, 1, b'1'),
('2016-11-09', 113, 1, 1, b'1'),
('2016-11-09', 113, 13, 1, b'1'),
('2016-11-09', 114, 1, 1, b'1'),
('2016-11-09', 114, 13, 1, b'1'),
('2016-11-09', 115, 1, 1, b'1'),
('2016-11-09', 115, 13, 1, b'1'),
('2016-11-09', 116, 1, 1, b'1'),
('2016-11-09', 116, 13, 1, b'1'),
('2016-11-09', 117, 1, 1, b'1'),
('2016-11-09', 117, 13, 1, b'0'),
('2016-11-09', 118, 1, 1, b'1'),
('2016-11-09', 118, 13, 1, b'1'),
('2016-11-09', 119, 1, 1, b'1'),
('2016-11-09', 119, 13, 1, b'1'),
('2016-11-09', 120, 1, 1, b'1'),
('2016-11-09', 120, 13, 1, b'1'),
('2016-11-09', 121, 1, 1, b'1'),
('2016-11-09', 121, 13, 1, b'1'),
('2016-11-09', 122, 1, 1, b'1'),
('2016-11-09', 122, 13, 1, b'1'),
('2016-11-09', 123, 1, 1, b'1'),
('2016-11-09', 123, 13, 1, b'1'),
('2016-11-09', 124, 1, 1, b'1'),
('2016-11-09', 124, 13, 1, b'1'),
('2016-11-09', 125, 1, 1, b'1'),
('2016-11-09', 125, 13, 1, b'0'),
('2016-11-09', 126, 1, 1, b'1'),
('2016-11-09', 126, 13, 1, b'1'),
('2016-11-09', 127, 1, 1, b'1'),
('2016-11-09', 127, 13, 1, b'1'),
('2016-11-09', 128, 1, 1, b'1'),
('2016-11-09', 128, 13, 1, b'1'),
('2016-11-09', 129, 1, 1, b'1'),
('2016-11-09', 129, 13, 1, b'1'),
('2016-11-09', 130, 1, 1, b'1'),
('2016-11-09', 131, 1, 1, b'1'),
('2016-11-09', 132, 1, 1, b'1'),
('2016-11-09', 133, 1, 1, b'1'),
('2016-11-09', 134, 1, 1, b'1'),
('2016-11-09', 135, 1, 1, b'1'),
('2016-11-09', 136, 1, 1, b'1'),
('2016-11-09', 137, 1, 1, b'1'),
('2016-11-09', 138, 1, 1, b'1'),
('2016-11-09', 139, 1, 1, b'1'),
('2016-11-09', 140, 1, 1, b'1'),
('2016-11-09', 141, 1, 1, b'1'),
('2016-11-09', 142, 1, 1, b'1'),
('2016-11-09', 143, 1, 1, b'1'),
('2016-11-09', 144, 1, 1, b'1'),
('2016-11-09', 145, 1, 1, b'1'),
('2016-11-09', 146, 1, 1, b'1'),
('2016-11-09', 147, 1, 1, b'1'),
('2016-11-09', 148, 1, 1, b'1'),
('2016-11-09', 149, 1, 1, b'1'),
('2016-11-09', 150, 1, 1, b'1'),
('2016-11-09', 151, 1, 1, b'1'),
('2016-11-09', 152, 1, 1, b'1'),
('2016-11-09', 153, 1, 1, b'1'),
('2016-11-09', 154, 1, 1, b'1'),
('2016-11-09', 155, 1, 1, b'1'),
('2016-11-09', 156, 1, 1, b'0'),
('2016-11-09', 388, 4, 1, b'1'),
('2016-11-09', 389, 4, 1, b'1'),
('2016-11-09', 390, 4, 1, b'1'),
('2016-11-09', 391, 4, 1, b'1'),
('2016-11-09', 392, 4, 1, b'1'),
('2016-11-09', 393, 4, 1, b'1'),
('2016-11-09', 394, 4, 1, b'1'),
('2016-11-09', 395, 4, 1, b'1'),
('2016-11-09', 396, 4, 1, b'1'),
('2016-11-09', 397, 4, 1, b'1'),
('2016-11-09', 398, 4, 1, b'1'),
('2016-11-09', 399, 4, 1, b'1'),
('2016-11-09', 400, 4, 1, b'1'),
('2016-11-09', 401, 4, 1, b'1'),
('2016-11-09', 402, 4, 1, b'1'),
('2016-11-09', 403, 4, 1, b'1'),
('2016-11-09', 404, 4, 1, b'1'),
('2016-11-09', 405, 4, 1, b'1'),
('2016-11-09', 406, 4, 1, b'1'),
('2016-11-09', 407, 4, 1, b'1'),
('2016-11-09', 408, 4, 1, b'1'),
('2016-11-09', 409, 4, 1, b'1'),
('2016-11-09', 410, 4, 1, b'1'),
('2016-11-09', 411, 4, 1, b'1'),
('2016-11-09', 412, 4, 1, b'1'),
('2016-11-09', 413, 4, 1, b'1'),
('2016-11-09', 414, 4, 1, b'1'),
('2016-11-09', 415, 4, 1, b'1'),
('2016-11-09', 416, 4, 1, b'1'),
('2016-11-09', 417, 4, 1, b'1'),
('2016-11-09', 418, 4, 1, b'1'),
('2016-11-09', 419, 4, 1, b'1'),
('2016-11-09', 420, 4, 1, b'1'),
('2016-11-09', 421, 4, 1, b'1'),
('2016-11-09', 422, 4, 1, b'1'),
('2016-11-09', 423, 4, 1, b'1'),
('2016-11-09', 424, 4, 1, b'1'),
('2016-11-09', 425, 4, 1, b'1'),
('2016-11-09', 426, 4, 1, b'1'),
('2016-11-09', 427, 4, 1, b'1'),
('2016-11-09', 428, 4, 1, b'1'),
('2016-11-09', 429, 4, 1, b'1'),
('2016-11-09', 430, 4, 1, b'1'),
('2016-11-09', 431, 4, 1, b'1'),
('2016-11-09', 432, 4, 1, b'1'),
('2016-11-09', 433, 4, 1, b'1'),
('2016-11-09', 434, 4, 1, b'1'),
('2016-11-09', 435, 4, 1, b'1'),
('2016-11-09', 436, 4, 1, b'1'),
('2016-11-09', 437, 4, 1, b'1'),
('2016-11-09', 438, 4, 1, b'1'),
('2016-11-09', 439, 4, 1, b'1'),
('2016-11-09', 440, 4, 1, b'1'),
('2016-11-09', 441, 4, 1, b'1'),
('2016-11-09', 442, 4, 1, b'1'),
('2016-11-09', 443, 4, 1, b'1'),
('2016-11-09', 444, 4, 1, b'1'),
('2016-11-09', 445, 4, 1, b'1'),
('2016-11-09', 446, 4, 1, b'1'),
('2016-11-09', 447, 4, 1, b'1'),
('2016-11-09', 448, 4, 1, b'1'),
('2016-11-09', 449, 4, 1, b'1'),
('2016-11-09', 450, 4, 1, b'1'),
('2016-11-09', 451, 4, 1, b'1'),
('2016-11-09', 452, 4, 1, b'1'),
('2016-11-09', 453, 4, 1, b'1'),
('2016-11-09', 454, 4, 1, b'1'),
('2016-11-09', 455, 4, 1, b'1'),
('2016-11-09', 456, 4, 1, b'1'),
('2016-11-09', 457, 4, 1, b'1'),
('2016-11-09', 458, 4, 1, b'1'),
('2016-11-09', 459, 4, 1, b'1'),
('2016-11-09', 460, 4, 1, b'1'),
('2016-11-09', 461, 4, 1, b'1'),
('2016-11-09', 462, 4, 1, b'1'),
('2016-11-09', 463, 4, 1, b'1'),
('2016-11-09', 464, 4, 1, b'1'),
('2016-11-09', 546, 1, 1, b'1'),
('2016-11-11', 388, 4, 1, b'1'),
('2016-11-11', 389, 4, 1, b'1'),
('2016-11-11', 390, 4, 1, b'1'),
('2016-11-11', 391, 4, 1, b'1'),
('2016-11-11', 392, 4, 1, b'1'),
('2016-11-11', 393, 4, 1, b'1'),
('2016-11-11', 394, 4, 1, b'1'),
('2016-11-11', 395, 4, 1, b'1'),
('2016-11-11', 396, 4, 1, b'1'),
('2016-11-11', 397, 4, 1, b'1'),
('2016-11-11', 398, 4, 1, b'1'),
('2016-11-11', 399, 4, 1, b'1'),
('2016-11-11', 400, 4, 1, b'1'),
('2016-11-11', 401, 4, 1, b'1'),
('2016-11-11', 402, 4, 1, b'1'),
('2016-11-11', 403, 4, 1, b'1'),
('2016-11-11', 404, 4, 1, b'1'),
('2016-11-11', 405, 4, 1, b'1'),
('2016-11-11', 406, 4, 1, b'1'),
('2016-11-11', 407, 4, 1, b'1'),
('2016-11-11', 408, 4, 1, b'1'),
('2016-11-11', 409, 4, 1, b'1'),
('2016-11-11', 410, 4, 1, b'1'),
('2016-11-11', 411, 4, 1, b'1'),
('2016-11-11', 412, 4, 1, b'1'),
('2016-11-11', 413, 4, 1, b'1'),
('2016-11-11', 414, 4, 1, b'1'),
('2016-11-11', 415, 4, 1, b'1'),
('2016-11-11', 416, 4, 1, b'1'),
('2016-11-11', 417, 4, 1, b'1'),
('2016-11-11', 418, 4, 1, b'1'),
('2016-11-11', 419, 4, 1, b'1'),
('2016-11-11', 420, 4, 1, b'1'),
('2016-11-11', 421, 4, 1, b'1'),
('2016-11-11', 422, 4, 1, b'1'),
('2016-11-11', 423, 4, 1, b'1'),
('2016-11-11', 424, 4, 1, b'1'),
('2016-11-11', 425, 4, 1, b'1'),
('2016-11-11', 426, 4, 1, b'1'),
('2016-11-11', 427, 4, 1, b'1'),
('2016-11-11', 428, 4, 1, b'1'),
('2016-11-11', 429, 4, 1, b'1'),
('2016-11-11', 430, 4, 1, b'1'),
('2016-11-11', 431, 4, 1, b'1'),
('2016-11-11', 432, 4, 1, b'1'),
('2016-11-11', 433, 4, 1, b'1'),
('2016-11-11', 434, 4, 1, b'1'),
('2016-11-11', 435, 4, 1, b'1'),
('2016-11-11', 436, 4, 1, b'1'),
('2016-11-11', 437, 4, 1, b'1'),
('2016-11-11', 438, 4, 1, b'1'),
('2016-11-11', 439, 4, 1, b'1'),
('2016-11-11', 440, 4, 1, b'1'),
('2016-11-11', 441, 4, 1, b'1'),
('2016-11-11', 442, 4, 1, b'1'),
('2016-11-11', 443, 4, 1, b'1'),
('2016-11-11', 444, 4, 1, b'1'),
('2016-11-11', 445, 4, 1, b'1'),
('2016-11-11', 446, 4, 1, b'1'),
('2016-11-11', 447, 4, 1, b'1'),
('2016-11-11', 448, 4, 1, b'1'),
('2016-11-11', 449, 4, 1, b'1'),
('2016-11-11', 450, 4, 1, b'1'),
('2016-11-11', 451, 4, 1, b'1'),
('2016-11-11', 452, 4, 1, b'1'),
('2016-11-11', 453, 4, 1, b'1'),
('2016-11-11', 454, 4, 1, b'1'),
('2016-11-11', 455, 4, 1, b'1'),
('2016-11-11', 456, 4, 1, b'1'),
('2016-11-11', 457, 4, 1, b'1'),
('2016-11-11', 458, 4, 1, b'1'),
('2016-11-11', 459, 4, 1, b'1'),
('2016-11-11', 460, 4, 1, b'1'),
('2016-11-11', 461, 4, 1, b'1'),
('2016-11-11', 462, 4, 1, b'1'),
('2016-11-11', 463, 4, 1, b'0'),
('2016-11-11', 464, 4, 1, b'1'),
('2016-11-12', 388, 4, 1, b'0'),
('2016-11-12', 389, 4, 1, b'1'),
('2016-11-12', 390, 4, 1, b'1'),
('2016-11-12', 391, 4, 1, b'1'),
('2016-11-12', 392, 4, 1, b'1'),
('2016-11-12', 393, 4, 1, b'1'),
('2016-11-12', 394, 4, 1, b'1'),
('2016-11-12', 395, 4, 1, b'1'),
('2016-11-12', 396, 4, 1, b'1'),
('2016-11-12', 397, 4, 1, b'1'),
('2016-11-12', 398, 4, 1, b'1'),
('2016-11-12', 399, 4, 1, b'1'),
('2016-11-12', 400, 4, 1, b'1'),
('2016-11-12', 401, 4, 1, b'1'),
('2016-11-12', 402, 4, 1, b'1'),
('2016-11-12', 403, 4, 1, b'1'),
('2016-11-12', 404, 4, 1, b'1'),
('2016-11-12', 405, 4, 1, b'1'),
('2016-11-12', 406, 4, 1, b'1'),
('2016-11-12', 407, 4, 1, b'1'),
('2016-11-12', 408, 4, 1, b'1'),
('2016-11-12', 409, 4, 1, b'1'),
('2016-11-12', 410, 4, 1, b'1'),
('2016-11-12', 411, 4, 1, b'1'),
('2016-11-12', 412, 4, 1, b'1'),
('2016-11-12', 413, 4, 1, b'1'),
('2016-11-12', 414, 4, 1, b'1'),
('2016-11-12', 415, 4, 1, b'1'),
('2016-11-12', 416, 4, 1, b'1'),
('2016-11-12', 417, 4, 1, b'1'),
('2016-11-12', 418, 4, 1, b'1'),
('2016-11-12', 419, 4, 1, b'1'),
('2016-11-12', 420, 4, 1, b'1'),
('2016-11-12', 421, 4, 1, b'1'),
('2016-11-12', 422, 4, 1, b'1'),
('2016-11-12', 423, 4, 1, b'1'),
('2016-11-12', 424, 4, 1, b'1'),
('2016-11-12', 425, 4, 1, b'1'),
('2016-11-12', 426, 4, 1, b'1'),
('2016-11-12', 427, 4, 1, b'1'),
('2016-11-12', 428, 4, 1, b'1'),
('2016-11-12', 429, 4, 1, b'1'),
('2016-11-12', 430, 4, 1, b'1'),
('2016-11-12', 431, 4, 1, b'1'),
('2016-11-12', 432, 4, 1, b'1'),
('2016-11-12', 433, 4, 1, b'1'),
('2016-11-12', 434, 4, 1, b'1'),
('2016-11-12', 435, 4, 1, b'1'),
('2016-11-12', 436, 4, 1, b'1'),
('2016-11-12', 437, 4, 1, b'1'),
('2016-11-12', 438, 4, 1, b'1'),
('2016-11-12', 439, 4, 1, b'1'),
('2016-11-12', 440, 4, 1, b'1'),
('2016-11-12', 441, 4, 1, b'1'),
('2016-11-12', 442, 4, 1, b'1'),
('2016-11-12', 443, 4, 1, b'1'),
('2016-11-12', 444, 4, 1, b'1'),
('2016-11-12', 445, 4, 1, b'1'),
('2016-11-12', 446, 4, 1, b'1'),
('2016-11-12', 447, 4, 1, b'1'),
('2016-11-12', 448, 4, 1, b'1'),
('2016-11-12', 449, 4, 1, b'1'),
('2016-11-12', 450, 4, 1, b'1'),
('2016-11-12', 451, 4, 1, b'1'),
('2016-11-12', 452, 4, 1, b'1'),
('2016-11-12', 453, 4, 1, b'1'),
('2016-11-12', 454, 4, 1, b'1'),
('2016-11-12', 455, 4, 1, b'1'),
('2016-11-12', 456, 4, 1, b'1'),
('2016-11-12', 457, 4, 1, b'1'),
('2016-11-12', 458, 4, 1, b'1'),
('2016-11-12', 459, 4, 1, b'1'),
('2016-11-12', 460, 4, 1, b'1'),
('2016-11-12', 461, 4, 1, b'1'),
('2016-11-12', 462, 4, 1, b'1'),
('2016-11-12', 463, 4, 1, b'1'),
('2016-11-12', 464, 4, 1, b'1'),
('2016-11-22', 79, 13, 1, b'0'),
('2016-11-22', 80, 13, 1, b'1'),
('2016-11-22', 81, 13, 1, b'1'),
('2016-11-22', 82, 13, 1, b'1'),
('2016-11-22', 83, 13, 1, b'1'),
('2016-11-22', 84, 13, 1, b'1'),
('2016-11-22', 85, 13, 1, b'1'),
('2016-11-22', 86, 13, 1, b'1'),
('2016-11-22', 87, 13, 1, b'1'),
('2016-11-22', 88, 13, 1, b'1'),
('2016-11-22', 89, 13, 1, b'1'),
('2016-11-22', 90, 13, 1, b'1'),
('2016-11-22', 91, 13, 1, b'1'),
('2016-11-22', 92, 13, 1, b'1'),
('2016-11-22', 93, 13, 1, b'1'),
('2016-11-22', 94, 13, 1, b'1'),
('2016-11-22', 95, 13, 1, b'1'),
('2016-11-22', 96, 13, 1, b'1'),
('2016-11-22', 97, 13, 1, b'0'),
('2016-11-22', 98, 13, 1, b'0'),
('2016-11-22', 99, 13, 1, b'1'),
('2016-11-22', 100, 13, 1, b'1'),
('2016-11-22', 101, 13, 1, b'1'),
('2016-11-22', 102, 13, 1, b'1'),
('2016-11-22', 103, 13, 1, b'1'),
('2016-11-22', 104, 13, 1, b'1'),
('2016-12-04', 79, 1, 1, b'1'),
('2016-12-04', 80, 1, 1, b'0'),
('2016-12-04', 81, 1, 1, b'1'),
('2016-12-04', 82, 1, 1, b'0'),
('2016-12-04', 83, 1, 1, b'0'),
('2016-12-04', 84, 1, 1, b'0'),
('2016-12-04', 85, 1, 1, b'1'),
('2016-12-04', 86, 1, 1, b'1'),
('2016-12-04', 87, 1, 1, b'1'),
('2016-12-04', 88, 1, 1, b'1'),
('2016-12-04', 89, 1, 1, b'0'),
('2016-12-04', 90, 1, 1, b'1'),
('2016-12-04', 91, 1, 1, b'1'),
('2016-12-04', 92, 1, 1, b'1'),
('2016-12-04', 93, 1, 1, b'1'),
('2016-12-04', 94, 1, 1, b'1'),
('2016-12-04', 95, 1, 1, b'0'),
('2016-12-04', 96, 1, 1, b'1'),
('2016-12-04', 97, 1, 1, b'1'),
('2016-12-04', 98, 1, 1, b'1'),
('2016-12-04', 99, 1, 1, b'1'),
('2016-12-04', 100, 1, 1, b'1'),
('2016-12-04', 101, 1, 1, b'1'),
('2016-12-04', 102, 1, 1, b'1'),
('2016-12-04', 103, 1, 1, b'0'),
('2016-12-04', 104, 1, 1, b'1'),
('2016-12-04', 105, 1, 1, b'1'),
('2016-12-04', 106, 1, 1, b'1'),
('2016-12-04', 107, 1, 1, b'1'),
('2016-12-04', 108, 1, 1, b'1'),
('2016-12-04', 109, 1, 1, b'1'),
('2016-12-04', 110, 1, 1, b'1'),
('2016-12-04', 111, 1, 1, b'1'),
('2016-12-04', 112, 1, 1, b'1'),
('2016-12-04', 113, 1, 1, b'1'),
('2016-12-04', 114, 1, 1, b'1'),
('2016-12-04', 115, 1, 1, b'1'),
('2016-12-04', 116, 1, 1, b'1'),
('2016-12-04', 117, 1, 1, b'1'),
('2016-12-04', 118, 1, 1, b'1'),
('2016-12-04', 119, 1, 1, b'1'),
('2016-12-04', 120, 1, 1, b'1'),
('2016-12-04', 121, 1, 1, b'1'),
('2016-12-04', 122, 1, 1, b'1'),
('2016-12-04', 123, 1, 1, b'1'),
('2016-12-04', 124, 1, 1, b'1'),
('2016-12-04', 125, 1, 1, b'1'),
('2016-12-04', 126, 1, 1, b'1'),
('2016-12-04', 127, 1, 1, b'1'),
('2016-12-04', 128, 1, 1, b'1'),
('2016-12-04', 129, 1, 1, b'1'),
('2016-12-04', 130, 1, 1, b'1'),
('2016-12-04', 131, 1, 1, b'1'),
('2016-12-04', 132, 1, 1, b'1'),
('2016-12-04', 133, 1, 1, b'1'),
('2016-12-04', 134, 1, 1, b'1'),
('2016-12-04', 135, 1, 1, b'1'),
('2016-12-04', 136, 1, 1, b'1'),
('2016-12-04', 137, 1, 1, b'1'),
('2016-12-04', 138, 1, 1, b'1'),
('2016-12-04', 139, 1, 1, b'1'),
('2016-12-04', 140, 1, 1, b'1'),
('2016-12-04', 141, 1, 1, b'1'),
('2016-12-04', 142, 1, 1, b'1'),
('2016-12-04', 143, 1, 1, b'1'),
('2016-12-04', 144, 1, 1, b'1'),
('2016-12-04', 145, 1, 1, b'1'),
('2016-12-04', 146, 1, 1, b'1'),
('2016-12-04', 147, 1, 1, b'1'),
('2016-12-04', 148, 1, 1, b'1'),
('2016-12-04', 149, 1, 1, b'1'),
('2016-12-04', 150, 1, 1, b'1'),
('2016-12-04', 151, 1, 1, b'1'),
('2016-12-04', 152, 1, 1, b'1'),
('2016-12-04', 153, 1, 1, b'1'),
('2016-12-04', 154, 1, 1, b'1'),
('2016-12-04', 155, 1, 1, b'1'),
('2016-12-04', 156, 1, 1, b'1'),
('2016-12-04', 546, 1, 1, b'1'),
('2016-12-29', 79, 1, 1, b'0'),
('2016-12-29', 80, 1, 1, b'1'),
('2016-12-29', 81, 1, 1, b'1'),
('2016-12-29', 82, 1, 1, b'1'),
('2016-12-29', 83, 1, 1, b'1'),
('2016-12-29', 84, 1, 1, b'1'),
('2016-12-29', 85, 1, 1, b'1'),
('2016-12-29', 86, 1, 1, b'0'),
('2016-12-29', 87, 1, 1, b'1'),
('2016-12-29', 88, 1, 1, b'1'),
('2016-12-29', 89, 1, 1, b'1'),
('2016-12-29', 90, 1, 1, b'1'),
('2016-12-29', 91, 1, 1, b'1'),
('2016-12-29', 92, 1, 1, b'1'),
('2016-12-29', 93, 1, 1, b'1'),
('2016-12-29', 94, 1, 1, b'1'),
('2016-12-29', 95, 1, 1, b'1'),
('2016-12-29', 96, 1, 1, b'1'),
('2016-12-29', 97, 1, 1, b'1'),
('2016-12-29', 98, 1, 1, b'1'),
('2016-12-29', 99, 1, 1, b'1'),
('2016-12-29', 100, 1, 1, b'1'),
('2016-12-29', 101, 1, 1, b'1'),
('2016-12-29', 102, 1, 1, b'1'),
('2016-12-29', 103, 1, 1, b'1'),
('2016-12-29', 104, 1, 1, b'1'),
('2016-12-29', 105, 1, 1, b'1'),
('2016-12-29', 106, 1, 1, b'1'),
('2016-12-29', 107, 1, 1, b'1'),
('2016-12-29', 108, 1, 1, b'1'),
('2016-12-29', 109, 1, 1, b'1'),
('2016-12-29', 110, 1, 1, b'1'),
('2016-12-29', 111, 1, 1, b'1'),
('2016-12-29', 112, 1, 1, b'1'),
('2016-12-29', 113, 1, 1, b'1'),
('2016-12-29', 114, 1, 1, b'1'),
('2016-12-29', 115, 1, 1, b'1'),
('2016-12-29', 116, 1, 1, b'1'),
('2016-12-29', 117, 1, 1, b'1'),
('2016-12-29', 118, 1, 1, b'1'),
('2016-12-29', 119, 1, 1, b'1'),
('2016-12-29', 120, 1, 1, b'1'),
('2016-12-29', 121, 1, 1, b'1'),
('2016-12-29', 122, 1, 1, b'1'),
('2016-12-29', 123, 1, 1, b'1'),
('2016-12-29', 124, 1, 1, b'1'),
('2016-12-29', 125, 1, 1, b'1'),
('2016-12-29', 126, 1, 1, b'1'),
('2016-12-29', 127, 1, 1, b'1'),
('2016-12-29', 128, 1, 1, b'1'),
('2016-12-29', 129, 1, 1, b'1'),
('2016-12-29', 130, 1, 1, b'1'),
('2016-12-29', 131, 1, 1, b'1'),
('2016-12-29', 132, 1, 1, b'1'),
('2016-12-29', 133, 1, 1, b'1'),
('2016-12-29', 134, 1, 1, b'1'),
('2016-12-29', 135, 1, 1, b'1'),
('2016-12-29', 136, 1, 1, b'1'),
('2016-12-29', 137, 1, 1, b'1'),
('2016-12-29', 138, 1, 1, b'1'),
('2016-12-29', 139, 1, 1, b'1'),
('2016-12-29', 140, 1, 1, b'1'),
('2016-12-29', 141, 1, 1, b'1'),
('2016-12-29', 142, 1, 1, b'1'),
('2016-12-29', 143, 1, 1, b'1'),
('2016-12-29', 144, 1, 1, b'1'),
('2016-12-29', 145, 1, 1, b'1'),
('2016-12-29', 146, 1, 1, b'1'),
('2016-12-29', 147, 1, 1, b'1'),
('2016-12-29', 148, 1, 1, b'0'),
('2016-12-29', 149, 1, 1, b'1'),
('2016-12-29', 150, 1, 1, b'1'),
('2016-12-29', 151, 1, 1, b'1'),
('2016-12-29', 152, 1, 1, b'1'),
('2016-12-29', 153, 1, 1, b'1'),
('2016-12-29', 154, 1, 1, b'1'),
('2016-12-29', 155, 1, 1, b'1'),
('2016-12-29', 156, 1, 1, b'1'),
('2016-12-29', 546, 1, 1, b'1'),
('2016-12-30', 388, 4, 1, b'1'),
('2016-12-30', 389, 4, 1, b'0'),
('2016-12-30', 390, 4, 1, b'1'),
('2016-12-30', 391, 4, 1, b'1'),
('2016-12-30', 392, 4, 1, b'0'),
('2016-12-30', 393, 4, 1, b'1'),
('2016-12-30', 394, 4, 1, b'1'),
('2016-12-30', 395, 4, 1, b'1'),
('2016-12-30', 396, 4, 1, b'1'),
('2016-12-30', 397, 4, 1, b'1'),
('2016-12-30', 398, 4, 1, b'1'),
('2016-12-30', 399, 4, 1, b'0'),
('2016-12-30', 400, 4, 1, b'1'),
('2016-12-30', 401, 4, 1, b'1'),
('2016-12-30', 402, 4, 1, b'1'),
('2016-12-30', 403, 4, 1, b'1'),
('2016-12-30', 404, 4, 1, b'1'),
('2016-12-30', 405, 4, 1, b'1'),
('2016-12-30', 406, 4, 1, b'1'),
('2016-12-30', 407, 4, 1, b'0'),
('2016-12-30', 408, 4, 1, b'1'),
('2016-12-30', 409, 4, 1, b'1'),
('2016-12-30', 410, 4, 1, b'1'),
('2016-12-30', 411, 4, 1, b'1'),
('2016-12-30', 412, 4, 1, b'1'),
('2016-12-30', 413, 4, 1, b'1'),
('2016-12-30', 414, 4, 1, b'0'),
('2016-12-30', 415, 4, 1, b'1'),
('2016-12-30', 416, 4, 1, b'1'),
('2016-12-30', 417, 4, 1, b'1'),
('2016-12-30', 418, 4, 1, b'1'),
('2016-12-30', 419, 4, 1, b'0'),
('2016-12-30', 420, 4, 1, b'1'),
('2016-12-30', 421, 4, 1, b'1'),
('2016-12-30', 422, 4, 1, b'1'),
('2016-12-30', 423, 4, 1, b'1'),
('2016-12-30', 424, 4, 1, b'1'),
('2016-12-30', 425, 4, 1, b'1'),
('2016-12-30', 426, 4, 1, b'1'),
('2016-12-30', 427, 4, 1, b'1'),
('2016-12-30', 428, 4, 1, b'1'),
('2016-12-30', 429, 4, 1, b'1'),
('2016-12-30', 430, 4, 1, b'1'),
('2016-12-30', 431, 4, 1, b'0'),
('2016-12-30', 432, 4, 1, b'1'),
('2016-12-30', 433, 4, 1, b'1'),
('2016-12-30', 434, 4, 1, b'1'),
('2016-12-30', 435, 4, 1, b'1'),
('2016-12-30', 436, 4, 1, b'1'),
('2016-12-30', 437, 4, 1, b'0'),
('2016-12-30', 438, 4, 1, b'1'),
('2016-12-30', 439, 4, 1, b'0'),
('2016-12-30', 440, 4, 1, b'1'),
('2016-12-30', 441, 4, 1, b'0'),
('2016-12-30', 442, 4, 1, b'1'),
('2016-12-30', 443, 4, 1, b'1'),
('2016-12-30', 444, 4, 1, b'1'),
('2016-12-30', 445, 4, 1, b'0'),
('2016-12-30', 446, 4, 1, b'1'),
('2016-12-30', 447, 4, 1, b'1'),
('2016-12-30', 448, 4, 1, b'1'),
('2016-12-30', 449, 4, 1, b'1'),
('2016-12-30', 450, 4, 1, b'0'),
('2016-12-30', 451, 4, 1, b'1'),
('2016-12-30', 452, 4, 1, b'1'),
('2016-12-30', 453, 4, 1, b'1'),
('2016-12-30', 454, 4, 1, b'0'),
('2016-12-30', 455, 4, 1, b'0'),
('2016-12-30', 456, 4, 1, b'1'),
('2016-12-30', 457, 4, 1, b'1'),
('2016-12-30', 458, 4, 1, b'1'),
('2016-12-30', 459, 4, 1, b'1'),
('2016-12-30', 460, 4, 1, b'0'),
('2016-12-30', 461, 4, 1, b'1'),
('2016-12-30', 462, 4, 1, b'1'),
('2016-12-30', 463, 4, 1, b'1'),
('2016-12-30', 464, 4, 1, b'0'),
('2017-01-05', 79, 13, 1, b'1'),
('2017-01-05', 80, 13, 1, b'1'),
('2017-01-05', 81, 13, 1, b'1'),
('2017-01-05', 82, 13, 1, b'1'),
('2017-01-05', 83, 13, 1, b'1'),
('2017-01-05', 84, 13, 1, b'1'),
('2017-01-05', 85, 13, 1, b'1'),
('2017-01-05', 86, 13, 1, b'1'),
('2017-01-05', 87, 13, 1, b'1'),
('2017-01-05', 88, 13, 1, b'1'),
('2017-01-05', 89, 13, 1, b'1'),
('2017-01-05', 90, 13, 1, b'1'),
('2017-01-05', 91, 13, 1, b'1'),
('2017-01-05', 92, 13, 1, b'1'),
('2017-01-05', 93, 13, 1, b'1'),
('2017-01-05', 94, 13, 1, b'1'),
('2017-01-05', 95, 13, 1, b'1'),
('2017-01-05', 96, 13, 1, b'1'),
('2017-01-05', 97, 13, 1, b'1'),
('2017-01-05', 98, 13, 1, b'1'),
('2017-01-05', 99, 13, 1, b'1'),
('2017-01-05', 100, 13, 1, b'1'),
('2017-01-05', 101, 13, 1, b'1'),
('2017-01-05', 102, 13, 1, b'1'),
('2017-01-05', 103, 13, 1, b'1'),
('2017-01-05', 104, 13, 1, b'1'),
('2017-01-10', 105, 13, 1, b'1'),
('2017-01-10', 106, 13, 1, b'1'),
('2017-01-10', 107, 13, 1, b'1'),
('2017-01-10', 108, 13, 1, b'1'),
('2017-01-10', 109, 13, 1, b'1'),
('2017-01-10', 110, 13, 1, b'1'),
('2017-01-10', 111, 13, 1, b'1'),
('2017-01-10', 112, 13, 1, b'1'),
('2017-01-10', 113, 13, 1, b'1'),
('2017-01-10', 114, 13, 1, b'1'),
('2017-01-10', 115, 13, 1, b'1'),
('2017-01-10', 116, 13, 1, b'1'),
('2017-01-10', 117, 13, 1, b'1'),
('2017-01-10', 118, 13, 1, b'1'),
('2017-01-10', 119, 13, 1, b'1'),
('2017-01-10', 120, 13, 1, b'1'),
('2017-01-10', 121, 13, 1, b'1'),
('2017-01-10', 122, 13, 1, b'1'),
('2017-01-10', 123, 13, 1, b'1'),
('2017-01-10', 124, 13, 1, b'1'),
('2017-01-10', 125, 13, 1, b'1'),
('2017-01-10', 126, 13, 1, b'1'),
('2017-01-10', 127, 13, 1, b'1'),
('2017-01-10', 128, 13, 1, b'1'),
('2017-01-10', 129, 13, 1, b'1'),
('2017-01-10', 440, 14, 1, b'1'),
('2017-01-10', 441, 14, 1, b'1'),
('2017-01-10', 442, 14, 1, b'1'),
('2017-01-10', 443, 14, 1, b'1'),
('2017-01-10', 444, 14, 1, b'1'),
('2017-01-10', 445, 14, 1, b'1'),
('2017-01-10', 446, 14, 1, b'1'),
('2017-01-10', 447, 14, 1, b'1'),
('2017-01-10', 448, 14, 1, b'1'),
('2017-01-10', 449, 14, 1, b'1'),
('2017-01-10', 450, 14, 1, b'1'),
('2017-01-10', 451, 14, 1, b'1'),
('2017-01-10', 452, 14, 1, b'1'),
('2017-01-10', 453, 14, 1, b'1'),
('2017-01-10', 454, 14, 1, b'1'),
('2017-01-10', 455, 14, 1, b'1'),
('2017-01-10', 456, 14, 1, b'1'),
('2017-01-10', 457, 14, 1, b'1'),
('2017-01-10', 458, 14, 1, b'1'),
('2017-01-10', 459, 14, 1, b'1'),
('2017-01-10', 460, 14, 1, b'1'),
('2017-01-10', 461, 14, 1, b'1'),
('2017-01-10', 462, 14, 1, b'1'),
('2017-01-10', 463, 14, 1, b'1'),
('2017-01-10', 464, 14, 1, b'1'),
('2017-01-16', 388, 4, 1, b'0'),
('2017-01-16', 389, 4, 1, b'0'),
('2017-01-16', 390, 4, 1, b'0'),
('2017-01-16', 391, 4, 1, b'0'),
('2017-01-16', 392, 4, 1, b'0'),
('2017-01-16', 393, 4, 1, b'0'),
('2017-01-16', 394, 4, 1, b'0'),
('2017-01-16', 395, 4, 1, b'0'),
('2017-01-16', 396, 4, 1, b'0'),
('2017-01-16', 397, 4, 1, b'0'),
('2017-01-16', 398, 4, 1, b'0'),
('2017-01-16', 399, 4, 1, b'0'),
('2017-01-16', 400, 4, 1, b'0'),
('2017-01-16', 401, 4, 1, b'0'),
('2017-01-16', 402, 4, 1, b'0'),
('2017-01-16', 403, 4, 1, b'0'),
('2017-01-16', 404, 4, 1, b'0'),
('2017-01-16', 405, 4, 1, b'0'),
('2017-01-16', 406, 4, 1, b'0'),
('2017-01-16', 407, 4, 1, b'0'),
('2017-01-16', 408, 4, 1, b'0'),
('2017-01-16', 409, 4, 1, b'0'),
('2017-01-16', 410, 4, 1, b'0'),
('2017-01-16', 411, 4, 1, b'0'),
('2017-01-16', 412, 4, 1, b'0'),
('2017-01-16', 413, 4, 1, b'0'),
('2017-01-16', 414, 4, 1, b'0'),
('2017-01-16', 415, 4, 1, b'0'),
('2017-01-16', 416, 4, 1, b'0'),
('2017-01-16', 417, 4, 1, b'0'),
('2017-01-16', 418, 4, 1, b'0'),
('2017-01-16', 419, 4, 1, b'0'),
('2017-01-16', 420, 4, 1, b'0'),
('2017-01-16', 421, 4, 1, b'0'),
('2017-01-16', 422, 4, 1, b'0'),
('2017-01-16', 423, 4, 1, b'0'),
('2017-01-16', 424, 4, 1, b'0'),
('2017-01-16', 425, 4, 1, b'0'),
('2017-01-16', 426, 4, 1, b'0'),
('2017-01-16', 427, 4, 1, b'0'),
('2017-01-16', 428, 4, 1, b'0'),
('2017-01-16', 429, 4, 1, b'0'),
('2017-01-16', 430, 4, 1, b'0'),
('2017-01-16', 431, 4, 1, b'0'),
('2017-01-16', 432, 4, 1, b'0'),
('2017-01-16', 433, 4, 1, b'0'),
('2017-01-16', 434, 4, 1, b'0'),
('2017-01-16', 435, 4, 1, b'0'),
('2017-01-16', 436, 4, 1, b'0'),
('2017-01-16', 437, 4, 1, b'0'),
('2017-01-16', 438, 4, 1, b'0'),
('2017-01-16', 439, 4, 1, b'0'),
('2017-01-16', 440, 4, 1, b'0'),
('2017-01-16', 441, 4, 1, b'0'),
('2017-01-16', 442, 4, 1, b'0'),
('2017-01-16', 443, 4, 1, b'0'),
('2017-01-16', 444, 4, 1, b'0'),
('2017-01-16', 445, 4, 1, b'0'),
('2017-01-16', 446, 4, 1, b'0'),
('2017-01-16', 447, 4, 1, b'0'),
('2017-01-16', 448, 4, 1, b'0'),
('2017-01-16', 449, 4, 1, b'0'),
('2017-01-16', 450, 4, 1, b'0'),
('2017-01-16', 451, 4, 1, b'0'),
('2017-01-16', 452, 4, 1, b'0'),
('2017-01-16', 453, 4, 1, b'0'),
('2017-01-16', 454, 4, 1, b'0'),
('2017-01-16', 455, 4, 1, b'0'),
('2017-01-16', 456, 4, 1, b'0'),
('2017-01-16', 457, 4, 1, b'0'),
('2017-01-16', 458, 4, 1, b'0'),
('2017-01-16', 459, 4, 1, b'0'),
('2017-01-16', 460, 4, 1, b'0'),
('2017-01-16', 461, 4, 1, b'0'),
('2017-01-16', 462, 4, 1, b'0'),
('2017-01-16', 463, 4, 1, b'0'),
('2017-01-16', 464, 4, 1, b'0'),
('2017-01-19', 79, 1, 1, b'0'),
('2017-01-19', 80, 1, 1, b'1'),
('2017-01-19', 81, 1, 1, b'1'),
('2017-01-19', 82, 1, 1, b'1'),
('2017-01-19', 83, 1, 1, b'1'),
('2017-01-19', 84, 1, 1, b'1'),
('2017-01-19', 85, 1, 1, b'1'),
('2017-01-19', 86, 1, 1, b'1'),
('2017-01-19', 87, 1, 1, b'1'),
('2017-01-19', 88, 1, 1, b'1'),
('2017-01-19', 89, 1, 1, b'1'),
('2017-01-19', 90, 1, 1, b'1'),
('2017-01-19', 91, 1, 1, b'1'),
('2017-01-19', 92, 1, 1, b'1'),
('2017-01-19', 93, 1, 1, b'1'),
('2017-01-19', 94, 1, 1, b'1'),
('2017-01-19', 95, 1, 1, b'1'),
('2017-01-19', 96, 1, 1, b'1'),
('2017-01-19', 97, 1, 1, b'1'),
('2017-01-19', 98, 1, 1, b'1'),
('2017-01-19', 99, 1, 1, b'1'),
('2017-01-19', 100, 1, 1, b'1'),
('2017-01-19', 101, 1, 1, b'1'),
('2017-01-19', 102, 1, 1, b'1'),
('2017-01-19', 103, 1, 1, b'1'),
('2017-01-19', 104, 1, 1, b'1'),
('2017-01-19', 105, 1, 1, b'1'),
('2017-01-19', 106, 1, 1, b'1'),
('2017-01-19', 107, 1, 1, b'1'),
('2017-01-19', 108, 1, 1, b'1'),
('2017-01-19', 109, 1, 1, b'1'),
('2017-01-19', 110, 1, 1, b'1'),
('2017-01-19', 111, 1, 1, b'1'),
('2017-01-19', 112, 1, 1, b'1'),
('2017-01-19', 113, 1, 1, b'1'),
('2017-01-19', 114, 1, 1, b'1'),
('2017-01-19', 115, 1, 1, b'1'),
('2017-01-19', 116, 1, 1, b'1'),
('2017-01-19', 117, 1, 1, b'1'),
('2017-01-19', 118, 1, 1, b'1'),
('2017-01-19', 119, 1, 1, b'1'),
('2017-01-19', 120, 1, 1, b'1'),
('2017-01-19', 121, 1, 1, b'1'),
('2017-01-19', 122, 1, 1, b'1'),
('2017-01-19', 123, 1, 1, b'1'),
('2017-01-19', 124, 1, 1, b'1'),
('2017-01-19', 125, 1, 1, b'1'),
('2017-01-19', 126, 1, 1, b'1'),
('2017-01-19', 127, 1, 1, b'1'),
('2017-01-19', 128, 1, 1, b'1'),
('2017-01-19', 129, 1, 1, b'1'),
('2017-01-19', 130, 1, 1, b'1'),
('2017-01-19', 131, 1, 1, b'1'),
('2017-01-19', 132, 1, 1, b'1'),
('2017-01-19', 133, 1, 1, b'1'),
('2017-01-19', 134, 1, 1, b'1'),
('2017-01-19', 135, 1, 1, b'1'),
('2017-01-19', 136, 1, 1, b'1'),
('2017-01-19', 137, 1, 1, b'1'),
('2017-01-19', 138, 1, 1, b'1'),
('2017-01-19', 139, 1, 1, b'1'),
('2017-01-19', 140, 1, 1, b'1'),
('2017-01-19', 141, 1, 1, b'1'),
('2017-01-19', 142, 1, 1, b'1'),
('2017-01-19', 143, 1, 1, b'1'),
('2017-01-19', 144, 1, 1, b'1'),
('2017-01-19', 145, 1, 1, b'1'),
('2017-01-19', 146, 1, 1, b'1'),
('2017-01-19', 147, 1, 1, b'1'),
('2017-01-19', 148, 1, 1, b'1'),
('2017-01-19', 149, 1, 1, b'1'),
('2017-01-19', 150, 1, 1, b'1'),
('2017-01-19', 151, 1, 1, b'1'),
('2017-01-19', 152, 1, 1, b'1'),
('2017-01-19', 153, 1, 1, b'1'),
('2017-01-19', 154, 1, 1, b'1'),
('2017-01-19', 155, 1, 1, b'1'),
('2017-01-19', 156, 1, 1, b'1'),
('2017-01-19', 546, 1, 1, b'1'),
('2017-01-20', 79, 1, 1, b'1'),
('2017-01-20', 79, 1, 2, b'0'),
('2017-01-20', 79, 13, 1, b'0'),
('2017-01-20', 80, 1, 1, b'1'),
('2017-01-20', 80, 1, 2, b'0'),
('2017-01-20', 80, 13, 1, b'0'),
('2017-01-20', 81, 1, 1, b'1'),
('2017-01-20', 81, 1, 2, b'0'),
('2017-01-20', 81, 13, 1, b'0'),
('2017-01-20', 82, 1, 1, b'1'),
('2017-01-20', 82, 1, 2, b'0'),
('2017-01-20', 82, 13, 1, b'0'),
('2017-01-20', 83, 1, 1, b'0'),
('2017-01-20', 83, 1, 2, b'0');
INSERT INTO `Record` (`Date`, `StudentId`, `SubjectId`, `Lec_no`, `PA`) VALUES
('2017-01-20', 83, 13, 1, b'0'),
('2017-01-20', 84, 1, 1, b'1'),
('2017-01-20', 84, 1, 2, b'0'),
('2017-01-20', 84, 13, 1, b'0'),
('2017-01-20', 85, 1, 1, b'1'),
('2017-01-20', 85, 1, 2, b'0'),
('2017-01-20', 85, 13, 1, b'0'),
('2017-01-20', 86, 1, 1, b'1'),
('2017-01-20', 86, 1, 2, b'0'),
('2017-01-20', 86, 13, 1, b'0'),
('2017-01-20', 87, 1, 1, b'1'),
('2017-01-20', 87, 1, 2, b'0'),
('2017-01-20', 87, 13, 1, b'0'),
('2017-01-20', 88, 1, 1, b'1'),
('2017-01-20', 88, 1, 2, b'0'),
('2017-01-20', 88, 13, 1, b'0'),
('2017-01-20', 89, 1, 1, b'1'),
('2017-01-20', 89, 1, 2, b'0'),
('2017-01-20', 89, 13, 1, b'0'),
('2017-01-20', 90, 1, 1, b'1'),
('2017-01-20', 90, 1, 2, b'0'),
('2017-01-20', 90, 13, 1, b'0'),
('2017-01-20', 91, 1, 1, b'1'),
('2017-01-20', 91, 1, 2, b'0'),
('2017-01-20', 91, 13, 1, b'0'),
('2017-01-20', 92, 1, 1, b'1'),
('2017-01-20', 92, 1, 2, b'0'),
('2017-01-20', 92, 13, 1, b'0'),
('2017-01-20', 93, 1, 1, b'1'),
('2017-01-20', 93, 1, 2, b'0'),
('2017-01-20', 93, 13, 1, b'0'),
('2017-01-20', 94, 1, 1, b'1'),
('2017-01-20', 94, 1, 2, b'0'),
('2017-01-20', 94, 13, 1, b'0'),
('2017-01-20', 95, 1, 1, b'1'),
('2017-01-20', 95, 1, 2, b'0'),
('2017-01-20', 95, 13, 1, b'0'),
('2017-01-20', 96, 1, 1, b'1'),
('2017-01-20', 96, 1, 2, b'0'),
('2017-01-20', 96, 13, 1, b'0'),
('2017-01-20', 97, 1, 1, b'1'),
('2017-01-20', 97, 1, 2, b'0'),
('2017-01-20', 97, 13, 1, b'0'),
('2017-01-20', 98, 1, 1, b'1'),
('2017-01-20', 98, 1, 2, b'0'),
('2017-01-20', 98, 13, 1, b'0'),
('2017-01-20', 99, 1, 1, b'1'),
('2017-01-20', 99, 1, 2, b'0'),
('2017-01-20', 99, 13, 1, b'0'),
('2017-01-20', 100, 1, 1, b'1'),
('2017-01-20', 100, 1, 2, b'0'),
('2017-01-20', 100, 13, 1, b'0'),
('2017-01-20', 101, 1, 1, b'1'),
('2017-01-20', 101, 1, 2, b'0'),
('2017-01-20', 101, 13, 1, b'0'),
('2017-01-20', 102, 1, 1, b'1'),
('2017-01-20', 102, 1, 2, b'0'),
('2017-01-20', 102, 13, 1, b'0'),
('2017-01-20', 103, 1, 1, b'1'),
('2017-01-20', 103, 1, 2, b'0'),
('2017-01-20', 103, 13, 1, b'0'),
('2017-01-20', 104, 1, 1, b'1'),
('2017-01-20', 104, 1, 2, b'0'),
('2017-01-20', 104, 13, 1, b'0'),
('2017-01-20', 105, 1, 1, b'1'),
('2017-01-20', 105, 1, 2, b'0'),
('2017-01-20', 105, 13, 1, b'1'),
('2017-01-20', 106, 1, 1, b'1'),
('2017-01-20', 106, 1, 2, b'0'),
('2017-01-20', 106, 13, 1, b'1'),
('2017-01-20', 107, 1, 1, b'1'),
('2017-01-20', 107, 1, 2, b'0'),
('2017-01-20', 107, 13, 1, b'1'),
('2017-01-20', 108, 1, 1, b'1'),
('2017-01-20', 108, 1, 2, b'0'),
('2017-01-20', 108, 13, 1, b'1'),
('2017-01-20', 109, 1, 1, b'1'),
('2017-01-20', 109, 1, 2, b'0'),
('2017-01-20', 109, 13, 1, b'1'),
('2017-01-20', 110, 1, 1, b'1'),
('2017-01-20', 110, 1, 2, b'0'),
('2017-01-20', 110, 13, 1, b'1'),
('2017-01-20', 111, 1, 1, b'1'),
('2017-01-20', 111, 1, 2, b'0'),
('2017-01-20', 111, 13, 1, b'1'),
('2017-01-20', 112, 1, 1, b'1'),
('2017-01-20', 112, 1, 2, b'0'),
('2017-01-20', 112, 13, 1, b'1'),
('2017-01-20', 113, 1, 1, b'1'),
('2017-01-20', 113, 1, 2, b'0'),
('2017-01-20', 113, 13, 1, b'1'),
('2017-01-20', 114, 1, 1, b'1'),
('2017-01-20', 114, 1, 2, b'0'),
('2017-01-20', 114, 13, 1, b'1'),
('2017-01-20', 115, 1, 1, b'1'),
('2017-01-20', 115, 1, 2, b'0'),
('2017-01-20', 115, 13, 1, b'1'),
('2017-01-20', 116, 1, 1, b'1'),
('2017-01-20', 116, 1, 2, b'0'),
('2017-01-20', 116, 13, 1, b'1'),
('2017-01-20', 117, 1, 1, b'1'),
('2017-01-20', 117, 1, 2, b'0'),
('2017-01-20', 117, 13, 1, b'1'),
('2017-01-20', 118, 1, 1, b'1'),
('2017-01-20', 118, 1, 2, b'0'),
('2017-01-20', 118, 13, 1, b'1'),
('2017-01-20', 119, 1, 1, b'1'),
('2017-01-20', 119, 1, 2, b'0'),
('2017-01-20', 119, 13, 1, b'1'),
('2017-01-20', 120, 1, 1, b'1'),
('2017-01-20', 120, 1, 2, b'0'),
('2017-01-20', 120, 13, 1, b'1'),
('2017-01-20', 121, 1, 1, b'1'),
('2017-01-20', 121, 1, 2, b'0'),
('2017-01-20', 121, 13, 1, b'1'),
('2017-01-20', 122, 1, 1, b'1'),
('2017-01-20', 122, 1, 2, b'0'),
('2017-01-20', 122, 13, 1, b'1'),
('2017-01-20', 123, 1, 1, b'1'),
('2017-01-20', 123, 1, 2, b'0'),
('2017-01-20', 123, 13, 1, b'1'),
('2017-01-20', 124, 1, 1, b'1'),
('2017-01-20', 124, 1, 2, b'0'),
('2017-01-20', 124, 13, 1, b'1'),
('2017-01-20', 125, 1, 1, b'1'),
('2017-01-20', 125, 1, 2, b'0'),
('2017-01-20', 125, 13, 1, b'1'),
('2017-01-20', 126, 1, 1, b'1'),
('2017-01-20', 126, 1, 2, b'0'),
('2017-01-20', 126, 13, 1, b'1'),
('2017-01-20', 127, 1, 1, b'1'),
('2017-01-20', 127, 1, 2, b'0'),
('2017-01-20', 127, 13, 1, b'1'),
('2017-01-20', 128, 1, 1, b'1'),
('2017-01-20', 128, 1, 2, b'0'),
('2017-01-20', 128, 13, 1, b'1'),
('2017-01-20', 129, 1, 1, b'1'),
('2017-01-20', 129, 1, 2, b'0'),
('2017-01-20', 129, 13, 1, b'1'),
('2017-01-20', 130, 1, 1, b'1'),
('2017-01-20', 130, 1, 2, b'0'),
('2017-01-20', 131, 1, 1, b'1'),
('2017-01-20', 131, 1, 2, b'0'),
('2017-01-20', 132, 1, 1, b'1'),
('2017-01-20', 132, 1, 2, b'0'),
('2017-01-20', 133, 1, 1, b'1'),
('2017-01-20', 133, 1, 2, b'0'),
('2017-01-20', 134, 1, 1, b'1'),
('2017-01-20', 134, 1, 2, b'0'),
('2017-01-20', 135, 1, 1, b'1'),
('2017-01-20', 135, 1, 2, b'0'),
('2017-01-20', 136, 1, 1, b'1'),
('2017-01-20', 136, 1, 2, b'0'),
('2017-01-20', 137, 1, 1, b'1'),
('2017-01-20', 137, 1, 2, b'0'),
('2017-01-20', 138, 1, 1, b'1'),
('2017-01-20', 138, 1, 2, b'0'),
('2017-01-20', 139, 1, 1, b'1'),
('2017-01-20', 139, 1, 2, b'0'),
('2017-01-20', 140, 1, 1, b'1'),
('2017-01-20', 140, 1, 2, b'0'),
('2017-01-20', 141, 1, 1, b'1'),
('2017-01-20', 141, 1, 2, b'0'),
('2017-01-20', 142, 1, 1, b'1'),
('2017-01-20', 142, 1, 2, b'0'),
('2017-01-20', 143, 1, 1, b'1'),
('2017-01-20', 143, 1, 2, b'0'),
('2017-01-20', 144, 1, 1, b'1'),
('2017-01-20', 144, 1, 2, b'0'),
('2017-01-20', 145, 1, 1, b'1'),
('2017-01-20', 145, 1, 2, b'0'),
('2017-01-20', 146, 1, 1, b'1'),
('2017-01-20', 146, 1, 2, b'0'),
('2017-01-20', 147, 1, 1, b'1'),
('2017-01-20', 147, 1, 2, b'0'),
('2017-01-20', 148, 1, 1, b'1'),
('2017-01-20', 148, 1, 2, b'0'),
('2017-01-20', 149, 1, 1, b'1'),
('2017-01-20', 149, 1, 2, b'0'),
('2017-01-20', 150, 1, 1, b'1'),
('2017-01-20', 150, 1, 2, b'0'),
('2017-01-20', 151, 1, 1, b'1'),
('2017-01-20', 151, 1, 2, b'0'),
('2017-01-20', 152, 1, 1, b'1'),
('2017-01-20', 152, 1, 2, b'0'),
('2017-01-20', 153, 1, 1, b'1'),
('2017-01-20', 153, 1, 2, b'0'),
('2017-01-20', 154, 1, 1, b'1'),
('2017-01-20', 154, 1, 2, b'0'),
('2017-01-20', 155, 1, 1, b'1'),
('2017-01-20', 155, 1, 2, b'0'),
('2017-01-20', 156, 1, 1, b'1'),
('2017-01-20', 156, 1, 2, b'0'),
('2017-01-20', 546, 1, 1, b'1'),
('2017-01-20', 546, 1, 2, b'0'),
('2017-01-21', 79, 1, 1, b'0'),
('2017-01-21', 79, 13, 1, b'0'),
('2017-01-21', 80, 1, 1, b'1'),
('2017-01-21', 80, 13, 1, b'0'),
('2017-01-21', 81, 1, 1, b'1'),
('2017-01-21', 81, 13, 1, b'0'),
('2017-01-21', 82, 1, 1, b'1'),
('2017-01-21', 82, 13, 1, b'0'),
('2017-01-21', 83, 1, 1, b'1'),
('2017-01-21', 83, 13, 1, b'0'),
('2017-01-21', 84, 1, 1, b'1'),
('2017-01-21', 84, 13, 1, b'0'),
('2017-01-21', 85, 1, 1, b'1'),
('2017-01-21', 85, 13, 1, b'0'),
('2017-01-21', 86, 1, 1, b'1'),
('2017-01-21', 86, 13, 1, b'0'),
('2017-01-21', 87, 1, 1, b'1'),
('2017-01-21', 87, 13, 1, b'0'),
('2017-01-21', 88, 1, 1, b'1'),
('2017-01-21', 88, 13, 1, b'0'),
('2017-01-21', 89, 1, 1, b'1'),
('2017-01-21', 89, 13, 1, b'0'),
('2017-01-21', 90, 1, 1, b'1'),
('2017-01-21', 90, 13, 1, b'0'),
('2017-01-21', 91, 1, 1, b'1'),
('2017-01-21', 91, 13, 1, b'0'),
('2017-01-21', 92, 1, 1, b'1'),
('2017-01-21', 92, 13, 1, b'0'),
('2017-01-21', 93, 1, 1, b'1'),
('2017-01-21', 93, 13, 1, b'0'),
('2017-01-21', 94, 1, 1, b'1'),
('2017-01-21', 94, 13, 1, b'0'),
('2017-01-21', 95, 1, 1, b'1'),
('2017-01-21', 95, 13, 1, b'0'),
('2017-01-21', 96, 1, 1, b'1'),
('2017-01-21', 96, 13, 1, b'0'),
('2017-01-21', 97, 1, 1, b'1'),
('2017-01-21', 97, 13, 1, b'0'),
('2017-01-21', 98, 1, 1, b'1'),
('2017-01-21', 98, 13, 1, b'0'),
('2017-01-21', 99, 1, 1, b'1'),
('2017-01-21', 99, 13, 1, b'0'),
('2017-01-21', 100, 1, 1, b'1'),
('2017-01-21', 100, 13, 1, b'0'),
('2017-01-21', 101, 1, 1, b'1'),
('2017-01-21', 101, 13, 1, b'0'),
('2017-01-21', 102, 1, 1, b'1'),
('2017-01-21', 102, 13, 1, b'0'),
('2017-01-21', 103, 1, 1, b'1'),
('2017-01-21', 103, 13, 1, b'0'),
('2017-01-21', 104, 1, 1, b'1'),
('2017-01-21', 104, 13, 1, b'0'),
('2017-01-21', 105, 1, 1, b'1'),
('2017-01-21', 106, 1, 1, b'1'),
('2017-01-21', 107, 1, 1, b'1'),
('2017-01-21', 108, 1, 1, b'1'),
('2017-01-21', 109, 1, 1, b'1'),
('2017-01-21', 110, 1, 1, b'1'),
('2017-01-21', 111, 1, 1, b'1'),
('2017-01-21', 112, 1, 1, b'1'),
('2017-01-21', 113, 1, 1, b'1'),
('2017-01-21', 114, 1, 1, b'1'),
('2017-01-21', 115, 1, 1, b'1'),
('2017-01-21', 116, 1, 1, b'1'),
('2017-01-21', 117, 1, 1, b'1'),
('2017-01-21', 118, 1, 1, b'1'),
('2017-01-21', 119, 1, 1, b'1'),
('2017-01-21', 120, 1, 1, b'1'),
('2017-01-21', 121, 1, 1, b'1'),
('2017-01-21', 122, 1, 1, b'1'),
('2017-01-21', 123, 1, 1, b'1'),
('2017-01-21', 124, 1, 1, b'1'),
('2017-01-21', 125, 1, 1, b'1'),
('2017-01-21', 126, 1, 1, b'1'),
('2017-01-21', 127, 1, 1, b'1'),
('2017-01-21', 128, 1, 1, b'1'),
('2017-01-21', 129, 1, 1, b'1'),
('2017-01-21', 130, 1, 1, b'1'),
('2017-01-21', 131, 1, 1, b'1'),
('2017-01-21', 132, 1, 1, b'1'),
('2017-01-21', 133, 1, 1, b'1'),
('2017-01-21', 134, 1, 1, b'1'),
('2017-01-21', 135, 1, 1, b'1'),
('2017-01-21', 136, 1, 1, b'1'),
('2017-01-21', 137, 1, 1, b'1'),
('2017-01-21', 138, 1, 1, b'1'),
('2017-01-21', 139, 1, 1, b'1'),
('2017-01-21', 140, 1, 1, b'1'),
('2017-01-21', 141, 1, 1, b'1'),
('2017-01-21', 142, 1, 1, b'1'),
('2017-01-21', 143, 1, 1, b'1'),
('2017-01-21', 144, 1, 1, b'1'),
('2017-01-21', 145, 1, 1, b'1'),
('2017-01-21', 146, 1, 1, b'1'),
('2017-01-21', 147, 1, 1, b'1'),
('2017-01-21', 148, 1, 1, b'1'),
('2017-01-21', 149, 1, 1, b'1'),
('2017-01-21', 150, 1, 1, b'1'),
('2017-01-21', 151, 1, 1, b'1'),
('2017-01-21', 152, 1, 1, b'1'),
('2017-01-21', 153, 1, 1, b'1'),
('2017-01-21', 154, 1, 1, b'1'),
('2017-01-21', 155, 1, 1, b'1'),
('2017-01-21', 156, 1, 1, b'1'),
('2017-01-21', 546, 1, 1, b'1'),
('2017-01-22', 79, 1, 1, b'1'),
('2017-01-22', 79, 13, 1, b'1'),
('2017-01-22', 80, 1, 1, b'1'),
('2017-01-22', 80, 13, 1, b'1'),
('2017-01-22', 81, 1, 1, b'1'),
('2017-01-22', 81, 13, 1, b'1'),
('2017-01-22', 82, 1, 1, b'1'),
('2017-01-22', 82, 13, 1, b'1'),
('2017-01-22', 83, 1, 1, b'1'),
('2017-01-22', 83, 13, 1, b'1'),
('2017-01-22', 84, 1, 1, b'1'),
('2017-01-22', 84, 13, 1, b'1'),
('2017-01-22', 85, 1, 1, b'1'),
('2017-01-22', 85, 13, 1, b'1'),
('2017-01-22', 86, 1, 1, b'1'),
('2017-01-22', 86, 13, 1, b'1'),
('2017-01-22', 87, 1, 1, b'1'),
('2017-01-22', 87, 13, 1, b'1'),
('2017-01-22', 88, 1, 1, b'1'),
('2017-01-22', 88, 13, 1, b'1'),
('2017-01-22', 89, 1, 1, b'1'),
('2017-01-22', 89, 13, 1, b'1'),
('2017-01-22', 90, 1, 1, b'1'),
('2017-01-22', 90, 13, 1, b'1'),
('2017-01-22', 91, 1, 1, b'1'),
('2017-01-22', 91, 13, 1, b'1'),
('2017-01-22', 92, 1, 1, b'1'),
('2017-01-22', 92, 13, 1, b'1'),
('2017-01-22', 93, 1, 1, b'1'),
('2017-01-22', 93, 13, 1, b'1'),
('2017-01-22', 94, 1, 1, b'1'),
('2017-01-22', 94, 13, 1, b'1'),
('2017-01-22', 95, 1, 1, b'1'),
('2017-01-22', 95, 13, 1, b'1'),
('2017-01-22', 96, 1, 1, b'1'),
('2017-01-22', 96, 13, 1, b'1'),
('2017-01-22', 97, 1, 1, b'1'),
('2017-01-22', 97, 13, 1, b'1'),
('2017-01-22', 98, 1, 1, b'1'),
('2017-01-22', 98, 13, 1, b'1'),
('2017-01-22', 99, 1, 1, b'1'),
('2017-01-22', 99, 13, 1, b'1'),
('2017-01-22', 100, 1, 1, b'1'),
('2017-01-22', 100, 13, 1, b'1'),
('2017-01-22', 101, 1, 1, b'1'),
('2017-01-22', 101, 13, 1, b'1'),
('2017-01-22', 102, 1, 1, b'1'),
('2017-01-22', 102, 13, 1, b'1'),
('2017-01-22', 103, 1, 1, b'1'),
('2017-01-22', 103, 13, 1, b'1'),
('2017-01-22', 104, 1, 1, b'1'),
('2017-01-22', 104, 13, 1, b'1'),
('2017-01-22', 105, 1, 1, b'1'),
('2017-01-22', 106, 1, 1, b'1'),
('2017-01-22', 107, 1, 1, b'1'),
('2017-01-22', 108, 1, 1, b'1'),
('2017-01-22', 109, 1, 1, b'1'),
('2017-01-22', 110, 1, 1, b'1'),
('2017-01-22', 111, 1, 1, b'1'),
('2017-01-22', 112, 1, 1, b'1'),
('2017-01-22', 113, 1, 1, b'1'),
('2017-01-22', 114, 1, 1, b'1'),
('2017-01-22', 115, 1, 1, b'1'),
('2017-01-22', 116, 1, 1, b'1'),
('2017-01-22', 117, 1, 1, b'1'),
('2017-01-22', 118, 1, 1, b'1'),
('2017-01-22', 119, 1, 1, b'1'),
('2017-01-22', 120, 1, 1, b'1'),
('2017-01-22', 121, 1, 1, b'1'),
('2017-01-22', 122, 1, 1, b'1'),
('2017-01-22', 123, 1, 1, b'1'),
('2017-01-22', 124, 1, 1, b'1'),
('2017-01-22', 125, 1, 1, b'1'),
('2017-01-22', 126, 1, 1, b'1'),
('2017-01-22', 127, 1, 1, b'1'),
('2017-01-22', 128, 1, 1, b'1'),
('2017-01-22', 129, 1, 1, b'1'),
('2017-01-22', 130, 1, 1, b'1'),
('2017-01-22', 131, 1, 1, b'1'),
('2017-01-22', 132, 1, 1, b'1'),
('2017-01-22', 133, 1, 1, b'1'),
('2017-01-22', 134, 1, 1, b'1'),
('2017-01-22', 135, 1, 1, b'1'),
('2017-01-22', 136, 1, 1, b'1'),
('2017-01-22', 137, 1, 1, b'1'),
('2017-01-22', 138, 1, 1, b'1'),
('2017-01-22', 139, 1, 1, b'1'),
('2017-01-22', 140, 1, 1, b'1'),
('2017-01-22', 141, 1, 1, b'1'),
('2017-01-22', 142, 1, 1, b'1'),
('2017-01-22', 143, 1, 1, b'1'),
('2017-01-22', 144, 1, 1, b'1'),
('2017-01-22', 145, 1, 1, b'1'),
('2017-01-22', 146, 1, 1, b'1'),
('2017-01-22', 147, 1, 1, b'1'),
('2017-01-22', 148, 1, 1, b'1'),
('2017-01-22', 149, 1, 1, b'1'),
('2017-01-22', 150, 1, 1, b'1'),
('2017-01-22', 151, 1, 1, b'1'),
('2017-01-22', 152, 1, 1, b'1'),
('2017-01-22', 153, 1, 1, b'1'),
('2017-01-22', 154, 1, 1, b'1'),
('2017-01-22', 155, 1, 1, b'1'),
('2017-01-22', 156, 1, 1, b'1'),
('2017-01-22', 546, 1, 1, b'1'),
('2017-01-23', 79, 1, 1, b'0'),
('2017-01-23', 80, 1, 1, b'0'),
('2017-01-23', 81, 1, 1, b'0'),
('2017-01-23', 82, 1, 1, b'0'),
('2017-01-23', 83, 1, 1, b'0'),
('2017-01-23', 84, 1, 1, b'0'),
('2017-01-23', 85, 1, 1, b'0'),
('2017-01-23', 86, 1, 1, b'0'),
('2017-01-23', 87, 1, 1, b'0'),
('2017-01-23', 88, 1, 1, b'0'),
('2017-01-23', 89, 1, 1, b'0'),
('2017-01-23', 90, 1, 1, b'0'),
('2017-01-23', 91, 1, 1, b'0'),
('2017-01-23', 92, 1, 1, b'0'),
('2017-01-23', 93, 1, 1, b'0'),
('2017-01-23', 94, 1, 1, b'0'),
('2017-01-23', 95, 1, 1, b'0'),
('2017-01-23', 96, 1, 1, b'0'),
('2017-01-23', 97, 1, 1, b'0'),
('2017-01-23', 98, 1, 1, b'0'),
('2017-01-23', 99, 1, 1, b'0'),
('2017-01-23', 100, 1, 1, b'0'),
('2017-01-23', 101, 1, 1, b'0'),
('2017-01-23', 102, 1, 1, b'0'),
('2017-01-23', 103, 1, 1, b'0'),
('2017-01-23', 104, 1, 1, b'0'),
('2017-01-23', 105, 1, 1, b'0'),
('2017-01-23', 106, 1, 1, b'0'),
('2017-01-23', 107, 1, 1, b'0'),
('2017-01-23', 108, 1, 1, b'0'),
('2017-01-23', 109, 1, 1, b'0'),
('2017-01-23', 110, 1, 1, b'0'),
('2017-01-23', 111, 1, 1, b'0'),
('2017-01-23', 112, 1, 1, b'0'),
('2017-01-23', 113, 1, 1, b'0'),
('2017-01-23', 114, 1, 1, b'0'),
('2017-01-23', 115, 1, 1, b'0'),
('2017-01-23', 116, 1, 1, b'0'),
('2017-01-23', 117, 1, 1, b'0'),
('2017-01-23', 118, 1, 1, b'0'),
('2017-01-23', 119, 1, 1, b'0'),
('2017-01-23', 120, 1, 1, b'0'),
('2017-01-23', 121, 1, 1, b'0'),
('2017-01-23', 122, 1, 1, b'0'),
('2017-01-23', 123, 1, 1, b'0'),
('2017-01-23', 124, 1, 1, b'0'),
('2017-01-23', 125, 1, 1, b'0'),
('2017-01-23', 126, 1, 1, b'0'),
('2017-01-23', 127, 1, 1, b'0'),
('2017-01-23', 128, 1, 1, b'0'),
('2017-01-23', 129, 1, 1, b'0'),
('2017-01-23', 130, 1, 1, b'0'),
('2017-01-23', 131, 1, 1, b'0'),
('2017-01-23', 132, 1, 1, b'0'),
('2017-01-23', 133, 1, 1, b'0'),
('2017-01-23', 134, 1, 1, b'0'),
('2017-01-23', 135, 1, 1, b'0'),
('2017-01-23', 136, 1, 1, b'0'),
('2017-01-23', 137, 1, 1, b'0'),
('2017-01-23', 138, 1, 1, b'0'),
('2017-01-23', 139, 1, 1, b'0'),
('2017-01-23', 140, 1, 1, b'0'),
('2017-01-23', 141, 1, 1, b'0'),
('2017-01-23', 142, 1, 1, b'0'),
('2017-01-23', 143, 1, 1, b'0'),
('2017-01-23', 144, 1, 1, b'0'),
('2017-01-23', 145, 1, 1, b'0'),
('2017-01-23', 146, 1, 1, b'0'),
('2017-01-23', 147, 1, 1, b'0'),
('2017-01-23', 148, 1, 1, b'0'),
('2017-01-23', 149, 1, 1, b'0'),
('2017-01-23', 150, 1, 1, b'0'),
('2017-01-23', 151, 1, 1, b'0'),
('2017-01-23', 152, 1, 1, b'0'),
('2017-01-23', 153, 1, 1, b'0'),
('2017-01-23', 154, 1, 1, b'0'),
('2017-01-23', 155, 1, 1, b'0'),
('2017-01-23', 156, 1, 1, b'0'),
('2017-01-23', 546, 1, 1, b'0');

-- --------------------------------------------------------

--
-- Table structure for table `Staff`
--

CREATE TABLE `Staff` (
  `StaffId` int(10) NOT NULL,
  `Name` varchar(100) NOT NULL,
  `Gender` bit(1) NOT NULL,
  `Email` varchar(255) NOT NULL,
  `Username` varchar(20) NOT NULL,
  `Salt` varchar(255) NOT NULL,
  `RegisterTime` timestamp NOT NULL DEFAULT CURRENT_TIMESTAMP,
  `Role` bit(1) NOT NULL DEFAULT b'0'
) ENGINE=InnoDB DEFAULT CHARSET=latin1;

--
-- Dumping data for table `Staff`
--

INSERT INTO `Staff` (`StaffId`, `Name`, `Gender`, `Email`, `Username`, `Salt`, `RegisterTime`, `Role`) VALUES
(2, 'Rohan', b'1', 'rjagiasi@gmail.com', 'admin', '$1$/0Ww2V.X$P3zB5wCsNNGGLxKQik8wH1', '2016-03-10 08:56:34', b'1'),
(3, 'R J', b'1', 'rohan.jagiasi@ves.ac.in', 'abc_def', '$1$p.6OJywb$8jhRXy.bqhOBjcOKcqO1W/', '2016-03-14 14:44:20', b'0'),
(46, 'ahxbsckjab', b'1', 'rjagiasi@yahoo.com', 'abc_defg', '$1$Wo2sTRMn$MEBvBg14CGnQtcwdd3gUy/', '2016-03-14 17:52:50', b'0'),
(49, 'a', b'1', 'a@b.com', 'abc_defgh', '$1$D3MY6f3W$xKOeEfa9k3fNjhwBh/yHU1', '2016-03-22 14:18:12', b'0'),
(74, 'a', b'1', 'a@b.cdsd', 'abc_defghij', '$1$r2TAGYA6$Be.U5cFxtGxMDHHcGQnin/', '2016-03-24 14:37:44', b'0'),
(75, 'a', b'1', 'a@b.cdhgf', 'ab_udjshuio', '$1$aC7Xsikp$U12TDhzCKJ.9YDNsqOQnh.', '2016-03-24 15:22:32', b'0'),
(76, 'a', b'1', 'a@b.cdef', 'abcd_ef', '$1$ZyRakLsN$pNySfEqRxF3lQpAAOfEw6/', '2016-03-25 04:56:04', b'0'),
(78, 'Raj R', b'1', 'abc.def@example.com', 'rajramch', '$1$DYB3nuZQ$s8vfPciqBvs0F3NH5.JT/0', '2016-03-25 15:09:18', b'0'),
(79, 'a', b'1', 'a@b.cutjf', 'abc_defsrgw', '$1$PuORACmJ$0XCa0uxyi99.cefhcU7Q01', '2016-03-26 16:18:38', b'0'),
(82, 'dsfds', b'0', 'roah.ajhs@abc.com', 'inft_rjdsaa', '$1$IdM4b.A1$23tv7k.HiM13TdF0OiCwG.', '2017-01-12 16:23:03', b'0'),
(85, 'dsfds', b'0', 'roah.ajhs@abc.comzdxfc', 'inft_rjdsaaaa', '$1$G82ltOoW$TKRPCLam8Zs9GI5VVjeSt/', '2017-01-12 16:23:30', b'0');

-- --------------------------------------------------------

--
-- Table structure for table `Student`
--

CREATE TABLE `Student` (
  `StudentId` int(10) NOT NULL,
  `Name` varchar(100) NOT NULL,
  `ClassId` int(10) NOT NULL,
  `RollNo` int(3) NOT NULL
) ENGINE=InnoDB DEFAULT CHARSET=latin1;

--
-- Dumping data for table `Student`
--

INSERT INTO `Student` (`StudentId`, `Name`, `ClassId`, `RollNo`) VALUES
(79, 'Agarwal Chayan Dilip Jyoti', 1, 1),
(80, 'Ahuja Jitesh Hareshlal Rachna', 1, 2),
(81, 'Ahuja Pratik Deepak Vinitha', 1, 3),
(82, 'Ambavane Arpita Anil Seema', 1, 4),
(83, 'Chanchlani Sahil Anil Mamta', 1, 5),
(84, 'Chandiramani Jeetiksha Jagdish Uma', 1, 6),
(85, 'Chawla Girish Ajitlal Manisha', 1, 7),
(86, 'Chhabria Rashmi Sunil Tejal', 1, 8),
(87, 'Chhabria Sonia Vinod Payal', 1, 9),
(88, 'Daryani Sonia Haresh Renu', 1, 10),
(89, 'Dayaramani Kunal Ashokkumar Kiran', 1, 11),
(90, 'Dharne Ankita Yashavant Vijaya', 1, 12),
(91, 'Fatnani Amit jayant Chandni', 1, 13),
(92, 'Gaikwad Laukik Deepak Pooja', 1, 14),
(93, 'Gaikwad Vaibhav Ramdas Ratika', 1, 15),
(94, 'Gavane Aditya Jayant Sangeeta', 1, 16),
(95, 'Ghosalkar Shubham Sudesh Shraddha', 1, 17),
(96, 'Goyal Vaibhav Shailandra Daya', 1, 18),
(97, 'Gulrajani Arpan Pralhad Meera', 1, 19),
(98, 'Gurumurthy Ajay Sujatha', 1, 20),
(99, 'Harjani Neeraj Haresh Renu', 1, 21),
(100, 'Hindalekar Siddhesh Deepak Vanita', 1, 22),
(101, 'Hinduja Jai Ravindra Bharati', 1, 23),
(102, 'Holla Sooraj Vaman Jayalakshmi', 1, 24),
(103, 'Jagiasi Rohan Mahesh Ritu', 1, 25),
(104, 'Jaisinghani Anjali Chander Varsha', 1, 26),
(105, 'Jethwani Nikhil Vijay Anita', 1, 27),
(106, 'Jetwani Aniket Pradeep Bhavna', 1, 28),
(107, 'Jhawar Raghav Sandeepkumar Kiran', 1, 29),
(108, 'Juvekar Kalpesh Deepak Dipali', 1, 30),
(109, 'Kalla Ayush Opendra Arti', 1, 31),
(110, 'Karda Uddesh Narayan Divya', 1, 32),
(111, 'Karle Nihar Girish Dipali', 1, 33),
(112, 'Katkar Akash Nitin Rakhi', 1, 34),
(113, 'Kesharwani Ankit Ramdas Usha', 1, 35),
(114, 'Kewlani Dhiren Jagdish Vanita', 1, 36),
(115, 'Khatwani Bhavna Rajesh Sonal', 1, 37),
(116, 'Khiani Akash Gopal Kajal', 1, 38),
(117, 'Kogta Sushil Satish Rajashree', 1, 39),
(118, 'Kulal Punit Sukumar Premalatha', 1, 40),
(119, 'Lalwani Rohit Rameshlal Bhavna', 1, 41),
(120, 'Lilani Akshaykumar Jagdish Vinita', 1, 42),
(121, 'Mhadnak Siddhesh Satish Sunita', 1, 43),
(122, 'Mirjankar Siddhesh Nitin Anita', 1, 44),
(123, 'Motwani Jayesh Naresh Divya', 1, 45),
(124, 'Motwani Ram Naresh Pushpa', 1, 46),
(125, 'Murpana Karan Vijay Mala', 1, 47),
(126, 'Nagpal Jayesh Harish Reshma', 1, 48),
(127, 'Nighot Aniket Prakash Surekha', 1, 49),
(128, 'Parab Ameya Dattaram Shubhada', 1, 50),
(129, 'Parwani Mahesh Suresh Kanchan', 1, 51),
(130, 'Popat Payal Dipak Arti', 1, 52),
(131, 'Purswani Juhi Deepak Kiran', 1, 53),
(132, 'Raghuwanshi Radhika Rajendra Geeta', 1, 54),
(133, 'Rajpal Simran Prakash Vinita', 1, 55),
(134, 'Ramchandani Raj Mahesh Neha', 1, 56),
(135, 'Rohra Nitin Rajesh Sonia', 1, 57),
(136, 'Rupani Dinesh Dilip Vinita', 1, 58),
(137, 'Sajnani Shikha Gurmukh Varsha', 1, 59),
(138, 'Sapla Sumeet Gobindram Lata', 1, 60),
(139, 'Sayyed Ashraf Hussain ', 1, 61),
(140, 'Shah Krima Nikesh Shilpa', 1, 62),
(141, 'Shaha Aarju Rahim Faridabanu', 1, 63),
(142, 'Shahani Hitesh Dayal Vidya', 1, 64),
(143, 'Shetty Rahul Jayaram Ahalya', 1, 65),
(144, 'Singh Pooja Vijaykumar Sarla', 1, 66),
(145, 'Solanki Miten Chandulal Rita', 1, 67),
(146, 'Srinivasan Krithika Sanjay Radhika', 1, 68),
(147, 'Tilwani Pawan Dilip Varsha', 1, 69),
(148, 'Tripathi Saurabh Rameshkumar Dipti', 1, 70),
(149, 'Turshani Deepa Khemaldas Mohini', 1, 71),
(150, 'Valecha Abhinav Vinod Manisha', 1, 72),
(151, 'Wadhwa Rohit Dilipkumar kanchan', 1, 73),
(152, 'Wagle Sushant Surendra Supriya', 1, 74),
(153, 'Wani Anjali Ananth Anagha', 1, 75),
(154, 'Yadav Rajeevkumar Shridhar Malti', 1, 76),
(155, 'Yadav Ravi Shyamnarayan Savita', 1, 77),
(156, 'Yedelli Rohini Dhananjay Lavanya', 1, 78),
(388, 'NIKHIL AHUJA', 7, 1),
(389, 'POOJA AHUJA', 7, 2),
(390, 'AJIT KRISHNAMOORTHY', 7, 3),
(391, 'ARUN VENKATACHALAM', 7, 4),
(392, 'MOHIT ASRANI', 7, 5),
(393, 'AMIT BADLANI', 7, 6),
(394, 'BALAJI VELMANI', 7, 7),
(395, 'KANWALJEET SINGH', 7, 8),
(396, 'ADITYA BHANAGE', 7, 9),
(397, 'YASH BHATIA', 7, 10),
(398, 'AJAY BUDHWANI', 7, 11),
(399, 'MOHIT SINGH CHAUHAN', 7, 12),
(400, 'CHINMAY CHITALE', 7, 13),
(401, 'MAHEK CHOUDHARY', 7, 14),
(402, 'RHEA CHOUDHRY', 7, 15),
(403, 'MALVIKA DAGDU', 7, 16),
(404, 'KEYUR DASWANI', 7, 17),
(405, 'RAHUL DATIR', 7, 18),
(406, 'DEEPAK DESAI', 7, 19),
(407, 'KEDAR DESHPANDE', 7, 20),
(408, 'PIYUSH DEVIKAR', 7, 21),
(409, 'AKSHAY DHOK', 7, 22),
(410, 'SRISHTI DUBEY', 7, 23),
(411, 'ASHWITA FERNANDES', 7, 24),
(412, 'NALIN GANGANI', 7, 25),
(413, 'AKSHATA GUPTA', 7, 26),
(414, 'ASHWINI KUMAR GUPTA', 7, 27),
(415, 'PRACHI GUPTA', 7, 28),
(416, 'RITESH HARIANI', 7, 29),
(417, 'MAHEK HARWANI', 7, 30),
(418, 'NIKHIL HASSANANDANI', 7, 31),
(419, 'SAURABH JADHAV', 7, 32),
(420, 'VISHAL JADHAV', 7, 33),
(421, 'SUPRATIM KAMAT', 7, 34),
(422, 'KHAN AAMIR KHALID', 7, 35),
(423, 'KHAN MOHAMMAD ABUHUJAIR', 7, 36),
(424, 'MAYUR KISHNANI', 7, 37),
(425, 'SOUMYA KOMMAJOSYULA', 7, 38),
(426, 'NAVIN KUKREJA', 7, 39),
(427, 'DEEPAK MALIK', 7, 40),
(428, 'TARUN MANGTANI', 7, 41),
(429, 'GAURAV MOTIHAR', 7, 42),
(430, 'ABHISHEK NAMBIAR', 7, 43),
(431, 'SURAJ NANWANI', 7, 44),
(432, 'MAYUR NEVE', 7, 45),
(433, 'RAHUL OCHANI', 7, 46),
(434, 'HARSHAL PATIL', 7, 47),
(435, 'SUJAY PAWAR', 7, 48),
(436, 'CHINMAYEE PUROHIT', 7, 49),
(437, 'NISHIT RAO', 7, 50),
(438, 'RISHABH RIZWANI', 7, 51),
(439, 'ROHAN MOHANDAS', 7, 52),
(440, 'ROHIT SREEDHAR', 7, 53),
(441, 'SAKSHI ROHRA', 7, 54),
(442, 'KHUSHAL SAHITA', 7, 55),
(443, 'SAISANKAR SITARAMAN', 7, 56),
(444, 'TITEEKSHA SATHE', 7, 57),
(445, 'PRARTHANA SHAH', 7, 58),
(446, 'AYUSH SHAMBUWANI', 7, 59),
(447, 'NEEL SHANBHAG', 7, 60),
(448, 'SHREYASH SHELAR', 7, 61),
(449, 'AKSHAY SHETTY', 7, 62),
(450, 'NIKHIL SHETTY', 7, 63),
(451, 'RICHA SHETTY', 7, 64),
(452, 'SLISHAA SHETTY', 7, 65),
(453, 'ANU SINGHAL', 7, 66),
(454, 'WAIBHAV SONEWALE', 7, 67),
(455, 'SUPRIYA SURESH', 7, 68),
(456, 'HARSHAL TALELE', 7, 69),
(457, 'JITESH VIJAYKUMAR', 7, 70),
(458, 'PIYUSH THORAVAT', 7, 71),
(459, 'PRAGATI TRIPATHI', 7, 72),
(460, 'ABHINAV VARMA', 7, 73),
(461, 'KARAN WADHWA', 7, 74),
(462, 'SHIVAM WALANJ', 7, 75),
(463, 'SUCHITA WANI', 7, 76),
(464, 'MANISHA REDDY', 7, 77),
(546, 'asXA', 1, 80);

-- --------------------------------------------------------

--
-- Table structure for table `Subjects`
--

CREATE TABLE `Subjects` (
  `SubjectId` int(10) NOT NULL,
  `Name` varchar(20) NOT NULL,
  `ClassId` int(10) NOT NULL,
  `LectorLab` bit(1) NOT NULL DEFAULT b'0'
) ENGINE=InnoDB DEFAULT CHARSET=latin1;

--
-- Dumping data for table `Subjects`
--

INSERT INTO `Subjects` (`SubjectId`, `Name`, `ClassId`, `LectorLab`) VALUES
(1, 'WP', 1, b'0'),
(2, 'AT', 1, b'0'),
(4, 'AE2', 7, b'0'),
(5, 'SNS', 7, b'0'),
(13, 'WP_LAB', 1, b'1'),
(14, 'AE2_LAB', 7, b'1'),
(15, 'AT_LAB', 1, b'1'),
(16, 'CN_LAB', 1, b'1'),
(17, 'COA_LAB', 1, b'1');

-- --------------------------------------------------------

--
-- Structure for view `NOL`
--
DROP TABLE IF EXISTS `NOL`;

CREATE ALGORITHM=UNDEFINED DEFINER=`root`@`localhost` SQL SECURITY DEFINER VIEW `NOL`  AS  (select `Subjects`.`Name` AS `Name`,`Subjects`.`ClassId` AS `ClassId`,`Subjects`.`SubjectId` AS `SubjectId`,count(distinct `Record`.`Date`) AS `nooflect` from (`Subjects` join `Record` on((`Subjects`.`SubjectId` = `Record`.`SubjectId`))) group by `Record`.`SubjectId`) ;

--
-- Indexes for dumped tables
--

--
-- Indexes for table `Cancelled`
--
ALTER TABLE `Cancelled`
  ADD UNIQUE KEY `StaffId` (`StaffId`,`SubjectId`,`Date`),
  ADD KEY `SubjectId` (`SubjectId`);

--
-- Indexes for table `Class`
--
ALTER TABLE `Class`
  ADD PRIMARY KEY (`ClassId`),
  ADD UNIQUE KEY `Name` (`Name`),
  ADD KEY `DeptId` (`DeptId`);

--
-- Indexes for table `Department`
--
ALTER TABLE `Department`
  ADD PRIMARY KEY (`DeptId`),
  ADD UNIQUE KEY `Name` (`Name`);

--
-- Indexes for table `Labs`
--
ALTER TABLE `Labs`
  ADD PRIMARY KEY (`LabId`),
  ADD UNIQUE KEY `SubjectId` (`SubjectId`,`BatchId`),
  ADD KEY `StaffId` (`StaffId`);

--
-- Indexes for table `LabStudent`
--
ALTER TABLE `LabStudent`
  ADD UNIQUE KEY `SubjectId` (`ClassId`,`StudentId`),
  ADD KEY `LabId` (`BatchId`),
  ADD KEY `StudentId` (`StudentId`);

--
-- Indexes for table `Lectures`
--
ALTER TABLE `Lectures`
  ADD UNIQUE KEY `SubjectId` (`SubjectId`),
  ADD KEY `ClassId` (`StaffId`);

--
-- Indexes for table `Notifs`
--
ALTER TABLE `Notifs`
  ADD UNIQUE KEY `SubjectId_2` (`SubjectId`,`DateMissed`,`StaffId`),
  ADD KEY `StaffId` (`StaffId`);

--
-- Indexes for table `Record`
--
ALTER TABLE `Record`
  ADD PRIMARY KEY (`Date`,`StudentId`,`SubjectId`,`Lec_no`) USING BTREE,
  ADD KEY `StudentId` (`StudentId`,`SubjectId`),
  ADD KEY `Record_ibfk_2` (`SubjectId`);

--
-- Indexes for table `Staff`
--
ALTER TABLE `Staff`
  ADD PRIMARY KEY (`StaffId`),
  ADD UNIQUE KEY `Email` (`Email`),
  ADD UNIQUE KEY `Username` (`Username`);

--
-- Indexes for table `Student`
--
ALTER TABLE `Student`
  ADD PRIMARY KEY (`StudentId`),
  ADD UNIQUE KEY `ClassId` (`ClassId`,`RollNo`);

--
-- Indexes for table `Subjects`
--
ALTER TABLE `Subjects`
  ADD PRIMARY KEY (`SubjectId`),
  ADD UNIQUE KEY `Name` (`Name`),
  ADD KEY `ClassId` (`ClassId`);

--
-- AUTO_INCREMENT for dumped tables
--

--
-- AUTO_INCREMENT for table `Class`
--
ALTER TABLE `Class`
  MODIFY `ClassId` int(10) NOT NULL AUTO_INCREMENT, AUTO_INCREMENT=11;
--
-- AUTO_INCREMENT for table `Department`
--
ALTER TABLE `Department`
  MODIFY `DeptId` int(10) NOT NULL AUTO_INCREMENT, AUTO_INCREMENT=5;
--
-- AUTO_INCREMENT for table `Labs`
--
ALTER TABLE `Labs`
  MODIFY `LabId` int(10) NOT NULL AUTO_INCREMENT, AUTO_INCREMENT=10;
--
-- AUTO_INCREMENT for table `Staff`
--
ALTER TABLE `Staff`
  MODIFY `StaffId` int(10) NOT NULL AUTO_INCREMENT, AUTO_INCREMENT=86;
--
-- AUTO_INCREMENT for table `Student`
--
ALTER TABLE `Student`
  MODIFY `StudentId` int(10) NOT NULL AUTO_INCREMENT, AUTO_INCREMENT=547;
--
-- AUTO_INCREMENT for table `Subjects`
--
ALTER TABLE `Subjects`
  MODIFY `SubjectId` int(10) NOT NULL AUTO_INCREMENT, AUTO_INCREMENT=18;
--
-- Constraints for dumped tables
--

--
-- Constraints for table `Cancelled`
--
ALTER TABLE `Cancelled`
  ADD CONSTRAINT `Cancelled_ibfk_1` FOREIGN KEY (`StaffId`) REFERENCES `Staff` (`StaffId`),
  ADD CONSTRAINT `Cancelled_ibfk_2` FOREIGN KEY (`SubjectId`) REFERENCES `Subjects` (`SubjectId`);

--
-- Constraints for table `Class`
--
ALTER TABLE `Class`
  ADD CONSTRAINT `Class_ibfk_1` FOREIGN KEY (`DeptId`) REFERENCES `Department` (`DeptId`);

--
-- Constraints for table `Labs`
--
ALTER TABLE `Labs`
  ADD CONSTRAINT `Labs_ibfk_1` FOREIGN KEY (`SubjectId`) REFERENCES `Subjects` (`SubjectId`) ON DELETE CASCADE,
  ADD CONSTRAINT `Labs_ibfk_2` FOREIGN KEY (`StaffId`) REFERENCES `Staff` (`StaffId`);

--
-- Constraints for table `LabStudent`
--
ALTER TABLE `LabStudent`
  ADD CONSTRAINT `LabStudent_ibfk_2` FOREIGN KEY (`ClassId`) REFERENCES `Class` (`ClassId`),
  ADD CONSTRAINT `LabStudent_ibfk_3` FOREIGN KEY (`StudentId`) REFERENCES `Student` (`StudentId`);

--
-- Constraints for table `Lectures`
--
ALTER TABLE `Lectures`
  ADD CONSTRAINT `Lectures_ibfk_1` FOREIGN KEY (`SubjectId`) REFERENCES `Subjects` (`SubjectId`) ON DELETE CASCADE,
  ADD CONSTRAINT `Lectures_ibfk_3` FOREIGN KEY (`StaffId`) REFERENCES `Staff` (`StaffId`);

--
-- Constraints for table `Notifs`
--
ALTER TABLE `Notifs`
  ADD CONSTRAINT `Notifs_ibfk_1` FOREIGN KEY (`SubjectId`) REFERENCES `Subjects` (`SubjectId`) ON DELETE CASCADE,
  ADD CONSTRAINT `Notifs_ibfk_2` FOREIGN KEY (`StaffId`) REFERENCES `Staff` (`StaffId`);

--
-- Constraints for table `Record`
--
ALTER TABLE `Record`
  ADD CONSTRAINT `Record_ibfk_1` FOREIGN KEY (`StudentId`) REFERENCES `Student` (`StudentId`) ON DELETE CASCADE ON UPDATE CASCADE,
  ADD CONSTRAINT `Record_ibfk_2` FOREIGN KEY (`SubjectId`) REFERENCES `Subjects` (`SubjectId`) ON DELETE CASCADE ON UPDATE CASCADE;

--
-- Constraints for table `Student`
--
ALTER TABLE `Student`
  ADD CONSTRAINT `Student_ibfk_1` FOREIGN KEY (`ClassId`) REFERENCES `Class` (`ClassId`);

--
-- Constraints for table `Subjects`
--
ALTER TABLE `Subjects`
  ADD CONSTRAINT `Subjects_ibfk_1` FOREIGN KEY (`ClassId`) REFERENCES `Class` (`ClassId`);

/*!40101 SET CHARACTER_SET_CLIENT=@OLD_CHARACTER_SET_CLIENT */;
/*!40101 SET CHARACTER_SET_RESULTS=@OLD_CHARACTER_SET_RESULTS */;
/*!40101 SET COLLATION_CONNECTION=@OLD_COLLATION_CONNECTION */;
